arm,seed,episode,eval_seed,total_reward,episode_length,success,max_step_reached,target_steps,final_x,final_y,final_z,max_z,terminated_unhealthy,run_dir,model_path
s2_base,42,1,123,16251.253322601318,1000,True,8,8,11.743360884813308,0.2250672115705834,2.118443637864898,2.1528554821492945,False,outputs_best/2025-12-06/17-36-50,outputs_best/2025-12-06/17-36-50/eval/best_model.zip
s2_base,42,2,123,16145.58475780487,1000,True,8,8,11.466431478337235,0.3067105067577458,2.1154450357499437,2.1502504193147955,False,outputs_best/2025-12-06/17-36-50,outputs_best/2025-12-06/17-36-50/eval/best_model.zip
s2_base,42,3,123,16355.95951139927,989,True,8,8,13.833288891889735,0.17976667639470378,1.7987243881592956,2.1693396610579168,True,outputs_best/2025-12-06/17-36-50,outputs_best/2025-12-06/17-36-50/eval/best_model.zip
s2_base,42,4,123,16427.071367263794,1000,True,8,8,13.437150163210154,-0.16814087409461037,2.0985487757221484,2.155466861222365,False,outputs_best/2025-12-06/17-36-50,outputs_best/2025-12-06/17-36-50/eval/best_model.zip
s2_base,42,5,123,11701.577755451202,720,True,8,8,8.661578940751491,-0.7065793196921587,1.7724059369921836,2.081621412028425,True,outputs_best/2025-12-06/17-36-50,outputs_best/2025-12-06/17-36-50/eval/best_model.zip
s2_base,42,6,123,13416.195718884468,830,True,8,8,9.68790522028194,-1.9489282861374206,1.798322433600802,2.173322442133192,True,outputs_best/2025-12-06/17-36-50,outputs_best/2025-12-06/17-36-50/eval/best_model.zip
s2_base,42,7,123,16302.453960418701,1000,True,8,8,13.084020302250726,-0.7184292287734796,2.1310385230472804,2.14510288123161,False,outputs_best/2025-12-06/17-36-50,outputs_best/2025-12-06/17-36-50/eval/best_model.zip
s2_base,42,8,123,16309.22223854065,1000,True,8,8,12.090390645095633,0.44594906860374917,2.1278792019080677,2.1640839365812976,False,outputs_best/2025-12-06/17-36-50,outputs_best/2025-12-06/17-36-50/eval/best_model.zip
s2_base,42,9,123,16428.274799346924,1000,True,8,8,13.180505646527102,-0.17333239934344044,2.1189438525175417,2.145696130301244,False,outputs_best/2025-12-06/17-36-50,outputs_best/2025-12-06/17-36-50/eval/best_model.zip
s2_base,42,10,123,16271.05422091484,984,True,8,8,13.808099687720139,0.22584964034240765,1.7733324953235128,2.1485199831259827,True,outputs_best/2025-12-06/17-36-50,outputs_best/2025-12-06/17-36-50/eval/best_model.zip
s2_base,42,11,123,16234.29287147522,1000,True,8,8,11.672108965012558,0.26208889234429533,2.1232733213789485,2.1573591860464494,False,outputs_best/2025-12-06/17-36-50,outputs_best/2025-12-06/17-36-50/eval/best_model.zip
s2_base,42,12,123,16435.772176742554,1000,True,8,8,13.279804034951335,0.6155447400688625,2.104856828822728,2.1543841979772758,False,outputs_best/2025-12-06/17-36-50,outputs_best/2025-12-06/17-36-50/eval/best_model.zip
s2_base,42,13,123,16404.019411087036,1000,True,8,8,13.491000623653463,-0.30998143711279463,2.1206267248905073,2.150428390651564,False,outputs_best/2025-12-06/17-36-50,outputs_best/2025-12-06/17-36-50/eval/best_model.zip
s2_base,42,14,123,743.2606712533161,50,False,0,8,0.1817039046832726,0.06545698595472575,0.9648120216273398,1.4059618121434467,True,outputs_best/2025-12-06/17-36-50,outputs_best/2025-12-06/17-36-50/eval/best_model.zip
s2_base,42,15,123,16449.115625977516,1000,True,8,8,13.842547290390295,0.6154875919619573,1.7753648909436686,2.149472648235597,True,outputs_best/2025-12-06/17-36-50,outputs_best/2025-12-06/17-36-50/eval/best_model.zip
s2_base,42,16,123,16351.284176826477,1000,True,8,8,13.064053178488068,-1.0347314540567318,2.1249999783196634,2.1559763590845322,False,outputs_best/2025-12-06/17-36-50,outputs_best/2025-12-06/17-36-50/eval/best_model.zip
s2_base,42,17,123,16420.797092437744,1000,True,8,8,13.30633705693306,0.41741622831725356,2.121586187326932,2.146139107409697,False,outputs_best/2025-12-06/17-36-50,outputs_best/2025-12-06/17-36-50/eval/best_model.zip
s2_base,42,18,123,16398.545248031616,1000,True,8,8,13.687635691340864,1.0264369704692209,2.020007963612386,2.15451946175206,False,outputs_best/2025-12-06/17-36-50,outputs_best/2025-12-06/17-36-50/eval/best_model.zip
s2_base,42,19,123,16065.108620166779,969,True,8,8,14.002741310179108,0.39158208235368913,1.7656657626429557,2.147927459032482,True,outputs_best/2025-12-06/17-36-50,outputs_best/2025-12-06/17-36-50/eval/best_model.zip
s2_base,42,20,123,13201.073554515839,797,True,8,8,11.357499040643964,1.945538591232609,1.7928682678257293,2.2119507256624242,True,outputs_best/2025-12-06/17-36-50,outputs_best/2025-12-06/17-36-50/eval/best_model.zip
s2_base,42,21,123,16481.509779930115,1000,True,8,8,13.373760468802542,-0.023663551715274275,2.1358433643653942,2.1553762839707917,False,outputs_best/2025-12-06/17-36-50,outputs_best/2025-12-06/17-36-50/eval/best_model.zip
s2_base,42,22,123,16388.53255701065,996,True,8,8,13.860357793763214,-0.639948296638126,1.7868189948940185,2.145179170104992,True,outputs_best/2025-12-06/17-36-50,outputs_best/2025-12-06/17-36-50/eval/best_model.zip
s2_base,42,23,123,16373.41740989685,1000,True,8,8,12.767737175289001,-0.16061834407694794,2.1123320416869946,2.14514225236373,False,outputs_best/2025-12-06/17-36-50,outputs_best/2025-12-06/17-36-50/eval/best_model.zip
s2_base,42,24,123,16182.184349060059,1000,True,8,8,11.524781034993124,0.5899445294903943,2.118392593849739,2.144541729736522,False,outputs_best/2025-12-06/17-36-50,outputs_best/2025-12-06/17-36-50/eval/best_model.zip
s2_base,42,25,123,16518.407229423523,1000,True,8,8,13.738930238566084,0.4043671177784062,1.9529764355750254,2.1461600708993807,False,outputs_best/2025-12-06/17-36-50,outputs_best/2025-12-06/17-36-50/eval/best_model.zip
s2_base,42,26,123,16292.662433624268,1000,True,8,8,12.203847516841028,0.0934312408921094,2.1266810665432154,2.1661706952831525,False,outputs_best/2025-12-06/17-36-50,outputs_best/2025-12-06/17-36-50/eval/best_model.zip
s2_base,42,27,123,16111.830779790878,983,True,8,8,13.815074718300341,-0.9113404742535572,1.786750806071419,2.153786643364798,True,outputs_best/2025-12-06/17-36-50,outputs_best/2025-12-06/17-36-50/eval/best_model.zip
s2_base,42,28,123,16221.212834358215,1000,True,8,8,11.849605075421431,-0.20633767120503932,2.127001370885799,2.1508365998046615,False,outputs_best/2025-12-06/17-36-50,outputs_best/2025-12-06/17-36-50/eval/best_model.zip
s2_base,42,29,123,2704.4832968711853,189,False,0,8,-0.362538812838117,0.20927609500335498,0.9935466191933278,1.4050295182052792,True,outputs_best/2025-12-06/17-36-50,outputs_best/2025-12-06/17-36-50/eval/best_model.zip
s2_base,42,30,123,16518.937710762024,1000,True,8,8,13.700178694661068,0.06194534122018933,1.9705019374894932,2.1546300047487468,False,outputs_best/2025-12-06/17-36-50,outputs_best/2025-12-06/17-36-50/eval/best_model.zip
s2_base,42,31,123,16503.158779144287,1000,True,8,8,13.595926802050732,0.09675575830696367,2.1119244467490446,2.167836288412055,False,outputs_best/2025-12-06/17-36-50,outputs_best/2025-12-06/17-36-50/eval/best_model.zip
s2_base,42,32,123,16392.005791664124,1000,True,8,8,12.830749632628752,0.38576377041658416,2.1319214253945975,2.156008278161476,False,outputs_best/2025-12-06/17-36-50,outputs_best/2025-12-06/17-36-50/eval/best_model.zip
s2_base,42,33,123,16323.25456237793,1000,True,8,8,12.7011153583544,-0.4906449755574325,2.1276365004093205,2.1430886381410432,False,outputs_best/2025-12-06/17-36-50,outputs_best/2025-12-06/17-36-50/eval/best_model.zip
s2_base,42,34,123,16166.146158099174,984,True,8,8,13.808260259823198,0.7575853569974761,1.7664306742510243,2.1513487551583563,True,outputs_best/2025-12-06/17-36-50,outputs_best/2025-12-06/17-36-50/eval/best_model.zip
s2_base,42,35,123,16307.149704933167,1000,True,8,8,12.741035420630725,0.5766770845547597,2.1216675443946222,2.1439823308091523,False,outputs_best/2025-12-06/17-36-50,outputs_best/2025-12-06/17-36-50/eval/best_model.zip
s2_base,42,36,123,16206.754094600677,977,True,8,8,13.877128940337938,-0.24032877727054888,1.7768810948101263,2.154796962973711,True,outputs_best/2025-12-06/17-36-50,outputs_best/2025-12-06/17-36-50/eval/best_model.zip
s2_base,42,37,123,16297.870875358582,1000,True,8,8,12.6164429579611,-0.4303305758862615,2.1350976834528046,2.155044163416262,False,outputs_best/2025-12-06/17-36-50,outputs_best/2025-12-06/17-36-50/eval/best_model.zip
s2_base,42,38,123,16284.48548412323,1000,True,8,8,12.171684515443928,0.36033651963279323,2.1328494072650823,2.157347978567681,False,outputs_best/2025-12-06/17-36-50,outputs_best/2025-12-06/17-36-50/eval/best_model.zip
s2_base,42,39,123,16524.39282989502,1000,True,8,8,13.736294816112583,0.18994839219620285,2.046422747841568,2.147314178071514,False,outputs_best/2025-12-06/17-36-50,outputs_best/2025-12-06/17-36-50/eval/best_model.zip
s2_base,42,40,123,16269.490685462952,1000,True,8,8,12.049490509676463,0.5512944821724152,2.1243307580181905,2.1436105026510943,False,outputs_best/2025-12-06/17-36-50,outputs_best/2025-12-06/17-36-50/eval/best_model.zip
s2_base,42,41,123,2765.564247608185,179,False,0,8,1.153079201259869,0.29168845109529684,0.98192176962965,1.403875738707248,True,outputs_best/2025-12-06/17-36-50,outputs_best/2025-12-06/17-36-50/eval/best_model.zip
s2_base,42,42,123,16356.618785858154,1000,True,8,8,13.156215151735584,-0.6979946758206058,2.1319500743799784,2.1428524794912795,False,outputs_best/2025-12-06/17-36-50,outputs_best/2025-12-06/17-36-50/eval/best_model.zip
s2_base,42,43,123,16334.933004379272,1000,True,8,8,12.469798886743483,0.21798192635465358,2.080451892322936,2.145454679818003,False,outputs_best/2025-12-06/17-36-50,outputs_best/2025-12-06/17-36-50/eval/best_model.zip
s2_base,42,44,123,16436.069882392883,1000,True,8,8,13.239327208769216,0.3626700693445574,2.120206265495343,2.1486705355282636,False,outputs_best/2025-12-06/17-36-50,outputs_best/2025-12-06/17-36-50/eval/best_model.zip
s2_base,42,45,123,16382.094724655151,1000,True,8,8,13.200451017612837,-0.26256791343975394,2.131375452232499,2.1511345729211446,False,outputs_best/2025-12-06/17-36-50,outputs_best/2025-12-06/17-36-50/eval/best_model.zip
s2_base,42,46,123,16439.784918785095,1000,True,8,8,13.556344775379713,0.4799040604795876,2.120887787082177,2.1509960416506533,False,outputs_best/2025-12-06/17-36-50,outputs_best/2025-12-06/17-36-50/eval/best_model.zip
s2_base,42,47,123,16371.234586715698,1000,True,8,8,12.708237594749681,0.05758849955866933,2.1150503472341455,2.156472489505456,False,outputs_best/2025-12-06/17-36-50,outputs_best/2025-12-06/17-36-50/eval/best_model.zip
s2_base,42,48,123,16349.47065448761,1000,True,8,8,12.348733301681714,0.1612930337402829,2.111261830824115,2.1487634310496233,False,outputs_best/2025-12-06/17-36-50,outputs_best/2025-12-06/17-36-50/eval/best_model.zip
s2_base,42,49,123,16493.469497680664,1000,True,8,8,13.491573260366241,0.23042975625089662,2.138395441271156,2.146405873589607,False,outputs_best/2025-12-06/17-36-50,outputs_best/2025-12-06/17-36-50/eval/best_model.zip
s2_base,42,50,123,16456.380517959595,1000,True,8,8,13.251249037131055,-0.09953373527180438,2.1325630883049693,2.154056797111934,False,outputs_best/2025-12-06/17-36-50,outputs_best/2025-12-06/17-36-50/eval/best_model.zip
s2_base,42,51,123,16449.773935317993,1000,True,8,8,13.509162281838472,-0.36026697967838944,2.1180053600474826,2.150152090219337,False,outputs_best/2025-12-06/17-36-50,outputs_best/2025-12-06/17-36-50/eval/best_model.zip
s2_base,42,52,123,6305.011366844177,394,False,3,8,4.171583775843905,-1.6821257185706007,1.1900449578527885,1.4767978334453489,True,outputs_best/2025-12-06/17-36-50,outputs_best/2025-12-06/17-36-50/eval/best_model.zip
s2_base,42,53,123,16449.48744869232,1000,True,8,8,13.316344333958963,0.3354904905646795,2.124935602025717,2.156220817653117,False,outputs_best/2025-12-06/17-36-50,outputs_best/2025-12-06/17-36-50/eval/best_model.zip
s2_base,42,54,123,16154.829844474792,1000,True,8,8,12.561352446644884,-0.8636129715323747,2.1348634744775095,2.1450061938771268,False,outputs_best/2025-12-06/17-36-50,outputs_best/2025-12-06/17-36-50/eval/best_model.zip
s2_base,42,55,123,16416.38799571991,1000,True,8,8,13.062138741232285,-0.10635628422906948,2.1339832421957157,2.1495449255592916,False,outputs_best/2025-12-06/17-36-50,outputs_best/2025-12-06/17-36-50/eval/best_model.zip
s2_base,42,56,123,16487.87726688385,1000,True,8,8,13.615311512256135,0.14893629960153448,2.0918745756410186,2.147827397490865,False,outputs_best/2025-12-06/17-36-50,outputs_best/2025-12-06/17-36-50/eval/best_model.zip
s2_base,42,57,123,16308.694103240967,1000,True,8,8,12.399351994374642,-0.321452054918608,2.134455728187696,2.1503079695547243,False,outputs_best/2025-12-06/17-36-50,outputs_best/2025-12-06/17-36-50/eval/best_model.zip
s2_base,42,58,123,16532.14891433716,998,True,8,8,14.017462050038127,0.10674526021847244,1.7947866389902023,2.147083932194618,True,outputs_best/2025-12-06/17-36-50,outputs_best/2025-12-06/17-36-50/eval/best_model.zip
s2_base,42,59,123,16035.218025565147,969,True,8,8,13.79843616288091,-0.40989518817503207,1.7740759703332327,2.1586244937927397,True,outputs_best/2025-12-06/17-36-50,outputs_best/2025-12-06/17-36-50/eval/best_model.zip
s2_base,42,60,123,16456.51858329773,1000,True,8,8,13.66127236908708,-0.20785584810820684,2.041880471738979,2.1541176322217903,False,outputs_best/2025-12-06/17-36-50,outputs_best/2025-12-06/17-36-50/eval/best_model.zip
s2_base,42,61,123,16507.004601478577,1000,True,8,8,13.727025982246646,0.010993805195066203,2.048911539157633,2.1469145390271027,False,outputs_best/2025-12-06/17-36-50,outputs_best/2025-12-06/17-36-50/eval/best_model.zip
s2_base,42,62,123,16290.687604904175,1000,True,8,8,12.517931341816883,0.2756109462532953,2.131967787526181,2.1500773165514864,False,outputs_best/2025-12-06/17-36-50,outputs_best/2025-12-06/17-36-50/eval/best_model.zip
s2_base,42,63,123,16518.964235305786,1000,True,8,8,13.907974419704738,0.52757869858815,1.8776741034220519,2.148829450460237,False,outputs_best/2025-12-06/17-36-50,outputs_best/2025-12-06/17-36-50/eval/best_model.zip
s2_base,42,64,123,16357.461753845215,1000,True,8,8,13.568398095603417,-0.8137759175766911,2.090651821822505,2.15009185284519,False,outputs_best/2025-12-06/17-36-50,outputs_best/2025-12-06/17-36-50/eval/best_model.zip
s2_base,42,65,123,16279.54211807251,1000,True,8,8,12.680671115961701,-0.26662367350228416,2.108249037988307,2.153030951762986,False,outputs_best/2025-12-06/17-36-50,outputs_best/2025-12-06/17-36-50/eval/best_model.zip
s2_base,42,66,123,16265.164461135864,1000,True,8,8,12.270701985516256,0.7918503390035986,2.133836942702517,2.149144823444751,False,outputs_best/2025-12-06/17-36-50,outputs_best/2025-12-06/17-36-50/eval/best_model.zip
s2_base,42,67,123,16412.617608070374,1000,True,8,8,13.323715177891938,0.5911929211319854,2.121202708416073,2.1552307365921277,False,outputs_best/2025-12-06/17-36-50,outputs_best/2025-12-06/17-36-50/eval/best_model.zip
s2_base,42,68,123,16332.249394893646,986,True,8,8,13.97142049759524,-0.21070907323124674,1.786522115087401,2.1419997950479694,True,outputs_best/2025-12-06/17-36-50,outputs_best/2025-12-06/17-36-50/eval/best_model.zip
s2_base,42,69,123,16273.526083946228,1000,True,8,8,12.125713413670612,0.16856132245823546,2.1299023719220527,2.149709188317666,False,outputs_best/2025-12-06/17-36-50,outputs_best/2025-12-06/17-36-50/eval/best_model.zip
s2_base,42,70,123,16423.238563537598,1000,True,8,8,13.284216323963804,-0.1440860392584816,2.123216177544206,2.1451059721578956,False,outputs_best/2025-12-06/17-36-50,outputs_best/2025-12-06/17-36-50/eval/best_model.zip
s2_base,42,71,123,16299.177220344543,1000,True,8,8,12.829894567075844,0.9560786986919587,2.117992404082067,2.149918170285231,False,outputs_best/2025-12-06/17-36-50,outputs_best/2025-12-06/17-36-50/eval/best_model.zip
s2_base,42,72,123,16216.056451797485,1000,True,8,8,12.406651228446854,-0.7058546499334925,2.1257794281549036,2.158071247992745,False,outputs_best/2025-12-06/17-36-50,outputs_best/2025-12-06/17-36-50/eval/best_model.zip
s2_base,42,73,123,16374.688406944275,1000,True,8,8,12.725349640119548,0.18647292064546506,2.123574336499573,2.1462159935694,False,outputs_best/2025-12-06/17-36-50,outputs_best/2025-12-06/17-36-50/eval/best_model.zip
s2_base,42,74,123,16485.12273311615,1000,True,8,8,13.641301853890322,0.21000279617144332,2.0993604630286304,2.1475012912255065,False,outputs_best/2025-12-06/17-36-50,outputs_best/2025-12-06/17-36-50/eval/best_model.zip
s2_base,42,75,123,16351.069409370422,1000,True,8,8,12.64617323152212,-0.32724132063978184,2.1242032547024734,2.1441310231133537,False,outputs_best/2025-12-06/17-36-50,outputs_best/2025-12-06/17-36-50/eval/best_model.zip
s2_base,42,76,123,8015.5792760849,484,False,7,8,6.806526481539932,-0.7491602755742859,1.5941032680590197,1.6453990877959297,True,outputs_best/2025-12-06/17-36-50,outputs_best/2025-12-06/17-36-50/eval/best_model.zip
s2_base,42,77,123,15798.459211587906,950,True,8,8,13.836982413915022,0.08225979131178,1.7788852279488412,2.1545855239626466,True,outputs_best/2025-12-06/17-36-50,outputs_best/2025-12-06/17-36-50/eval/best_model.zip
s2_base,42,78,123,8594.353489398956,524,False,7,8,6.811386711244334,0.09200779355412445,1.499235933316861,1.735067066803225,True,outputs_best/2025-12-06/17-36-50,outputs_best/2025-12-06/17-36-50/eval/best_model.zip
s2_base,42,79,123,5675.764972448349,349,False,3,8,4.38276219043141,0.5014840100362807,1.1943146428420683,1.403747396087546,True,outputs_best/2025-12-06/17-36-50,outputs_best/2025-12-06/17-36-50/eval/best_model.zip
s2_base,42,80,123,16305.368405342102,986,True,8,8,13.800127781406342,-0.14685584834613993,1.7608144528813043,2.1521595392908877,True,outputs_best/2025-12-06/17-36-50,outputs_best/2025-12-06/17-36-50/eval/best_model.zip
s2_base,42,81,123,7968.761102676392,506,False,4,8,4.2481493009483255,-0.4464223718437204,1.1681515071019828,1.6752939424853892,True,outputs_best/2025-12-06/17-36-50,outputs_best/2025-12-06/17-36-50/eval/best_model.zip
s2_base,42,82,123,16489.333211898804,1000,True,8,8,13.62397532975156,0.12086902795492808,2.099440618797182,2.1433663713918385,False,outputs_best/2025-12-06/17-36-50,outputs_best/2025-12-06/17-36-50/eval/best_model.zip
s2_base,42,83,123,16376.899361610413,1000,True,8,8,13.013973106520845,-0.3652892560831522,2.1158920143066147,2.1480985025744093,False,outputs_best/2025-12-06/17-36-50,outputs_best/2025-12-06/17-36-50/eval/best_model.zip
s2_base,42,84,123,16306.112084388733,1000,True,8,8,13.299633773155385,-1.4861914734026118,2.1173849984014157,2.1543969239652188,False,outputs_best/2025-12-06/17-36-50,outputs_best/2025-12-06/17-36-50/eval/best_model.zip
s2_base,42,85,123,16417.196148872375,1000,True,8,8,13.116816275504375,-0.21621641187364485,2.1316589633945786,2.144565318325617,False,outputs_best/2025-12-06/17-36-50,outputs_best/2025-12-06/17-36-50/eval/best_model.zip
s2_base,42,86,123,16403.18385696411,1000,True,8,8,13.374766722362052,0.6554934987237696,2.121182251764543,2.149203320583802,False,outputs_best/2025-12-06/17-36-50,outputs_best/2025-12-06/17-36-50/eval/best_model.zip
s2_base,42,87,123,16515.331873893738,1000,True,8,8,13.805417000967024,0.468646083744589,1.905678788098951,2.146133670341725,False,outputs_best/2025-12-06/17-36-50,outputs_best/2025-12-06/17-36-50/eval/best_model.zip
s2_base,42,88,123,16332.586168289185,1000,True,8,8,12.419692017347218,0.6096999572492918,2.1212640273087913,2.154687263343989,False,outputs_best/2025-12-06/17-36-50,outputs_best/2025-12-06/17-36-50/eval/best_model.zip
s2_base,42,89,123,13830.153841122985,851,True,8,8,11.276869059112705,-2.544261788938818,1.7996605942241923,2.1433710536129102,True,outputs_best/2025-12-06/17-36-50,outputs_best/2025-12-06/17-36-50/eval/best_model.zip
s2_base,42,90,123,16292.968695640564,1000,True,8,8,12.42994203504256,0.6977291518255994,2.120627908749617,2.152152968234922,False,outputs_best/2025-12-06/17-36-50,outputs_best/2025-12-06/17-36-50/eval/best_model.zip
s2_base,42,91,123,16437.573348999023,1000,True,8,8,13.170108882897562,0.16616504859279668,2.1285393765361356,2.153840216015228,False,outputs_best/2025-12-06/17-36-50,outputs_best/2025-12-06/17-36-50/eval/best_model.zip
s2_base,42,92,123,16381.404265403748,1000,True,8,8,12.982744475552169,0.5624069197353689,2.1206966942048995,2.1493068971326457,False,outputs_best/2025-12-06/17-36-50,outputs_best/2025-12-06/17-36-50/eval/best_model.zip
s2_base,42,93,123,16434.49142932892,1000,True,8,8,13.24340257800908,0.29669505420768333,2.1323193540420666,2.1595137845772236,False,outputs_best/2025-12-06/17-36-50,outputs_best/2025-12-06/17-36-50/eval/best_model.zip
s2_base,42,94,123,16251.5611410141,1000,True,8,8,12.372656650910042,0.7327707278978226,2.127375143162872,2.141842438710545,False,outputs_best/2025-12-06/17-36-50,outputs_best/2025-12-06/17-36-50/eval/best_model.zip
s2_base,42,95,123,16390.280542373657,1000,True,8,8,13.41002358543691,-0.38394643577011534,2.1323040659059047,2.1435509734209957,False,outputs_best/2025-12-06/17-36-50,outputs_best/2025-12-06/17-36-50/eval/best_model.zip
s2_base,42,96,123,16256.927119255066,1000,True,8,8,12.730255641544952,-0.8263184892584521,2.1115942763077644,2.1562273729362227,False,outputs_best/2025-12-06/17-36-50,outputs_best/2025-12-06/17-36-50/eval/best_model.zip
s2_base,42,97,123,16319.386839866638,1000,True,8,8,12.852111654428045,0.9534066813531059,2.1148092526574045,2.1552712402348506,False,outputs_best/2025-12-06/17-36-50,outputs_best/2025-12-06/17-36-50/eval/best_model.zip
s2_base,42,98,123,16430.532771110535,1000,True,8,8,13.226785325809665,0.23623024496654038,2.1329889422335593,2.154980381710619,False,outputs_best/2025-12-06/17-36-50,outputs_best/2025-12-06/17-36-50/eval/best_model.zip
s2_base,42,99,123,16419.44845676422,1000,True,8,8,13.40240972526597,0.36696937224141724,2.1242631699224517,2.146127257042869,False,outputs_best/2025-12-06/17-36-50,outputs_best/2025-12-06/17-36-50/eval/best_model.zip
s2_base,42,100,123,16444.349277496338,1000,True,8,8,13.756955917125822,-0.5071060493529063,1.9808446810609577,2.1560763909760157,False,outputs_best/2025-12-06/17-36-50,outputs_best/2025-12-06/17-36-50/eval/best_model.zip
s2_base,43,1,123,15688.942202568054,1000,False,7,8,7.518137571578979,-0.0029784135482404245,1.962925379039731,1.990845582340228,False,outputs_camera_ready/s2_base/seed_43,outputs_camera_ready/s2_base/seed_43/eval/best_model.zip
s2_base,43,2,123,15625.705095291138,1000,True,8,8,7.907964376832861,-0.8624483525971155,2.0811100299115948,2.0811100299115948,False,outputs_camera_ready/s2_base/seed_43,outputs_camera_ready/s2_base/seed_43/eval/best_model.zip
s2_base,43,3,123,15681.060604095459,1000,True,8,8,8.092248510368004,-0.7023473318174642,2.0654819032645446,2.101421884435678,False,outputs_camera_ready/s2_base/seed_43,outputs_camera_ready/s2_base/seed_43/eval/best_model.zip
s2_base,43,4,123,15730.333556175232,1000,True,8,8,8.13930211673282,-0.7730010502160177,2.0538951244464676,2.096068461301738,False,outputs_camera_ready/s2_base/seed_43,outputs_camera_ready/s2_base/seed_43/eval/best_model.zip
s2_base,43,5,123,15744.476258277893,1000,True,8,8,7.909780984643917,0.025578308008593478,2.0677131746730835,2.0956400174859424,False,outputs_camera_ready/s2_base/seed_43,outputs_camera_ready/s2_base/seed_43/eval/best_model.zip
s2_base,43,6,123,10066.007327020168,644,False,4,8,4.787300667486959,-0.8449591070416117,1.2873523325166665,1.6931768117262518,True,outputs_camera_ready/s2_base/seed_43,outputs_camera_ready/s2_base/seed_43/eval/best_model.zip
s2_base,43,7,123,15723.938031196594,1000,True,8,8,7.785740077888901,0.12224771216408888,2.0655806543653563,2.0655806543653563,False,outputs_camera_ready/s2_base/seed_43,outputs_camera_ready/s2_base/seed_43/eval/best_model.zip
s2_base,43,8,123,15658.087884902954,1000,False,7,8,7.469971700577291,-0.216169482883629,1.967368033189617,2.00458224296941,False,outputs_camera_ready/s2_base/seed_43,outputs_camera_ready/s2_base/seed_43/eval/best_model.zip
s2_base,43,9,123,581.8517186641693,40,False,0,8,0.06356988237289969,0.013133230901612822,0.9652417524559234,1.4192891106454582,True,outputs_camera_ready/s2_base/seed_43,outputs_camera_ready/s2_base/seed_43/eval/best_model.zip
s2_base,43,10,123,15637.14658164978,1000,True,8,8,7.935551387567638,-0.8521588456749792,2.067964784463951,2.1091656907876923,False,outputs_camera_ready/s2_base/seed_43,outputs_camera_ready/s2_base/seed_43/eval/best_model.zip
s2_base,43,11,123,15722.4009847641,1000,True,8,8,7.730917779517341,0.14835062051516923,2.0612874787033832,2.0612874787033832,False,outputs_camera_ready/s2_base/seed_43,outputs_camera_ready/s2_base/seed_43/eval/best_model.zip
s2_base,43,12,123,15649.277827262878,1000,False,7,8,7.520034341007178,-0.5338185806349011,1.966527088578318,1.993175792694388,False,outputs_camera_ready/s2_base/seed_43,outputs_camera_ready/s2_base/seed_43/eval/best_model.zip
s2_base,43,13,123,15700.123703956604,1000,True,8,8,7.80444953002019,-0.643545540214966,2.0978204196281305,2.0996772538033057,False,outputs_camera_ready/s2_base/seed_43,outputs_camera_ready/s2_base/seed_43/eval/best_model.zip
s2_base,43,14,123,15722.619045257568,1000,True,8,8,7.6895912601271945,-0.16198740073522724,2.031516665107616,2.031516665107616,False,outputs_camera_ready/s2_base/seed_43,outputs_camera_ready/s2_base/seed_43/eval/best_model.zip
s2_base,43,15,123,15524.26318359375,1000,False,6,8,6.621903255113415,-0.6616329443722377,1.8591749130059412,1.902126934000798,False,outputs_camera_ready/s2_base/seed_43,outputs_camera_ready/s2_base/seed_43/eval/best_model.zip
s2_base,43,16,123,9270.3496606946,591,False,4,8,4.861351623227102,-1.5068084439090363,1.295724978453495,1.6565380313363136,True,outputs_camera_ready/s2_base/seed_43,outputs_camera_ready/s2_base/seed_43/eval/best_model.zip
s2_base,43,17,123,15606.180276870728,1000,False,7,8,6.9881615237364745,-0.16789973765261332,1.950718091880578,2.023260715456894,False,outputs_camera_ready/s2_base/seed_43,outputs_camera_ready/s2_base/seed_43/eval/best_model.zip
s2_base,43,18,123,15713.660048484802,1000,True,8,8,7.771137007283795,0.16301920314795665,2.0714767507452816,2.090957587036671,False,outputs_camera_ready/s2_base/seed_43,outputs_camera_ready/s2_base/seed_43/eval/best_model.zip
s2_base,43,19,123,15748.701358795166,1000,True,8,8,7.894537014212276,-0.01097972746810924,2.0731061843544345,2.078130024027743,False,outputs_camera_ready/s2_base/seed_43,outputs_camera_ready/s2_base/seed_43/eval/best_model.zip
s2_base,43,20,123,15753.828993797302,1000,True,8,8,7.910988247798814,-0.060633705791687816,2.06486365768812,2.086194436293417,False,outputs_camera_ready/s2_base/seed_43,outputs_camera_ready/s2_base/seed_43/eval/best_model.zip
s2_base,43,21,123,10807.124239683151,715,False,4,8,2.4916512444378185,-0.5429295040693158,0.9896725681898846,1.6952133412457586,True,outputs_camera_ready/s2_base/seed_43,outputs_camera_ready/s2_base/seed_43/eval/best_model.zip
s2_base,43,22,123,15570.360995292664,1000,False,7,8,7.575764796084608,-1.1521944069375503,1.9778465390633586,2.0012940001690733,False,outputs_camera_ready/s2_base/seed_43,outputs_camera_ready/s2_base/seed_43/eval/best_model.zip
s2_base,43,23,123,15681.185720443726,1000,False,7,8,7.456394179490755,-0.19494024364715815,1.9716280291279096,1.9994892034956113,False,outputs_camera_ready/s2_base/seed_43,outputs_camera_ready/s2_base/seed_43/eval/best_model.zip
s2_base,43,24,123,15657.141270637512,1000,True,8,8,7.6925495392498195,-0.5230254226137614,2.1051301598695735,2.1051301598695735,False,outputs_camera_ready/s2_base/seed_43,outputs_camera_ready/s2_base/seed_43/eval/best_model.zip
s2_base,43,25,123,15572.123390197754,1000,False,7,8,7.068603380733688,-0.43048746961427775,1.9596542787248505,2.004932221253867,False,outputs_camera_ready/s2_base/seed_43,outputs_camera_ready/s2_base/seed_43/eval/best_model.zip
s2_base,43,26,123,15407.757417678833,1000,False,6,8,6.414292556094587,-1.3076719650443906,1.8607874735989747,1.8864780133458707,False,outputs_camera_ready/s2_base/seed_43,outputs_camera_ready/s2_base/seed_43/eval/best_model.zip
s2_base,43,27,123,15564.881944656372,1000,False,7,8,6.9141838423744115,-0.49009455237079075,1.9972112493218535,1.9972112493218535,False,outputs_camera_ready/s2_base/seed_43,outputs_camera_ready/s2_base/seed_43/eval/best_model.zip
s2_base,43,28,123,15713.744215011597,1000,True,8,8,7.627969174440094,-0.1468955977908299,1.990905016470474,2.006614418399883,False,outputs_camera_ready/s2_base/seed_43,outputs_camera_ready/s2_base/seed_43/eval/best_model.zip
s2_base,43,29,123,15672.185754776001,1000,True,8,8,8.075995056108711,-0.6695779191598621,2.0566963141366323,2.0901968188888542,False,outputs_camera_ready/s2_base/seed_43,outputs_camera_ready/s2_base/seed_43/eval/best_model.zip
s2_base,43,30,123,15705.652163505554,1000,True,8,8,7.647217572630911,0.10606161041159247,1.9553203437419657,2.06826897953307,False,outputs_camera_ready/s2_base/seed_43,outputs_camera_ready/s2_base/seed_43/eval/best_model.zip
s2_base,43,31,123,15579.516691207886,1000,False,6,8,6.700563952208338,-0.31869852144485344,1.8625931931210697,1.9017312806405153,False,outputs_camera_ready/s2_base/seed_43,outputs_camera_ready/s2_base/seed_43/eval/best_model.zip
s2_base,43,32,123,15673.159333229065,1000,True,8,8,7.737047472896819,-0.44438968288557984,2.080044083804572,2.082524842293337,False,outputs_camera_ready/s2_base/seed_43,outputs_camera_ready/s2_base/seed_43/eval/best_model.zip
s2_base,43,33,123,11499.703807115555,742,False,5,8,5.066192994524962,-1.2387912217392265,1.2640923271578342,1.8016847197226933,True,outputs_camera_ready/s2_base/seed_43,outputs_camera_ready/s2_base/seed_43/eval/best_model.zip
s2_base,43,34,123,15770.86762714386,1000,True,8,8,8.02490019415903,-0.08410010573583306,2.055084060440744,2.0848080153019186,False,outputs_camera_ready/s2_base/seed_43,outputs_camera_ready/s2_base/seed_43/eval/best_model.zip
s2_base,43,35,123,15515.747213363647,1000,False,6,8,6.661253628507183,-0.6615868534687745,1.8665265789873857,1.8947512093525625,False,outputs_camera_ready/s2_base/seed_43,outputs_camera_ready/s2_base/seed_43/eval/best_model.zip
s2_base,43,36,123,15726.9649143219,1000,True,8,8,7.874339580863761,-0.13850705961988494,2.0645386683679874,2.0888949158447656,False,outputs_camera_ready/s2_base/seed_43,outputs_camera_ready/s2_base/seed_43/eval/best_model.zip
s2_base,43,37,123,15600.407389640808,1000,False,7,8,7.324198736517278,-0.704917423231888,1.9682809415112412,2.0148537875976227,False,outputs_camera_ready/s2_base/seed_43,outputs_camera_ready/s2_base/seed_43/eval/best_model.zip
s2_base,43,38,123,15492.907176017761,1000,False,6,8,6.451532479726399,-0.35190160762808104,1.8769128104994501,1.8769128104994501,False,outputs_camera_ready/s2_base/seed_43,outputs_camera_ready/s2_base/seed_43/eval/best_model.zip
s2_base,43,39,123,15739.912845611572,1000,True,8,8,8.149969528435241,-0.3511628343499692,2.067015706844478,2.0834670037597514,False,outputs_camera_ready/s2_base/seed_43,outputs_camera_ready/s2_base/seed_43/eval/best_model.zip
s2_base,43,40,123,15718.688703536987,1000,True,8,8,7.822917481121068,-0.19278154166388822,2.0700538200925642,2.0893815653035355,False,outputs_camera_ready/s2_base/seed_43,outputs_camera_ready/s2_base/seed_43/eval/best_model.zip
s2_base,43,41,123,15707.834330558777,1000,False,7,8,7.560612068989081,-0.14762575149337354,1.9651991134843823,1.9994099597985637,False,outputs_camera_ready/s2_base/seed_43,outputs_camera_ready/s2_base/seed_43/eval/best_model.zip
s2_base,43,42,123,15605.632650375366,1000,False,7,8,7.425834957967198,-0.5139599521888848,1.9653124805432964,2.0045295168036397,False,outputs_camera_ready/s2_base/seed_43,outputs_camera_ready/s2_base/seed_43/eval/best_model.zip
s2_base,43,43,123,15716.600505828857,1000,True,8,8,7.978762136016649,0.6383938162698807,2.0615920431489996,2.111673576279548,False,outputs_camera_ready/s2_base/seed_43,outputs_camera_ready/s2_base/seed_43/eval/best_model.zip
s2_base,43,44,123,15444.054766654968,1000,False,7,8,6.81606021919443,-1.1110738776548637,1.8881047448497712,1.897194897824507,False,outputs_camera_ready/s2_base/seed_43,outputs_camera_ready/s2_base/seed_43/eval/best_model.zip
s2_base,43,45,123,1580.8489525318146,102,False,0,8,0.7977851999269598,0.4100655693300692,0.9804986734154905,1.4158283809308532,True,outputs_camera_ready/s2_base/seed_43,outputs_camera_ready/s2_base/seed_43/eval/best_model.zip
s2_base,43,46,123,15663.475019454956,1000,True,8,8,7.670443321308023,0.28351626099370686,2.0179424731754834,2.0179424731754834,False,outputs_camera_ready/s2_base/seed_43,outputs_camera_ready/s2_base/seed_43/eval/best_model.zip
s2_base,43,47,123,15573.733869552612,1000,False,7,8,7.014020360630152,-0.4587921160391423,1.9714924898426953,2.006494490599649,False,outputs_camera_ready/s2_base/seed_43,outputs_camera_ready/s2_base/seed_43/eval/best_model.zip
s2_base,43,48,123,15737.087204933167,1000,True,8,8,7.878321700131066,0.201803615752588,2.066980452282174,2.0837361774691763,False,outputs_camera_ready/s2_base/seed_43,outputs_camera_ready/s2_base/seed_43/eval/best_model.zip
s2_base,43,49,123,15673.26266860962,1000,True,8,8,7.740593144678215,-0.5806903544187485,2.030372246196594,2.030372246196594,False,outputs_camera_ready/s2_base/seed_43,outputs_camera_ready/s2_base/seed_43/eval/best_model.zip
s2_base,43,50,123,15700.32308101654,1000,True,8,8,7.986876563910639,-0.30294677205957526,2.0691867444572325,2.0863018562279705,False,outputs_camera_ready/s2_base/seed_43,outputs_camera_ready/s2_base/seed_43/eval/best_model.zip
s2_base,43,51,123,15740.269614219666,1000,True,8,8,7.921341915369825,0.22352307390725112,2.064791235946068,2.1081580094360044,False,outputs_camera_ready/s2_base/seed_43,outputs_camera_ready/s2_base/seed_43/eval/best_model.zip
s2_base,43,52,123,15558.405981063843,1000,False,6,8,6.773695460648706,-0.17339277228929603,1.87423601967534,1.8905082287251245,False,outputs_camera_ready/s2_base/seed_43,outputs_camera_ready/s2_base/seed_43/eval/best_model.zip
s2_base,43,53,123,15746.980940818787,1000,True,8,8,8.116888863233335,-0.25142530642944594,2.0677151957294018,2.1105832031355836,False,outputs_camera_ready/s2_base/seed_43,outputs_camera_ready/s2_base/seed_43/eval/best_model.zip
s2_base,43,54,123,15593.252142906189,1000,False,7,8,7.528509095198448,-0.5713477804178096,1.9755920143362087,1.9951139103742197,False,outputs_camera_ready/s2_base/seed_43,outputs_camera_ready/s2_base/seed_43/eval/best_model.zip
s2_base,43,55,123,15776.87565612793,1000,True,8,8,8.393159418603823,0.18286712760388651,2.0631221175846486,2.1065992277947205,False,outputs_camera_ready/s2_base/seed_43,outputs_camera_ready/s2_base/seed_43/eval/best_model.zip
s2_base,43,56,123,15655.002678871155,1000,False,7,8,7.3775644736978,-0.027555294521421542,1.9568311898919524,1.9834869316877508,False,outputs_camera_ready/s2_base/seed_43,outputs_camera_ready/s2_base/seed_43/eval/best_model.zip
s2_base,43,57,123,15551.835570335388,1000,False,7,8,7.354621703173446,-0.6528031285932872,1.9597404014247362,1.98772124880974,False,outputs_camera_ready/s2_base/seed_43,outputs_camera_ready/s2_base/seed_43/eval/best_model.zip
s2_base,43,58,123,15699.794017791748,1000,False,7,8,7.564649743862374,-0.14641086229355743,1.970040509801138,1.9849969356574915,False,outputs_camera_ready/s2_base/seed_43,outputs_camera_ready/s2_base/seed_43/eval/best_model.zip
s2_base,43,59,123,15686.792449951172,1000,True,8,8,7.756045639423652,-0.5059533810967358,2.0852890183308923,2.0852890183308923,False,outputs_camera_ready/s2_base/seed_43,outputs_camera_ready/s2_base/seed_43/eval/best_model.zip
s2_base,43,60,123,15611.098379135132,1000,True,8,8,7.628158705354615,-0.8839864215751728,1.9715781599050197,1.9959865642176942,False,outputs_camera_ready/s2_base/seed_43,outputs_camera_ready/s2_base/seed_43/eval/best_model.zip
s2_base,43,61,123,15751.280777931213,1000,True,8,8,7.934061407423788,0.00507244553177044,2.057548708351009,2.1214067626269344,False,outputs_camera_ready/s2_base/seed_43,outputs_camera_ready/s2_base/seed_43/eval/best_model.zip
s2_base,43,62,123,15598.253435134888,1000,False,7,8,7.018427813575279,0.5184437859297506,1.968856959901734,1.9888464122946736,False,outputs_camera_ready/s2_base/seed_43,outputs_camera_ready/s2_base/seed_43/eval/best_model.zip
s2_base,43,63,123,15680.734664916992,1000,True,8,8,7.883553932878428,-0.5397352403984852,2.0627736384183626,2.1094213730743565,False,outputs_camera_ready/s2_base/seed_43,outputs_camera_ready/s2_base/seed_43/eval/best_model.zip
s2_base,43,64,123,15802.510237693787,1000,True,8,8,8.281876791893492,-0.17804140023644954,2.0679800710239786,2.1061966671428376,False,outputs_camera_ready/s2_base/seed_43,outputs_camera_ready/s2_base/seed_43/eval/best_model.zip
s2_base,43,65,123,15711.911938667297,1000,True,8,8,8.575207992840742,-1.201663827593622,2.1057650655616946,2.1057650655616946,False,outputs_camera_ready/s2_base/seed_43,outputs_camera_ready/s2_base/seed_43/eval/best_model.zip
s2_base,43,66,123,15452.537195920944,998,False,7,8,6.354209955055976,1.2967944028618557,1.4785819699783977,1.9986631238753918,True,outputs_camera_ready/s2_base/seed_43,outputs_camera_ready/s2_base/seed_43/eval/best_model.zip
s2_base,43,67,123,15665.153535842896,1000,False,7,8,7.320229793487186,-0.4049020146943177,1.9602678921360062,1.9975028626242135,False,outputs_camera_ready/s2_base/seed_43,outputs_camera_ready/s2_base/seed_43/eval/best_model.zip
s2_base,43,68,123,15596.563152313232,1000,False,7,8,7.522225687430308,-0.6498719607335744,1.9726094270415988,1.9887053659874623,False,outputs_camera_ready/s2_base/seed_43,outputs_camera_ready/s2_base/seed_43/eval/best_model.zip
s2_base,43,69,123,15630.235766410828,1000,True,8,8,7.604344867213859,-0.4379042351786001,1.9876833006320862,1.991226672317486,False,outputs_camera_ready/s2_base/seed_43,outputs_camera_ready/s2_base/seed_43/eval/best_model.zip
s2_base,43,70,123,15661.98715019226,1000,False,7,8,7.452419941443079,-0.24210240009566292,1.9705031403887012,1.9968846011701034,False,outputs_camera_ready/s2_base/seed_43,outputs_camera_ready/s2_base/seed_43/eval/best_model.zip
s2_base,43,71,123,12507.622230529785,793,False,7,8,6.943399585646267,-1.4517150112829273,1.5798257866595757,1.8480531754098128,True,outputs_camera_ready/s2_base/seed_43,outputs_camera_ready/s2_base/seed_43/eval/best_model.zip
s2_base,43,72,123,15673.428670883179,1000,False,7,8,7.59954196242429,-0.2535678233722549,1.9899140467510628,2.0227854030903702,False,outputs_camera_ready/s2_base/seed_43,outputs_camera_ready/s2_base/seed_43/eval/best_model.zip
s2_base,43,73,123,15578.727381706238,1000,False,7,8,7.437719065458707,-0.5616505089020114,1.9711274036312314,1.9984304461351998,False,outputs_camera_ready/s2_base/seed_43,outputs_camera_ready/s2_base/seed_43/eval/best_model.zip
s2_base,43,74,123,11814.170601725578,767,False,4,8,4.627011624323489,0.6900413530164503,1.284350202286766,1.6878919452690984,True,outputs_camera_ready/s2_base/seed_43,outputs_camera_ready/s2_base/seed_43/eval/best_model.zip
s2_base,43,75,123,15503.526306152344,1000,False,6,8,6.758254504807364,-0.5800254210684525,1.8687628434458827,1.8871367196989517,False,outputs_camera_ready/s2_base/seed_43,outputs_camera_ready/s2_base/seed_43/eval/best_model.zip
s2_base,43,76,123,15647.101583480835,1000,False,7,8,7.467276835557076,-0.2235015159031756,1.963492907627345,2.0028807621600935,False,outputs_camera_ready/s2_base/seed_43,outputs_camera_ready/s2_base/seed_43/eval/best_model.zip
s2_base,43,77,123,15659.861921310425,1000,False,7,8,7.50642056487535,-0.35307521631504596,1.9721233522765884,1.9895227060744989,False,outputs_camera_ready/s2_base/seed_43,outputs_camera_ready/s2_base/seed_43/eval/best_model.zip
s2_base,43,78,123,15747.83854675293,1000,True,8,8,8.098785306932452,-0.08911920911476524,2.0727598307930664,2.0881325444167422,False,outputs_camera_ready/s2_base/seed_43,outputs_camera_ready/s2_base/seed_43/eval/best_model.zip
s2_base,43,79,123,15453.448359489441,1000,False,6,8,6.7194336246379445,-1.2090302191449298,1.8658782317726732,1.8925364135341358,False,outputs_camera_ready/s2_base/seed_43,outputs_camera_ready/s2_base/seed_43/eval/best_model.zip
s2_base,43,80,123,12759.410416603088,806,False,7,8,6.946137800111649,-0.2111241894785683,1.5910518111723482,1.8093436689903024,True,outputs_camera_ready/s2_base/seed_43,outputs_camera_ready/s2_base/seed_43/eval/best_model.zip
s2_base,43,81,123,15434.15653514862,1000,False,6,8,6.553860982757126,-1.157977821788756,1.8760296116880864,1.8972931653927727,False,outputs_camera_ready/s2_base/seed_43,outputs_camera_ready/s2_base/seed_43/eval/best_model.zip
s2_base,43,82,123,15630.51546382904,1000,True,8,8,7.918676620829382,0.6454978873155194,2.071197656786184,2.0832084322097026,False,outputs_camera_ready/s2_base/seed_43,outputs_camera_ready/s2_base/seed_43/eval/best_model.zip
s2_base,43,83,123,15670.26978111267,1000,False,7,8,7.5983163411344625,-0.5326614009502936,1.969651900691509,1.9890473945167273,False,outputs_camera_ready/s2_base/seed_43,outputs_camera_ready/s2_base/seed_43/eval/best_model.zip
s2_base,43,84,123,15548.117468833923,1000,False,7,8,6.911122920946888,0.5657769461527428,1.9271709139784776,1.9271709139784776,False,outputs_camera_ready/s2_base/seed_43,outputs_camera_ready/s2_base/seed_43/eval/best_model.zip
s2_base,43,85,123,15583.095694541931,1000,False,7,8,6.876567074251339,-0.2772576530380354,1.8637145410278226,1.894378301163707,False,outputs_camera_ready/s2_base/seed_43,outputs_camera_ready/s2_base/seed_43/eval/best_model.zip
s2_base,43,86,123,15532.652417182922,1000,True,8,8,7.6623599735189165,-1.3881985934133756,1.9831158458679812,1.9925508872905557,False,outputs_camera_ready/s2_base/seed_43,outputs_camera_ready/s2_base/seed_43/eval/best_model.zip
s2_base,43,87,123,15603.225225448608,1000,False,7,8,7.554409183141162,0.37275948257364483,1.9633492554972558,2.0053259895350926,False,outputs_camera_ready/s2_base/seed_43,outputs_camera_ready/s2_base/seed_43/eval/best_model.zip
s2_base,43,88,123,15638.446271896362,1000,False,7,8,7.195340509697688,-0.2124026540391079,1.953324043867126,2.0316290114238518,False,outputs_camera_ready/s2_base/seed_43,outputs_camera_ready/s2_base/seed_43/eval/best_model.zip
s2_base,43,89,123,15738.894514083862,1000,True,8,8,7.851503753731314,-0.011912872453725363,2.0548560252985175,2.110086261629351,False,outputs_camera_ready/s2_base/seed_43,outputs_camera_ready/s2_base/seed_43/eval/best_model.zip
s2_base,43,90,123,15611.134660720825,1000,True,8,8,7.927048973809749,-1.8469695803021118,1.8564981312012538,2.0079724722859877,False,outputs_camera_ready/s2_base/seed_43,outputs_camera_ready/s2_base/seed_43/eval/best_model.zip
s2_base,43,91,123,15727.623623847961,1000,True,8,8,8.013956751377473,-0.4304280243716674,2.0695990043032158,2.0809657993006496,False,outputs_camera_ready/s2_base/seed_43,outputs_camera_ready/s2_base/seed_43/eval/best_model.zip
s2_base,43,92,123,15831.151840209961,1000,True,8,8,8.568502146667308,0.04292769274512652,2.1829844557672655,2.1981366572739174,False,outputs_camera_ready/s2_base/seed_43,outputs_camera_ready/s2_base/seed_43/eval/best_model.zip
s2_base,43,93,123,15670.33957862854,1000,False,7,8,7.52996423142021,0.2706324197548088,1.9700462976059743,2.00207408852454,False,outputs_camera_ready/s2_base/seed_43,outputs_camera_ready/s2_base/seed_43/eval/best_model.zip
s2_base,43,94,123,15708.188018798828,1000,True,8,8,7.627165088119594,-0.06192751831326393,1.9774039394646719,1.9889993861036859,False,outputs_camera_ready/s2_base/seed_43,outputs_camera_ready/s2_base/seed_43/eval/best_model.zip
s2_base,43,95,123,9076.827320575714,581,False,4,8,4.420633910575217,-0.5932756853997372,1.2903426119502186,1.7117091621891998,True,outputs_camera_ready/s2_base/seed_43,outputs_camera_ready/s2_base/seed_43/eval/best_model.zip
s2_base,43,96,123,15687.312828063965,1000,True,8,8,7.846056329699441,-0.4277433092905711,2.071779610803407,2.0944741628730217,False,outputs_camera_ready/s2_base/seed_43,outputs_camera_ready/s2_base/seed_43/eval/best_model.zip
s2_base,43,97,123,15210.138785719872,969,True,8,8,7.613435635207757,-0.5068600333580182,1.6782044199460018,2.1075674320479076,True,outputs_camera_ready/s2_base/seed_43,outputs_camera_ready/s2_base/seed_43/eval/best_model.zip
s2_base,43,98,123,15704.305812835693,1000,True,8,8,7.9608257361462,0.5506056313200354,2.0683067702746114,2.1064449663274214,False,outputs_camera_ready/s2_base/seed_43,outputs_camera_ready/s2_base/seed_43/eval/best_model.zip
s2_base,43,99,123,15495.0730676651,1000,False,7,8,6.9637478442782434,-0.9124928812692651,1.9649055281265526,1.988235855491702,False,outputs_camera_ready/s2_base/seed_43,outputs_camera_ready/s2_base/seed_43/eval/best_model.zip
s2_base,43,100,123,15630.277773857117,1000,False,7,8,7.396511854055106,-0.6872379427302229,1.9694295479100976,1.9848272647852918,False,outputs_camera_ready/s2_base/seed_43,outputs_camera_ready/s2_base/seed_43/eval/best_model.zip
s2_base,44,1,123,14982.539184570312,1000,False,2,8,2.863532472519318,-0.2702141009262938,1.359373416713448,1.4123772494806526,False,outputs_camera_ready/s2_base/seed_44,outputs_camera_ready/s2_base/seed_44/eval/best_model.zip
s2_base,44,2,123,15014.127032279968,1000,False,2,8,2.8930305306851807,-0.22076277706467373,1.3637916480736836,1.4188647092913098,False,outputs_camera_ready/s2_base/seed_44,outputs_camera_ready/s2_base/seed_44/eval/best_model.zip
s2_base,44,3,123,15028.098979949951,1000,False,2,8,2.870761743499849,-0.33220455880385974,1.3528471946115872,1.4189390332839227,False,outputs_camera_ready/s2_base/seed_44,outputs_camera_ready/s2_base/seed_44/eval/best_model.zip
s2_base,44,4,123,14974.09771156311,1000,False,2,8,2.8609016139508183,-0.4615647604692421,1.3632574433572144,1.4204050346695805,False,outputs_camera_ready/s2_base/seed_44,outputs_camera_ready/s2_base/seed_44/eval/best_model.zip
s2_base,44,5,123,15039.728995323181,1000,False,2,8,2.868609799964314,0.08100948535934498,1.3583168419915077,1.4201994136909706,False,outputs_camera_ready/s2_base/seed_44,outputs_camera_ready/s2_base/seed_44/eval/best_model.zip
s2_base,44,6,123,14964.664506912231,1000,False,2,8,2.85112298059799,-0.4096391094603945,1.3653183053259421,1.4186915334324255,False,outputs_camera_ready/s2_base/seed_44,outputs_camera_ready/s2_base/seed_44/eval/best_model.zip
s2_base,44,7,123,14924.853588104248,1000,False,2,8,2.887812188000199,-0.7625100012000693,1.3485792326021269,1.4175377676983307,False,outputs_camera_ready/s2_base/seed_44,outputs_camera_ready/s2_base/seed_44/eval/best_model.zip
s2_base,44,8,123,15007.681767463684,1000,False,2,8,2.8742509291261236,-0.41199936355755273,1.3491694123226874,1.4189056798832163,False,outputs_camera_ready/s2_base/seed_44,outputs_camera_ready/s2_base/seed_44/eval/best_model.zip
s2_base,44,9,123,15042.1501455307,1000,False,2,8,2.852563337393634,-0.1997941903351156,1.361658118457767,1.4233082718172287,False,outputs_camera_ready/s2_base/seed_44,outputs_camera_ready/s2_base/seed_44/eval/best_model.zip
s2_base,44,10,123,14996.073751449585,1000,False,2,8,2.900394112162139,-0.36462099329436903,1.3597788333860268,1.4332663497609164,False,outputs_camera_ready/s2_base/seed_44,outputs_camera_ready/s2_base/seed_44/eval/best_model.zip
s2_base,44,11,123,14962.179357528687,1000,False,2,8,2.878668151888652,-0.3910665699812453,1.3606591699725852,1.4275271146719484,False,outputs_camera_ready/s2_base/seed_44,outputs_camera_ready/s2_base/seed_44/eval/best_model.zip
s2_base,44,12,123,14990.97174167633,1000,False,2,8,2.904383032743182,-0.30779668100986873,1.3549595431117736,1.410339424812522,False,outputs_camera_ready/s2_base/seed_44,outputs_camera_ready/s2_base/seed_44/eval/best_model.zip
s2_base,44,13,123,14994.218497276306,1000,False,2,8,2.9033430233051507,-0.28885524322441364,1.3508147228405782,1.4190737395458295,False,outputs_camera_ready/s2_base/seed_44,outputs_camera_ready/s2_base/seed_44/eval/best_model.zip
s2_base,44,14,123,14986.517048835754,1000,False,2,8,2.8689869520070577,-0.36050418020411146,1.3599518446382481,1.421829606398683,False,outputs_camera_ready/s2_base/seed_44,outputs_camera_ready/s2_base/seed_44/eval/best_model.zip
s2_base,44,15,123,14987.907123565674,1000,False,2,8,2.8764140688237982,-0.44112710081400747,1.3578053283835325,1.4194846207155478,False,outputs_camera_ready/s2_base/seed_44,outputs_camera_ready/s2_base/seed_44/eval/best_model.zip
s2_base,44,16,123,14936.670150756836,1000,False,2,8,2.876630941909006,-0.7303048857479744,1.3640851205908746,1.409961754015199,False,outputs_camera_ready/s2_base/seed_44,outputs_camera_ready/s2_base/seed_44/eval/best_model.zip
s2_base,44,17,123,14964.093127250671,1000,False,2,8,2.9011241816092936,-0.6820322509995975,1.3451710734192117,1.4211017766740974,False,outputs_camera_ready/s2_base/seed_44,outputs_camera_ready/s2_base/seed_44/eval/best_model.zip
s2_base,44,18,123,14980.171897888184,1000,False,2,8,2.868892762716411,-0.3771769770611157,1.3535517998536506,1.4216787899378027,False,outputs_camera_ready/s2_base/seed_44,outputs_camera_ready/s2_base/seed_44/eval/best_model.zip
s2_base,44,19,123,15011.637780189514,1000,False,2,8,2.8687522508812084,-0.11779402675520988,1.359783581384617,1.411176803540878,False,outputs_camera_ready/s2_base/seed_44,outputs_camera_ready/s2_base/seed_44/eval/best_model.zip
s2_base,44,20,123,15046.76619720459,1000,False,2,8,2.8510563176503005,-0.0012165027783485373,1.361418105952561,1.4200409864920005,False,outputs_camera_ready/s2_base/seed_44,outputs_camera_ready/s2_base/seed_44/eval/best_model.zip
s2_base,44,21,123,14959.118456840515,1000,False,2,8,2.887688185651584,-0.47599267978424775,1.3516596851990748,1.4224223979593713,False,outputs_camera_ready/s2_base/seed_44,outputs_camera_ready/s2_base/seed_44/eval/best_model.zip
s2_base,44,22,123,15014.588911056519,1000,False,2,8,2.8554362019198254,0.3124804927993393,1.361003220110825,1.4100328393738308,False,outputs_camera_ready/s2_base/seed_44,outputs_camera_ready/s2_base/seed_44/eval/best_model.zip
s2_base,44,23,123,15033.676637649536,1000,False,2,8,2.892114716193161,-0.0045670880855467905,1.3480672967616039,1.4218664966466157,False,outputs_camera_ready/s2_base/seed_44,outputs_camera_ready/s2_base/seed_44/eval/best_model.zip
s2_base,44,24,123,15025.438709259033,1000,False,2,8,2.9060483426191177,-0.1798826877443867,1.3543268339268255,1.4201911671739362,False,outputs_camera_ready/s2_base/seed_44,outputs_camera_ready/s2_base/seed_44/eval/best_model.zip
s2_base,44,25,123,15036.500442504883,1000,False,2,8,2.8703202927318574,-0.2858676671035194,1.3547489360178264,1.4169527001011888,False,outputs_camera_ready/s2_base/seed_44,outputs_camera_ready/s2_base/seed_44/eval/best_model.zip
s2_base,44,26,123,15063.566146850586,1000,False,2,8,2.8802706239752975,-0.005102008905572144,1.3547998154136427,1.4159002098861593,False,outputs_camera_ready/s2_base/seed_44,outputs_camera_ready/s2_base/seed_44/eval/best_model.zip
s2_base,44,27,123,15004.896077156067,1000,False,2,8,2.87691501949154,-0.4863473518215495,1.3548673087894982,1.416797067972933,False,outputs_camera_ready/s2_base/seed_44,outputs_camera_ready/s2_base/seed_44/eval/best_model.zip
s2_base,44,28,123,14962.08952999115,1000,False,2,8,2.8860443310342743,-0.5838694007333277,1.3457914263933703,1.4168096322723467,False,outputs_camera_ready/s2_base/seed_44,outputs_camera_ready/s2_base/seed_44/eval/best_model.zip
s2_base,44,29,123,14981.21889591217,1000,False,2,8,2.8856735215935947,-0.4711525659167206,1.3561528763241792,1.42100307757429,False,outputs_camera_ready/s2_base/seed_44,outputs_camera_ready/s2_base/seed_44/eval/best_model.zip
s2_base,44,30,123,14996.461590766907,1000,False,2,8,2.7748250938098162,-0.38313115230450223,1.3749748009758087,1.4237183774685145,False,outputs_camera_ready/s2_base/seed_44,outputs_camera_ready/s2_base/seed_44/eval/best_model.zip
s2_base,44,31,123,15032.56042766571,1000,False,2,8,2.850206241353481,0.18657433414287986,1.3573930600699904,1.4199825552975605,False,outputs_camera_ready/s2_base/seed_44,outputs_camera_ready/s2_base/seed_44/eval/best_model.zip
s2_base,44,32,123,15031.789498329163,1000,False,2,8,2.8500548656570333,-0.1074535410108521,1.3494525819068137,1.4143990556460022,False,outputs_camera_ready/s2_base/seed_44,outputs_camera_ready/s2_base/seed_44/eval/best_model.zip
s2_base,44,33,123,15014.217241287231,1000,False,2,8,2.857741811034242,-0.3455696497802916,1.3635645558168548,1.4150656014068097,False,outputs_camera_ready/s2_base/seed_44,outputs_camera_ready/s2_base/seed_44/eval/best_model.zip
s2_base,44,34,123,14945.390791893005,1000,False,2,8,2.8540358258103886,-0.5277479288046075,1.356604934331162,1.4258604003665218,False,outputs_camera_ready/s2_base/seed_44,outputs_camera_ready/s2_base/seed_44/eval/best_model.zip
s2_base,44,35,123,14994.325632095337,1000,False,2,8,2.8699784121821965,-0.21285872722731347,1.3494181570467616,1.4216602701063046,False,outputs_camera_ready/s2_base/seed_44,outputs_camera_ready/s2_base/seed_44/eval/best_model.zip
s2_base,44,36,123,15044.986193656921,1000,False,2,8,2.8786821665676046,-0.11811301302946235,1.3533075034392168,1.4252415906054432,False,outputs_camera_ready/s2_base/seed_44,outputs_camera_ready/s2_base/seed_44/eval/best_model.zip
s2_base,44,37,123,15044.995188713074,1000,False,2,8,2.858229719115119,0.1505905613526662,1.3532522821954878,1.4268689305534357,False,outputs_camera_ready/s2_base/seed_44,outputs_camera_ready/s2_base/seed_44/eval/best_model.zip
s2_base,44,38,123,15024.619605064392,1000,False,2,8,2.8747557635416228,-0.20864560661668688,1.3705059905328116,1.4282211329174435,False,outputs_camera_ready/s2_base/seed_44,outputs_camera_ready/s2_base/seed_44/eval/best_model.zip
s2_base,44,39,123,14937.456645011902,1000,False,2,8,2.8391589005889846,-0.452394577055883,1.359432876683378,1.422413899230305,False,outputs_camera_ready/s2_base/seed_44,outputs_camera_ready/s2_base/seed_44/eval/best_model.zip
s2_base,44,40,123,15014.59424495697,1000,False,2,8,2.871445952065996,-0.11339919707700763,1.3727501672974676,1.4153903561083334,False,outputs_camera_ready/s2_base/seed_44,outputs_camera_ready/s2_base/seed_44/eval/best_model.zip
s2_base,44,41,123,15001.408159255981,1000,False,2,8,2.8595065626986678,-0.21772812600279792,1.352593391604072,1.4220881138074517,False,outputs_camera_ready/s2_base/seed_44,outputs_camera_ready/s2_base/seed_44/eval/best_model.zip
s2_base,44,42,123,15049.086525917053,1000,False,2,8,2.9032200433913857,-0.08913102820884959,1.3501629230507861,1.420301527343897,False,outputs_camera_ready/s2_base/seed_44,outputs_camera_ready/s2_base/seed_44/eval/best_model.zip
s2_base,44,43,123,15010.352869033813,1000,False,2,8,2.88553603535355,-0.3102111650479324,1.3485869722897457,1.4219459885897536,False,outputs_camera_ready/s2_base/seed_44,outputs_camera_ready/s2_base/seed_44/eval/best_model.zip
s2_base,44,44,123,15029.263394355774,1000,False,2,8,2.879891583058716,-0.09527625673878479,1.3735693953215349,1.4161002314709126,False,outputs_camera_ready/s2_base/seed_44,outputs_camera_ready/s2_base/seed_44/eval/best_model.zip
s2_base,44,45,123,15011.55158996582,1000,False,2,8,2.867234889014305,-0.3341700917294377,1.3488109846474876,1.4196451966033385,False,outputs_camera_ready/s2_base/seed_44,outputs_camera_ready/s2_base/seed_44/eval/best_model.zip
s2_base,44,46,123,14970.748136520386,1000,False,2,8,2.8599286081481203,-0.5368282848607043,1.3544278962180936,1.420167953877387,False,outputs_camera_ready/s2_base/seed_44,outputs_camera_ready/s2_base/seed_44/eval/best_model.zip
s2_base,44,47,123,15058.246475219727,1000,False,2,8,2.9049734682815673,0.08055549596835639,1.3563674260798966,1.417843661130553,False,outputs_camera_ready/s2_base/seed_44,outputs_camera_ready/s2_base/seed_44/eval/best_model.zip
s2_base,44,48,123,15042.448609352112,1000,False,2,8,2.889299022565183,-0.03418708777679226,1.3577594797584993,1.4138474574386815,False,outputs_camera_ready/s2_base/seed_44,outputs_camera_ready/s2_base/seed_44/eval/best_model.zip
s2_base,44,49,123,15036.59291267395,1000,False,2,8,2.8896297581672585,0.18699107605130605,1.3451370035930692,1.4135303916896804,False,outputs_camera_ready/s2_base/seed_44,outputs_camera_ready/s2_base/seed_44/eval/best_model.zip
s2_base,44,50,123,15035.115720748901,1000,False,2,8,2.8686733879714197,-0.03214475341140198,1.3611136567592341,1.431737850007073,False,outputs_camera_ready/s2_base/seed_44,outputs_camera_ready/s2_base/seed_44/eval/best_model.zip
s2_base,44,51,123,15039.14452457428,1000,False,2,8,2.874800675566582,0.03434971380026564,1.3686352091017118,1.4154008212490619,False,outputs_camera_ready/s2_base/seed_44,outputs_camera_ready/s2_base/seed_44/eval/best_model.zip
s2_base,44,52,123,14914.664237976074,1000,False,2,8,2.873566865061979,-0.49570555921839204,1.3629335913070089,1.413476542411721,False,outputs_camera_ready/s2_base/seed_44,outputs_camera_ready/s2_base/seed_44/eval/best_model.zip
s2_base,44,53,123,15041.790015220642,1000,False,2,8,2.9055015969848768,-0.1340475966768416,1.3559039854532458,1.4294553201870472,False,outputs_camera_ready/s2_base/seed_44,outputs_camera_ready/s2_base/seed_44/eval/best_model.zip
s2_base,44,54,123,15033.613317489624,1000,False,2,8,2.8740382592056486,-0.25336234635516985,1.363023131194118,1.4211693584739342,False,outputs_camera_ready/s2_base/seed_44,outputs_camera_ready/s2_base/seed_44/eval/best_model.zip
s2_base,44,55,123,15000.97283744812,1000,False,2,8,2.9219504008506645,-0.27724102021765595,1.3556622514286125,1.426833960889443,False,outputs_camera_ready/s2_base/seed_44,outputs_camera_ready/s2_base/seed_44/eval/best_model.zip
s2_base,44,56,123,15017.18494796753,1000,False,2,8,2.8639560030315017,0.1323329356192534,1.3663850037804444,1.4162528123001819,False,outputs_camera_ready/s2_base/seed_44,outputs_camera_ready/s2_base/seed_44/eval/best_model.zip
s2_base,44,57,123,15060.232628822327,1000,False,2,8,2.849454495951257,-0.06939257879333585,1.377427555355031,1.4159559987186097,False,outputs_camera_ready/s2_base/seed_44,outputs_camera_ready/s2_base/seed_44/eval/best_model.zip
s2_base,44,58,123,15002.565330505371,1000,False,2,8,2.878039677734189,-0.3490946392161732,1.365920703687109,1.4300324771362747,False,outputs_camera_ready/s2_base/seed_44,outputs_camera_ready/s2_base/seed_44/eval/best_model.zip
s2_base,44,59,123,14955.952872276306,1000,False,2,8,2.895164578771702,-0.5837071392261823,1.35684178833687,1.4235295848361869,False,outputs_camera_ready/s2_base/seed_44,outputs_camera_ready/s2_base/seed_44/eval/best_model.zip
s2_base,44,60,123,14975.163479804993,1000,False,2,8,2.8816130849569137,-0.49517680564636357,1.3561335585884151,1.4151327517789838,False,outputs_camera_ready/s2_base/seed_44,outputs_camera_ready/s2_base/seed_44/eval/best_model.zip
s2_base,44,61,123,15014.607563018799,1000,False,2,8,2.860879712192354,-0.11911355442433035,1.3538408942718982,1.426237332864141,False,outputs_camera_ready/s2_base/seed_44,outputs_camera_ready/s2_base/seed_44/eval/best_model.zip
s2_base,44,62,123,14999.060069084167,1000,False,2,8,2.8626514646460763,-0.21506087199086735,1.3722788854992063,1.426033524271032,False,outputs_camera_ready/s2_base/seed_44,outputs_camera_ready/s2_base/seed_44/eval/best_model.zip
s2_base,44,63,123,15013.03420639038,1000,False,2,8,2.880255443777037,-0.3645839382460378,1.3594395958422403,1.4238254364070897,False,outputs_camera_ready/s2_base/seed_44,outputs_camera_ready/s2_base/seed_44/eval/best_model.zip
s2_base,44,64,123,15012.828796386719,1000,False,2,8,2.8502863705262587,-0.13307452311692128,1.3623878615265095,1.4133921279702577,False,outputs_camera_ready/s2_base/seed_44,outputs_camera_ready/s2_base/seed_44/eval/best_model.zip
s2_base,44,65,123,15019.803464889526,1000,False,2,8,2.8671406960771595,0.3356071001247427,1.353274981857811,1.4213540838685534,False,outputs_camera_ready/s2_base/seed_44,outputs_camera_ready/s2_base/seed_44/eval/best_model.zip
s2_base,44,66,123,15010.871948242188,1000,False,2,8,2.871222914058638,-0.23498135366974726,1.3592419114778769,1.4172868009486284,False,outputs_camera_ready/s2_base/seed_44,outputs_camera_ready/s2_base/seed_44/eval/best_model.zip
s2_base,44,67,123,14978.588633537292,1000,False,2,8,2.8670475800389323,-0.5382967081551248,1.3660456381118447,1.4305208936944633,False,outputs_camera_ready/s2_base/seed_44,outputs_camera_ready/s2_base/seed_44/eval/best_model.zip
s2_base,44,68,123,15020.917126655579,1000,False,2,8,2.8651571324257636,-0.2979393519685025,1.3761890303451514,1.4145543618178458,False,outputs_camera_ready/s2_base/seed_44,outputs_camera_ready/s2_base/seed_44/eval/best_model.zip
s2_base,44,69,123,14985.58374118805,1000,False,2,8,2.87327034346597,-0.3097213143446375,1.35489160606014,1.4165146926751924,False,outputs_camera_ready/s2_base/seed_44,outputs_camera_ready/s2_base/seed_44/eval/best_model.zip
s2_base,44,70,123,15005.396286964417,1000,False,2,8,2.8501634863328635,-0.3287244931794127,1.3662715551703566,1.4207602754811512,False,outputs_camera_ready/s2_base/seed_44,outputs_camera_ready/s2_base/seed_44/eval/best_model.zip
s2_base,44,71,123,14968.167198181152,1000,False,2,8,2.8759144059527326,-0.49395460785921863,1.3627829511011538,1.4179066465372931,False,outputs_camera_ready/s2_base/seed_44,outputs_camera_ready/s2_base/seed_44/eval/best_model.zip
s2_base,44,72,123,15017.455695152283,1000,False,2,8,2.860652584220408,-0.3106178044543102,1.3575535905464529,1.4244876050831712,False,outputs_camera_ready/s2_base/seed_44,outputs_camera_ready/s2_base/seed_44/eval/best_model.zip
s2_base,44,73,123,14989.556985855103,1000,False,2,8,2.861583635414876,-0.17580744202054827,1.357609329109122,1.4219958642101391,False,outputs_camera_ready/s2_base/seed_44,outputs_camera_ready/s2_base/seed_44/eval/best_model.zip
s2_base,44,74,123,14992.098244667053,1000,False,2,8,2.836022301412492,-0.40665120907642627,1.3633453042117931,1.41555930975086,False,outputs_camera_ready/s2_base/seed_44,outputs_camera_ready/s2_base/seed_44/eval/best_model.zip
s2_base,44,75,123,14907.08262348175,1000,False,2,8,2.8972113120764993,-0.7496424033420946,1.3604031559659526,1.4347260172982168,False,outputs_camera_ready/s2_base/seed_44,outputs_camera_ready/s2_base/seed_44/eval/best_model.zip
s2_base,44,76,123,14997.335596084595,1000,False,2,8,2.8683685778330483,-0.24075448875489466,1.3645814836744463,1.4165352432793348,False,outputs_camera_ready/s2_base/seed_44,outputs_camera_ready/s2_base/seed_44/eval/best_model.zip
s2_base,44,77,123,15011.752209663391,1000,False,2,8,2.86248146380229,-0.10839088413923072,1.3717578410838933,1.4161556365347605,False,outputs_camera_ready/s2_base/seed_44,outputs_camera_ready/s2_base/seed_44/eval/best_model.zip
s2_base,44,78,123,14936.674805641174,1000,False,2,8,2.896150125951379,-0.6118706771709145,1.3764442375084558,1.4242398355614154,False,outputs_camera_ready/s2_base/seed_44,outputs_camera_ready/s2_base/seed_44/eval/best_model.zip
s2_base,44,79,123,14987.312808990479,1000,False,2,8,2.8312975034623857,-0.43095356841804666,1.3562125163088494,1.4278797296082748,False,outputs_camera_ready/s2_base/seed_44,outputs_camera_ready/s2_base/seed_44/eval/best_model.zip
s2_base,44,80,123,15001.556923866272,1000,False,2,8,2.902208637646154,-0.34804423506595505,1.3593458244948704,1.4148538836815747,False,outputs_camera_ready/s2_base/seed_44,outputs_camera_ready/s2_base/seed_44/eval/best_model.zip
s2_base,44,81,123,14950.367475509644,1000,False,2,8,2.8707977934758824,-0.652629804486166,1.354714877805658,1.4179745627760998,False,outputs_camera_ready/s2_base/seed_44,outputs_camera_ready/s2_base/seed_44/eval/best_model.zip
s2_base,44,82,123,14999.90973854065,1000,False,2,8,2.864893853447647,-0.257600046508297,1.3620300362864093,1.414437553754751,False,outputs_camera_ready/s2_base/seed_44,outputs_camera_ready/s2_base/seed_44/eval/best_model.zip
s2_base,44,83,123,15019.277047157288,1000,False,2,8,2.8708603432384803,-0.42748834575119404,1.3593310430718155,1.4239933352045964,False,outputs_camera_ready/s2_base/seed_44,outputs_camera_ready/s2_base/seed_44/eval/best_model.zip
s2_base,44,84,123,14957.291067123413,1000,False,2,8,2.863178764632098,-0.4696042388869456,1.368362317000934,1.4357825908861037,False,outputs_camera_ready/s2_base/seed_44,outputs_camera_ready/s2_base/seed_44/eval/best_model.zip
s2_base,44,85,123,14969.845436096191,1000,False,2,8,2.8680657223278447,-0.39815747125175804,1.3725092575448048,1.4170326292992683,False,outputs_camera_ready/s2_base/seed_44,outputs_camera_ready/s2_base/seed_44/eval/best_model.zip
s2_base,44,86,123,15018.289360046387,1000,False,2,8,2.8687369985916162,-0.2815173004166221,1.3548179609780664,1.4367118609659102,False,outputs_camera_ready/s2_base/seed_44,outputs_camera_ready/s2_base/seed_44/eval/best_model.zip
s2_base,44,87,123,15046.260307312012,1000,False,2,8,2.859909615839773,-0.20479462439807938,1.3651399510717754,1.4144046227128453,False,outputs_camera_ready/s2_base/seed_44,outputs_camera_ready/s2_base/seed_44/eval/best_model.zip
s2_base,44,88,123,14921.420993804932,1000,False,2,8,2.8830152830736204,-0.8553634753560324,1.3401951045756406,1.4214712513417194,False,outputs_camera_ready/s2_base/seed_44,outputs_camera_ready/s2_base/seed_44/eval/best_model.zip
s2_base,44,89,123,14971.5935754776,1000,False,2,8,2.879250384746682,-0.4100227791997467,1.366537755617688,1.4144831278320398,False,outputs_camera_ready/s2_base/seed_44,outputs_camera_ready/s2_base/seed_44/eval/best_model.zip
s2_base,44,90,123,5426.767261117697,343,False,2,8,3.1150445397104534,-0.2414039061694963,1.0738721537815237,1.4997525554756614,True,outputs_camera_ready/s2_base/seed_44,outputs_camera_ready/s2_base/seed_44/eval/best_model.zip
s2_base,44,91,123,14977.38385295868,1000,False,2,8,2.887448536263209,-0.517724182357422,1.3576127192631369,1.418407719108087,False,outputs_camera_ready/s2_base/seed_44,outputs_camera_ready/s2_base/seed_44/eval/best_model.zip
s2_base,44,92,123,15019.932415008545,1000,False,2,8,2.8781589210735037,-0.3334863999807664,1.3745475410619468,1.4118813471777345,False,outputs_camera_ready/s2_base/seed_44,outputs_camera_ready/s2_base/seed_44/eval/best_model.zip
s2_base,44,93,123,15043.990984916687,1000,False,2,8,2.8641951169649453,0.13517819419062443,1.358900427930778,1.4133902025069716,False,outputs_camera_ready/s2_base/seed_44,outputs_camera_ready/s2_base/seed_44/eval/best_model.zip
s2_base,44,94,123,15007.768812179565,1000,False,2,8,2.8629520342046573,-0.34622162920704136,1.353377284452851,1.4255024613100107,False,outputs_camera_ready/s2_base/seed_44,outputs_camera_ready/s2_base/seed_44/eval/best_model.zip
s2_base,44,95,123,15041.022928237915,1000,False,2,8,2.884451852624324,-0.13674991880681509,1.3554130868965095,1.4193264631599258,False,outputs_camera_ready/s2_base/seed_44,outputs_camera_ready/s2_base/seed_44/eval/best_model.zip
s2_base,44,96,123,14946.335920333862,1000,False,2,8,2.874279805767755,-0.4934278170870341,1.3504303257829104,1.4269881740444248,False,outputs_camera_ready/s2_base/seed_44,outputs_camera_ready/s2_base/seed_44/eval/best_model.zip
s2_base,44,97,123,14967.819628715515,1000,False,2,8,2.8607551622218717,-0.36508561439379017,1.3650894264386693,1.4284414226646656,False,outputs_camera_ready/s2_base/seed_44,outputs_camera_ready/s2_base/seed_44/eval/best_model.zip
s2_base,44,98,123,15020.593596458435,1000,False,2,8,2.8910115459646972,-0.3004103116447991,1.365935973764951,1.425773307794551,False,outputs_camera_ready/s2_base/seed_44,outputs_camera_ready/s2_base/seed_44/eval/best_model.zip
s2_base,44,99,123,482.63969814777374,33,False,0,8,0.08646921153150566,-0.008471105128693748,0.9740382490992715,1.4047072033251014,True,outputs_camera_ready/s2_base/seed_44,outputs_camera_ready/s2_base/seed_44/eval/best_model.zip
s2_base,44,100,123,14945.311000823975,1000,False,2,8,2.8804276875202968,-0.5529195843541728,1.3575188838205914,1.4223084381191746,False,outputs_camera_ready/s2_base/seed_44,outputs_camera_ready/s2_base/seed_44/eval/best_model.zip
s2_base,45,1,123,14970.19549369812,1000,False,1,8,2.7434821537721916,0.41751612470821253,1.3722327458417787,1.410689102484758,False,outputs_camera_ready/s2_base/seed_45,outputs_camera_ready/s2_base/seed_45/eval/best_model.zip
s2_base,45,2,123,14983.041512489319,1000,False,2,8,2.6390917520355743,0.299812306642072,1.3706214569524051,1.4995641959945234,False,outputs_camera_ready/s2_base/seed_45,outputs_camera_ready/s2_base/seed_45/eval/best_model.zip
s2_base,45,3,123,14920.196422576904,1000,False,1,8,2.7522593788913454,0.5864160631125032,1.3701259921592852,1.4101399251565745,False,outputs_camera_ready/s2_base/seed_45,outputs_camera_ready/s2_base/seed_45/eval/best_model.zip
s2_base,45,4,123,15218.220440864563,1000,False,4,8,4.40789112378944,0.3584640165921976,1.556201173093689,1.6149259767316062,False,outputs_camera_ready/s2_base/seed_45,outputs_camera_ready/s2_base/seed_45/eval/best_model.zip
s2_base,45,5,123,14956.804100036621,1000,False,1,8,2.733782043351675,0.4855183646570575,1.368152003992866,1.4114644695565297,False,outputs_camera_ready/s2_base/seed_45,outputs_camera_ready/s2_base/seed_45/eval/best_model.zip
s2_base,45,6,123,14973.613981246948,1000,False,1,8,2.697702042695875,0.1734014313722105,1.3706182630637824,1.4128241811472158,False,outputs_camera_ready/s2_base/seed_45,outputs_camera_ready/s2_base/seed_45/eval/best_model.zip
s2_base,45,7,123,14984.967792510986,1000,False,1,8,2.7294789148087624,0.36388442970174095,1.376331333995021,1.413754557091409,False,outputs_camera_ready/s2_base/seed_45,outputs_camera_ready/s2_base/seed_45/eval/best_model.zip
s2_base,45,8,123,14941.256141662598,1000,False,1,8,2.6532231737269396,0.3204469677760863,1.373410430772755,1.4109069912951113,False,outputs_camera_ready/s2_base/seed_45,outputs_camera_ready/s2_base/seed_45/eval/best_model.zip
s2_base,45,9,123,15014.897870063782,1000,False,2,8,3.5471579758703005,0.7530497570298891,1.4657481347982526,1.4903488466679096,False,outputs_camera_ready/s2_base/seed_45,outputs_camera_ready/s2_base/seed_45/eval/best_model.zip
s2_base,45,10,123,14949.061146736145,1000,False,1,8,2.675953390602959,0.40715882370699175,1.3780656464129821,1.411785077726308,False,outputs_camera_ready/s2_base/seed_45,outputs_camera_ready/s2_base/seed_45/eval/best_model.zip
s2_base,45,11,123,14930.15008354187,1000,False,1,8,2.685899145128344,0.4393054418828631,1.380420195885603,1.4142688149881657,False,outputs_camera_ready/s2_base/seed_45,outputs_camera_ready/s2_base/seed_45/eval/best_model.zip
s2_base,45,12,123,14966.11792755127,1000,False,1,8,2.7563930666372625,0.3529522389910911,1.3686353574249337,1.4162114891281494,False,outputs_camera_ready/s2_base/seed_45,outputs_camera_ready/s2_base/seed_45/eval/best_model.zip
s2_base,45,13,123,14949.140407562256,1000,False,1,8,2.7096374638406413,0.44087875576576424,1.3693339004293752,1.4110338228824175,False,outputs_camera_ready/s2_base/seed_45,outputs_camera_ready/s2_base/seed_45/eval/best_model.zip
s2_base,45,14,123,10216.333535075188,670,False,2,8,3.507347944142813,1.7426570205517786,1.0654129853241914,1.4722723898882948,True,outputs_camera_ready/s2_base/seed_45,outputs_camera_ready/s2_base/seed_45/eval/best_model.zip
s2_base,45,15,123,14990.559652328491,1000,False,1,8,2.7307859011519766,0.0379085765103136,1.3692728076768563,1.4168632153155858,False,outputs_camera_ready/s2_base/seed_45,outputs_camera_ready/s2_base/seed_45/eval/best_model.zip
s2_base,45,16,123,10837.975057601929,694,False,5,8,5.229274996454671,0.10932565710738525,1.3730219861831854,1.6223355074429957,True,outputs_camera_ready/s2_base/seed_45,outputs_camera_ready/s2_base/seed_45/eval/best_model.zip
s2_base,45,17,123,14920.77146434784,1000,False,1,8,2.769314488915317,0.7418554533275569,1.3713057448539068,1.4139832412584765,False,outputs_camera_ready/s2_base/seed_45,outputs_camera_ready/s2_base/seed_45/eval/best_model.zip
s2_base,45,18,123,14937.127460479736,1000,False,1,8,2.763885249152307,0.5327764089965494,1.3670498829206652,1.4101337315037241,False,outputs_camera_ready/s2_base/seed_45,outputs_camera_ready/s2_base/seed_45/eval/best_model.zip
s2_base,45,19,123,8219.525212734938,536,False,2,8,3.0946686062066977,1.3913891583658904,1.0961223027187923,1.459442840509398,True,outputs_camera_ready/s2_base/seed_45,outputs_camera_ready/s2_base/seed_45/eval/best_model.zip
s2_base,45,20,123,14923.60339641571,1000,False,1,8,2.7331285596418216,0.5035573133698779,1.3698781820698174,1.4116434393569188,False,outputs_camera_ready/s2_base/seed_45,outputs_camera_ready/s2_base/seed_45/eval/best_model.zip
s2_base,45,21,123,14932.084401130676,1000,False,1,8,2.690624032068251,0.43492068119862687,1.3778570218097108,1.4116047891007788,False,outputs_camera_ready/s2_base/seed_45,outputs_camera_ready/s2_base/seed_45/eval/best_model.zip
s2_base,45,22,123,9546.402213096619,632,False,2,8,2.5430059291808056,0.8976185092266725,0.9802735337657202,1.4830380746782383,True,outputs_camera_ready/s2_base/seed_45,outputs_camera_ready/s2_base/seed_45/eval/best_model.zip
s2_base,45,23,123,14970.713195800781,1000,False,1,8,2.7180690665127707,0.30334390758138013,1.3706413495239942,1.4124087596950443,False,outputs_camera_ready/s2_base/seed_45,outputs_camera_ready/s2_base/seed_45/eval/best_model.zip
s2_base,45,24,123,576.5688232183456,39,False,0,8,0.1350988058239699,0.05237349200864352,0.9914359416517118,1.4130508390256737,True,outputs_camera_ready/s2_base/seed_45,outputs_camera_ready/s2_base/seed_45/eval/best_model.zip
s2_base,45,25,123,13169.453038096428,866,False,4,8,4.642491467007664,2.0960136271796395,1.2877655986683048,1.6102706054885734,True,outputs_camera_ready/s2_base/seed_45,outputs_camera_ready/s2_base/seed_45/eval/best_model.zip
s2_base,45,26,123,9060.34994649887,604,False,2,8,1.8838963787610614,0.22950142746653523,0.9907161108947734,1.4663354486191356,True,outputs_camera_ready/s2_base/seed_45,outputs_camera_ready/s2_base/seed_45/eval/best_model.zip
s2_base,45,27,123,10593.56624698639,696,False,2,8,3.501370364093744,1.877245461578961,1.084040607572005,1.458463810662824,True,outputs_camera_ready/s2_base/seed_45,outputs_camera_ready/s2_base/seed_45/eval/best_model.zip
s2_base,45,28,123,9993.597267627716,654,False,2,8,3.449826958787997,1.6391326815658651,1.0756032017163237,1.4689184960360813,True,outputs_camera_ready/s2_base/seed_45,outputs_camera_ready/s2_base/seed_45/eval/best_model.zip
s2_base,45,29,123,8009.374449241906,519,False,2,8,3.2731555783769766,0.6113528915873551,1.0800003819996211,1.4137947904267965,True,outputs_camera_ready/s2_base/seed_45,outputs_camera_ready/s2_base/seed_45/eval/best_model.zip
s2_base,45,30,123,14958.743923187256,1000,False,1,8,2.754892135147114,0.4175863664400229,1.3718233146240888,1.4108845398868335,False,outputs_camera_ready/s2_base/seed_45,outputs_camera_ready/s2_base/seed_45/eval/best_model.zip
s2_base,45,31,123,14946.553785324097,1000,False,1,8,2.732168842799057,0.4781696206591272,1.3754577522352824,1.4137113957653413,False,outputs_camera_ready/s2_base/seed_45,outputs_camera_ready/s2_base/seed_45/eval/best_model.zip
s2_base,45,32,123,9746.75790449977,638,False,2,8,3.4312624730823376,2.0395694607780754,1.0939342852961835,1.4138187659624224,True,outputs_camera_ready/s2_base/seed_45,outputs_camera_ready/s2_base/seed_45/eval/best_model.zip
s2_base,45,33,123,14940.596301078796,1000,False,1,8,2.7239361895768477,0.4214228074630047,1.3652359976963448,1.4167457480291117,False,outputs_camera_ready/s2_base/seed_45,outputs_camera_ready/s2_base/seed_45/eval/best_model.zip
s2_base,45,34,123,15205.26321029663,1000,False,3,8,4.300343505026196,0.33649966360679406,1.5697480191511872,1.575051262429479,False,outputs_camera_ready/s2_base/seed_45,outputs_camera_ready/s2_base/seed_45/eval/best_model.zip
s2_base,45,35,123,14974.312160491943,1000,False,1,8,2.7030344166313856,0.22918453625198448,1.3762745696530714,1.4113722168214362,False,outputs_camera_ready/s2_base/seed_45,outputs_camera_ready/s2_base/seed_45/eval/best_model.zip
s2_base,45,36,123,14939.008376121521,1000,False,1,8,2.699136611476404,0.3707013297317345,1.3702188677837523,1.4157731186294678,False,outputs_camera_ready/s2_base/seed_45,outputs_camera_ready/s2_base/seed_45/eval/best_model.zip
s2_base,45,37,123,14939.022391319275,1000,False,1,8,2.687994985098177,0.4198150828738288,1.3735847253337976,1.4107737367764577,False,outputs_camera_ready/s2_base/seed_45,outputs_camera_ready/s2_base/seed_45/eval/best_model.zip
s2_base,45,38,123,14984.442302703857,1000,False,1,8,2.7444556006785805,0.3047685970751222,1.3673749113716116,1.4117131554920537,False,outputs_camera_ready/s2_base/seed_45,outputs_camera_ready/s2_base/seed_45/eval/best_model.zip
s2_base,45,39,123,14985.953539848328,1000,False,2,8,3.5002403891603064,0.9029027166914848,1.4747586171369713,1.4827623782167765,False,outputs_camera_ready/s2_base/seed_45,outputs_camera_ready/s2_base/seed_45/eval/best_model.zip
s2_base,45,40,123,14996.43343257904,1000,False,1,8,2.7042211130231393,0.12624486258424422,1.373309489321477,1.4110250249760685,False,outputs_camera_ready/s2_base/seed_45,outputs_camera_ready/s2_base/seed_45/eval/best_model.zip
s2_base,45,41,123,9272.424697518349,606,False,2,8,3.0747447671734123,1.1570759367404304,1.09903076904686,1.4124608344583813,True,outputs_camera_ready/s2_base/seed_45,outputs_camera_ready/s2_base/seed_45/eval/best_model.zip
s2_base,45,42,123,9563.092188835144,634,False,2,8,2.2550189032678514,-0.11002899284059674,0.9735174877592916,1.4493855778871274,True,outputs_camera_ready/s2_base/seed_45,outputs_camera_ready/s2_base/seed_45/eval/best_model.zip
s2_base,45,43,123,14927.24160194397,1000,False,2,8,2.719466803018234,0.4940213307354225,1.3701946168465806,1.412855758651773,False,outputs_camera_ready/s2_base/seed_45,outputs_camera_ready/s2_base/seed_45/eval/best_model.zip
s2_base,45,44,123,14975.092963218689,1000,False,1,8,2.682337070452986,0.39459018791397543,1.3731407749099473,1.4129593794129582,False,outputs_camera_ready/s2_base/seed_45,outputs_camera_ready/s2_base/seed_45/eval/best_model.zip
s2_base,45,45,123,7759.922789812088,505,False,2,8,2.9558176725571763,1.5364491584501203,1.0937648030813916,1.4966837612730604,True,outputs_camera_ready/s2_base/seed_45,outputs_camera_ready/s2_base/seed_45/eval/best_model.zip
s2_base,45,46,123,10905.041870594025,719,False,2,8,3.198834446604236,0.5397454054123537,1.082489599015128,1.4447807198874434,True,outputs_camera_ready/s2_base/seed_45,outputs_camera_ready/s2_base/seed_45/eval/best_model.zip
s2_base,45,47,123,14935.067544937134,1000,False,1,8,2.7512212751704292,0.5257326527200729,1.3710094088020357,1.4138767425363312,False,outputs_camera_ready/s2_base/seed_45,outputs_camera_ready/s2_base/seed_45/eval/best_model.zip
s2_base,45,48,123,9659.534182071686,631,False,2,8,3.4574866649693337,0.13585827525608005,1.0904189429832605,1.4796865970831123,True,outputs_camera_ready/s2_base/seed_45,outputs_camera_ready/s2_base/seed_45/eval/best_model.zip
s2_base,45,49,123,14952.370784759521,1000,False,1,8,2.6005614416807448,0.2727213095798918,1.3758582595112254,1.4131465215615309,False,outputs_camera_ready/s2_base/seed_45,outputs_camera_ready/s2_base/seed_45/eval/best_model.zip
s2_base,45,50,123,14951.736070632935,1000,False,1,8,2.6785611780431995,0.2606302065881979,1.3685138757582507,1.412804760013197,False,outputs_camera_ready/s2_base/seed_45,outputs_camera_ready/s2_base/seed_45/eval/best_model.zip
s2_base,45,51,123,14980.050734519958,1000,False,1,8,2.765557962773263,0.41657113569468845,1.368733984679878,1.4144223925936337,False,outputs_camera_ready/s2_base/seed_45,outputs_camera_ready/s2_base/seed_45/eval/best_model.zip
s2_base,45,52,123,14950.748827934265,1000,False,1,8,2.738468804943136,0.5205417877419617,1.3771373501548927,1.4148093015226846,False,outputs_camera_ready/s2_base/seed_45,outputs_camera_ready/s2_base/seed_45/eval/best_model.zip
s2_base,45,53,123,14955.725729942322,1000,False,1,8,2.7240572752177314,0.4989228827958496,1.3696217506535533,1.4139775831141062,False,outputs_camera_ready/s2_base/seed_45,outputs_camera_ready/s2_base/seed_45/eval/best_model.zip
s2_base,45,54,123,14223.747314453125,927,False,5,8,5.952468983977606,1.1942462863793093,1.3886654948638517,1.6865336381604092,True,outputs_camera_ready/s2_base/seed_45,outputs_camera_ready/s2_base/seed_45/eval/best_model.zip
s2_base,45,55,123,9766.259598731995,640,False,2,8,3.332473769116116,0.038340810912502805,1.0881158649318328,1.4250835120378402,True,outputs_camera_ready/s2_base/seed_45,outputs_camera_ready/s2_base/seed_45/eval/best_model.zip
s2_base,45,56,123,8687.193941950798,567,False,2,8,3.0911753789246603,0.27769837240702416,1.0759783888599357,1.4994535254546375,True,outputs_camera_ready/s2_base/seed_45,outputs_camera_ready/s2_base/seed_45/eval/best_model.zip
s2_base,45,57,123,14953.542294502258,1000,False,1,8,2.7559936292324236,0.43645440489997767,1.3671642829836714,1.4080133278847888,False,outputs_camera_ready/s2_base/seed_45,outputs_camera_ready/s2_base/seed_45/eval/best_model.zip
s2_base,45,58,123,9912.295237198472,652,False,2,8,3.032588293215082,-0.33975155951634056,1.0970936200757513,1.4983052954333025,True,outputs_camera_ready/s2_base/seed_45,outputs_camera_ready/s2_base/seed_45/eval/best_model.zip
s2_base,45,59,123,14334.12548160553,934,False,5,8,5.283573222996756,0.437505328314028,1.3897510172450134,1.6106369889797565,True,outputs_camera_ready/s2_base/seed_45,outputs_camera_ready/s2_base/seed_45/eval/best_model.zip
s2_base,45,60,123,9929.617825627327,653,False,2,8,3.129027161716907,1.556759487854538,1.0901863046649105,1.496890281356846,True,outputs_camera_ready/s2_base/seed_45,outputs_camera_ready/s2_base/seed_45/eval/best_model.zip
s2_base,45,61,123,14961.440139770508,1000,False,1,8,2.7172195937519725,0.3722619690262578,1.3660574777313448,1.4103776928703318,False,outputs_camera_ready/s2_base/seed_45,outputs_camera_ready/s2_base/seed_45/eval/best_model.zip
s2_base,45,62,123,14943.309695243835,1000,False,1,8,2.7314959916448127,0.3757951137840133,1.3656201777065,1.4135452219959248,False,outputs_camera_ready/s2_base/seed_45,outputs_camera_ready/s2_base/seed_45/eval/best_model.zip
s2_base,45,63,123,14965.9849691391,1000,False,1,8,2.757902796074122,0.41805514971246605,1.3683605912615402,1.4146656514580334,False,outputs_camera_ready/s2_base/seed_45,outputs_camera_ready/s2_base/seed_45/eval/best_model.zip
s2_base,45,64,123,14929.98918056488,1000,False,1,8,2.727894560802697,0.5983678922372448,1.3738828627189947,1.4132633719423742,False,outputs_camera_ready/s2_base/seed_45,outputs_camera_ready/s2_base/seed_45/eval/best_model.zip
s2_base,45,65,123,14957.437070846558,1000,False,1,8,2.708975963616284,0.4078577660128593,1.3704333998610942,1.412745407127263,False,outputs_camera_ready/s2_base/seed_45,outputs_camera_ready/s2_base/seed_45/eval/best_model.zip
s2_base,45,66,123,14996.739143371582,1000,False,1,8,2.707353305680068,0.116724073026155,1.3735495348372366,1.413989709431872,False,outputs_camera_ready/s2_base/seed_45,outputs_camera_ready/s2_base/seed_45/eval/best_model.zip
s2_base,45,67,123,14928.22250366211,1000,False,1,8,2.6994779615599023,0.5527779927950186,1.3755883491581602,1.4081220413483149,False,outputs_camera_ready/s2_base/seed_45,outputs_camera_ready/s2_base/seed_45/eval/best_model.zip
s2_base,45,68,123,15318.430282592773,1000,False,5,8,5.2544012679317404,0.7189198547174764,1.70544821045981,1.70544821045981,False,outputs_camera_ready/s2_base/seed_45,outputs_camera_ready/s2_base/seed_45/eval/best_model.zip
s2_base,45,69,123,4584.146085977554,299,False,0,8,1.6460353464990471,0.291058333179336,0.9807916673294935,1.4161560411645588,True,outputs_camera_ready/s2_base/seed_45,outputs_camera_ready/s2_base/seed_45/eval/best_model.zip
s2_base,45,70,123,14963.314979553223,1000,False,1,8,2.660049908088617,0.25790520047802673,1.3660168027520265,1.4162015848433895,False,outputs_camera_ready/s2_base/seed_45,outputs_camera_ready/s2_base/seed_45/eval/best_model.zip
s2_base,45,71,123,14971.253197669983,1000,False,1,8,2.6930938588608253,0.201773068717144,1.373772037855932,1.4130993741884865,False,outputs_camera_ready/s2_base/seed_45,outputs_camera_ready/s2_base/seed_45/eval/best_model.zip
s2_base,45,72,123,15134.370522499084,1000,False,3,8,4.299148378382118,0.8687221729562085,1.5745739987492429,1.6001330901836521,False,outputs_camera_ready/s2_base/seed_45,outputs_camera_ready/s2_base/seed_45/eval/best_model.zip
s2_base,45,73,123,15010.851112365723,1000,False,1,8,2.74643738267666,0.17527589281633535,1.3696138264020854,1.4137523418791569,False,outputs_camera_ready/s2_base/seed_45,outputs_camera_ready/s2_base/seed_45/eval/best_model.zip
s2_base,45,74,123,14978.93649673462,1000,False,1,8,2.6978666513420824,0.2805261191559158,1.3766514195985502,1.4137444334417582,False,outputs_camera_ready/s2_base/seed_45,outputs_camera_ready/s2_base/seed_45/eval/best_model.zip
s2_base,45,75,123,14931.236927986145,1000,False,1,8,2.6768027492573965,0.5190725541276187,1.3750057190453306,1.408061762020637,False,outputs_camera_ready/s2_base/seed_45,outputs_camera_ready/s2_base/seed_45/eval/best_model.zip
s2_base,45,76,123,14968.397983551025,1000,False,1,8,2.7190882564728125,0.3466115171318878,1.3750794058750138,1.4140259432780893,False,outputs_camera_ready/s2_base/seed_45,outputs_camera_ready/s2_base/seed_45/eval/best_model.zip
s2_base,45,77,123,8840.661583423615,573,False,2,8,3.5142253690756773,-0.5492449228593879,1.0681177694076145,1.484961232043353,True,outputs_camera_ready/s2_base/seed_45,outputs_camera_ready/s2_base/seed_45/eval/best_model.zip
s2_base,45,78,123,15044.530099868774,1000,False,2,8,3.54062435695042,0.6275399790490991,1.4706315615723744,1.4894338786086319,False,outputs_camera_ready/s2_base/seed_45,outputs_camera_ready/s2_base/seed_45/eval/best_model.zip
s2_base,45,79,123,14975.042722702026,1000,False,1,8,2.676249815616902,0.17339076847587181,1.3692388718407542,1.409695959862654,False,outputs_camera_ready/s2_base/seed_45,outputs_camera_ready/s2_base/seed_45/eval/best_model.zip
s2_base,45,80,123,14967.75308418274,1000,False,1,8,2.742224595929,0.40907162000015534,1.3718470256015691,1.4124075680850452,False,outputs_camera_ready/s2_base/seed_45,outputs_camera_ready/s2_base/seed_45/eval/best_model.zip
s2_base,45,81,123,10119.468115329742,662,False,3,8,3.602281791800329,0.6558714984961785,1.1414265186224304,1.4985942989605074,True,outputs_camera_ready/s2_base/seed_45,outputs_camera_ready/s2_base/seed_45/eval/best_model.zip
s2_base,45,82,123,14977.59411907196,1000,False,1,8,2.744777859809464,0.282795584789353,1.3673859930220502,1.4134897702465936,False,outputs_camera_ready/s2_base/seed_45,outputs_camera_ready/s2_base/seed_45/eval/best_model.zip
s2_base,45,83,123,14420.48764014244,956,False,3,8,3.170175578112864,0.3762970296230398,1.0995460553930296,1.6096696368125352,True,outputs_camera_ready/s2_base/seed_45,outputs_camera_ready/s2_base/seed_45/eval/best_model.zip
s2_base,45,84,123,14943.605236053467,1000,False,1,8,2.68175864693699,0.4625941512410528,1.370733224435224,1.4108753607746514,False,outputs_camera_ready/s2_base/seed_45,outputs_camera_ready/s2_base/seed_45/eval/best_model.zip
s2_base,45,85,123,10254.58263206482,684,False,2,8,2.118938387411753,1.0744847896149072,0.9825462733994971,1.5141833032797476,True,outputs_camera_ready/s2_base/seed_45,outputs_camera_ready/s2_base/seed_45/eval/best_model.zip
s2_base,45,86,123,14992.76633644104,1000,False,1,8,2.722236216566103,0.2659745382126518,1.3713105157513137,1.412728237448798,False,outputs_camera_ready/s2_base/seed_45,outputs_camera_ready/s2_base/seed_45/eval/best_model.zip
s2_base,45,87,123,14916.825545310974,1000,False,1,8,2.687564353353285,0.5513947782384397,1.3738250421322782,1.411222378152479,False,outputs_camera_ready/s2_base/seed_45,outputs_camera_ready/s2_base/seed_45/eval/best_model.zip
s2_base,45,88,123,14928.864250183105,1000,False,1,8,2.6996381078997387,0.5100356618908611,1.3758720848894637,1.4109709814658284,False,outputs_camera_ready/s2_base/seed_45,outputs_camera_ready/s2_base/seed_45/eval/best_model.zip
s2_base,45,89,123,9131.721061587334,597,False,2,8,3.183654867628097,0.5033196664261105,1.0743579346659802,1.4117667102119917,True,outputs_camera_ready/s2_base/seed_45,outputs_camera_ready/s2_base/seed_45/eval/best_model.zip
s2_base,45,90,123,14948.351011276245,1000,False,2,8,2.6380923561347034,0.3974793494123344,1.379876354917507,1.409702702187093,False,outputs_camera_ready/s2_base/seed_45,outputs_camera_ready/s2_base/seed_45/eval/best_model.zip
s2_base,45,91,123,14951.111413955688,1000,False,1,8,2.7172082253876324,0.4227143126420309,1.3751990262435843,1.4134546559016457,False,outputs_camera_ready/s2_base/seed_45,outputs_camera_ready/s2_base/seed_45/eval/best_model.zip
s2_base,45,92,123,8928.536327838898,590,False,2,8,2.440043576923893,0.12706214225290083,0.975928294460194,1.4632837375532128,True,outputs_camera_ready/s2_base/seed_45,outputs_camera_ready/s2_base/seed_45/eval/best_model.zip
s2_base,45,93,123,13417.12643957138,883,False,3,8,4.121725667359534,0.618254021267287,1.1884826086692115,1.5112100122756584,True,outputs_camera_ready/s2_base/seed_45,outputs_camera_ready/s2_base/seed_45/eval/best_model.zip
s2_base,45,94,123,14958.16191291809,1000,False,1,8,2.7153653121069,0.3765029435282488,1.3716784997664968,1.4121357146537545,False,outputs_camera_ready/s2_base/seed_45,outputs_camera_ready/s2_base/seed_45/eval/best_model.zip
s2_base,45,95,123,14996.685737609863,1000,False,1,8,2.7662254580663035,0.24643703784341087,1.3734882040475291,1.4122248465205738,False,outputs_camera_ready/s2_base/seed_45,outputs_camera_ready/s2_base/seed_45/eval/best_model.zip
s2_base,45,96,123,14944.572667121887,1000,False,1,8,2.735220089133348,0.4708124476994553,1.3692774883039616,1.4090878427724158,False,outputs_camera_ready/s2_base/seed_45,outputs_camera_ready/s2_base/seed_45/eval/best_model.zip
s2_base,45,97,123,14972.722730636597,1000,False,1,8,2.7582780422298083,0.29240496502947333,1.367205371680517,1.4119707092051863,False,outputs_camera_ready/s2_base/seed_45,outputs_camera_ready/s2_base/seed_45/eval/best_model.zip
s2_base,45,98,123,14984.125030517578,1000,False,1,8,2.7701361634513915,0.29019588311616745,1.3678174284703548,1.4094139827092533,False,outputs_camera_ready/s2_base/seed_45,outputs_camera_ready/s2_base/seed_45/eval/best_model.zip
s2_base,45,99,123,15005.84644985199,1000,False,1,8,2.683839079512727,0.11821598007732535,1.3697677574074116,1.405184714825461,False,outputs_camera_ready/s2_base/seed_45,outputs_camera_ready/s2_base/seed_45/eval/best_model.zip
s2_base,45,100,123,14929.018782615662,1000,False,1,8,2.559538742316443,0.2998796829444339,1.3698606358534395,1.4133665224209397,False,outputs_camera_ready/s2_base/seed_45,outputs_camera_ready/s2_base/seed_45/eval/best_model.zip
s2_base,46,1,123,15478.75028514862,1000,False,7,8,6.896253691704577,0.8287758210394927,1.8521617289635377,1.8521617289635377,False,outputs_camera_ready/s2_base/seed_46,outputs_camera_ready/s2_base/seed_46/eval/best_model.zip
s2_base,46,2,123,15503.37347984314,1000,False,7,8,6.895370084836162,-1.1811899423351093,1.839208686464708,1.839208686464708,False,outputs_camera_ready/s2_base/seed_46,outputs_camera_ready/s2_base/seed_46/eval/best_model.zip
s2_base,46,3,123,15503.772695541382,1000,False,6,8,6.350613282382248,0.36805829053572325,1.788637723773567,1.826450348852397,False,outputs_camera_ready/s2_base/seed_46,outputs_camera_ready/s2_base/seed_46/eval/best_model.zip
s2_base,46,4,123,15346.302289962769,1000,False,6,8,6.117968899886325,1.4652906938036951,1.8263915216566726,1.8346242366715504,False,outputs_camera_ready/s2_base/seed_46,outputs_camera_ready/s2_base/seed_46/eval/best_model.zip
s2_base,46,5,123,15418.663572311401,1000,False,5,8,5.573800837508036,0.2687231716746475,1.7151767557188033,1.7151767557188033,False,outputs_camera_ready/s2_base/seed_46,outputs_camera_ready/s2_base/seed_46/eval/best_model.zip
s2_base,46,6,123,15495.873480796814,992,False,7,8,7.338491630841483,1.234424265667594,1.5809688695689348,1.8703875092557543,True,outputs_camera_ready/s2_base/seed_46,outputs_camera_ready/s2_base/seed_46/eval/best_model.zip
s2_base,46,7,123,15595.99859905243,1000,False,7,8,7.173951919985449,-0.007777158736630429,1.8963095940715993,1.8963095940715993,False,outputs_camera_ready/s2_base/seed_46,outputs_camera_ready/s2_base/seed_46/eval/best_model.zip
s2_base,46,8,123,15640.372898101807,1000,False,7,8,7.367991058713657,-0.5245786170400422,1.8927054423083447,1.9363588493074368,False,outputs_camera_ready/s2_base/seed_46,outputs_camera_ready/s2_base/seed_46/eval/best_model.zip
s2_base,46,9,123,646.1324474811554,44,False,0,8,0.10043540769931733,-0.07392805170186996,0.9816370318729931,1.4093481276073299,True,outputs_camera_ready/s2_base/seed_46,outputs_camera_ready/s2_base/seed_46/eval/best_model.zip
s2_base,46,10,123,15466.30985546112,1000,False,6,8,6.4873406571357775,0.5394755477646697,1.7823302878358525,1.7991215878686588,False,outputs_camera_ready/s2_base/seed_46,outputs_camera_ready/s2_base/seed_46/eval/best_model.zip
s2_base,46,11,123,15564.391169548035,1000,True,8,8,7.749708464962204,0.46188294646858236,1.9832367093668866,1.9832367093668866,False,outputs_camera_ready/s2_base/seed_46,outputs_camera_ready/s2_base/seed_46/eval/best_model.zip
s2_base,46,12,123,15414.100357055664,1000,False,6,8,6.569242152353026,1.3393753858541353,1.8124690173421203,1.8263167231773074,False,outputs_camera_ready/s2_base/seed_46,outputs_camera_ready/s2_base/seed_46/eval/best_model.zip
s2_base,46,13,123,15575.68795967102,1000,False,7,8,7.4201308516538305,0.4709683770401526,1.8922768170291036,1.913009657199757,False,outputs_camera_ready/s2_base/seed_46,outputs_camera_ready/s2_base/seed_46/eval/best_model.zip
s2_base,46,14,123,15474.058183670044,1000,True,8,8,7.68520968896968,-1.1807938879283055,1.965243835337746,1.965243835337746,False,outputs_camera_ready/s2_base/seed_46,outputs_camera_ready/s2_base/seed_46/eval/best_model.zip
s2_base,46,15,123,15466.75610256195,1000,False,5,8,5.991448302515756,0.153254738316776,1.7193764863801073,1.7320594809070655,False,outputs_camera_ready/s2_base/seed_46,outputs_camera_ready/s2_base/seed_46/eval/best_model.zip
s2_base,46,16,123,15537.629549980164,1000,False,7,8,7.307923621931684,0.12000813515982982,1.8859166015691602,1.8967405090365104,False,outputs_camera_ready/s2_base/seed_46,outputs_camera_ready/s2_base/seed_46/eval/best_model.zip
s2_base,46,17,123,10848.674828529358,690,False,6,8,6.021997838556236,1.4057963465722374,1.4217836033083155,1.6633714929851162,True,outputs_camera_ready/s2_base/seed_46,outputs_camera_ready/s2_base/seed_46/eval/best_model.zip
s2_base,46,18,123,15495.481609344482,1000,False,7,8,6.982424612899589,-0.792739397311414,1.807090670401457,1.8487089129082848,False,outputs_camera_ready/s2_base/seed_46,outputs_camera_ready/s2_base/seed_46/eval/best_model.zip
s2_base,46,19,123,9860.042788028717,632,False,4,8,4.72932396682242,0.998490718266797,1.2940351761839108,1.59736146116971,True,outputs_camera_ready/s2_base/seed_46,outputs_camera_ready/s2_base/seed_46/eval/best_model.zip
s2_base,46,20,123,15348.836541175842,1000,False,5,8,5.769107411931149,0.4795135882891089,1.7066805643186207,1.7145400395760637,False,outputs_camera_ready/s2_base/seed_46,outputs_camera_ready/s2_base/seed_46/eval/best_model.zip
s2_base,46,21,123,13195.546501159668,851,False,6,8,6.0554485716693245,0.9795187638466132,1.4998263445570978,1.7545083009381528,True,outputs_camera_ready/s2_base/seed_46,outputs_camera_ready/s2_base/seed_46/eval/best_model.zip
s2_base,46,22,123,15403.772708892822,1000,False,6,8,6.217415308023477,0.7459676983270812,1.8339890047550291,1.8630414980410845,False,outputs_camera_ready/s2_base/seed_46,outputs_camera_ready/s2_base/seed_46/eval/best_model.zip
s2_base,46,23,123,15592.072540283203,1000,False,7,8,7.41978430795622,0.27619355389233036,1.8786977231619824,1.9133322114334348,False,outputs_camera_ready/s2_base/seed_46,outputs_camera_ready/s2_base/seed_46/eval/best_model.zip
s2_base,46,24,123,15469.555926322937,1000,False,5,8,5.82632600478633,0.09055269583851568,1.7104563613209733,1.7124426448567178,False,outputs_camera_ready/s2_base/seed_46,outputs_camera_ready/s2_base/seed_46/eval/best_model.zip
s2_base,46,25,123,15539.315557479858,1000,False,7,8,7.267349360099268,-1.2233624465871393,1.9002366120236764,1.903316687799478,False,outputs_camera_ready/s2_base/seed_46,outputs_camera_ready/s2_base/seed_46/eval/best_model.zip
s2_base,46,26,123,15250.379336118698,992,False,7,8,7.126751693859131,1.9900669986205621,1.5967816010396179,1.8378659536070463,True,outputs_camera_ready/s2_base/seed_46,outputs_camera_ready/s2_base/seed_46/eval/best_model.zip
s2_base,46,27,123,15445.063786506653,1000,False,6,8,6.124788868459498,0.4018975161221584,1.775118535282608,1.775118535282608,False,outputs_camera_ready/s2_base/seed_46,outputs_camera_ready/s2_base/seed_46/eval/best_model.zip
s2_base,46,28,123,15601.619107246399,1000,False,7,8,6.949508410329135,-0.1443549098358721,1.8445369033065362,1.8545652095487057,False,outputs_camera_ready/s2_base/seed_46,outputs_camera_ready/s2_base/seed_46/eval/best_model.zip
s2_base,46,29,123,15393.638920783997,1000,False,6,8,6.415977716465613,0.957643430342461,1.7819703108376526,1.8238719652178017,False,outputs_camera_ready/s2_base/seed_46,outputs_camera_ready/s2_base/seed_46/eval/best_model.zip
s2_base,46,30,123,15390.508373260498,1000,False,6,8,6.400912719489587,-1.2631263961036006,1.8077207538247058,1.8186991558677021,False,outputs_camera_ready/s2_base/seed_46,outputs_camera_ready/s2_base/seed_46/eval/best_model.zip
s2_base,46,31,123,15427.786050796509,1000,False,6,8,6.422719571285477,0.6509401091398163,1.8000843934559732,1.8000843934559732,False,outputs_camera_ready/s2_base/seed_46,outputs_camera_ready/s2_base/seed_46/eval/best_model.zip
s2_base,46,32,123,15609.092770576477,1000,False,7,8,6.97985401702303,0.27523895311925467,1.902510479264277,1.902510479264277,False,outputs_camera_ready/s2_base/seed_46,outputs_camera_ready/s2_base/seed_46/eval/best_model.zip
s2_base,46,33,123,15278.927466392517,1000,False,5,8,5.938732056255306,1.2988092523907155,1.7275381925214988,1.7457686865254598,False,outputs_camera_ready/s2_base/seed_46,outputs_camera_ready/s2_base/seed_46/eval/best_model.zip
s2_base,46,34,123,15312.25918674469,1000,False,5,8,5.815400980189526,0.8773625831861264,1.7139090491533386,1.7139090491533386,False,outputs_camera_ready/s2_base/seed_46,outputs_camera_ready/s2_base/seed_46/eval/best_model.zip
s2_base,46,35,123,15423.26134300232,1000,False,5,8,5.730133652411402,0.539176139350592,1.6943681955828698,1.7085290645755706,False,outputs_camera_ready/s2_base/seed_46,outputs_camera_ready/s2_base/seed_46/eval/best_model.zip
s2_base,46,36,123,15426.538766860962,1000,False,5,8,5.723708898352512,0.2911987295064647,1.702550170642404,1.707122191217077,False,outputs_camera_ready/s2_base/seed_46,outputs_camera_ready/s2_base/seed_46/eval/best_model.zip
s2_base,46,37,123,10744.24777495861,696,False,4,8,4.526125185593623,-2.082887835316985,1.2966500336887883,1.4992779373252614,True,outputs_camera_ready/s2_base/seed_46,outputs_camera_ready/s2_base/seed_46/eval/best_model.zip
s2_base,46,38,123,15536.603789329529,1000,False,7,8,6.961192327392693,0.7719468147242264,1.8772516521611216,1.887056726962683,False,outputs_camera_ready/s2_base/seed_46,outputs_camera_ready/s2_base/seed_46/eval/best_model.zip
s2_base,46,39,123,15501.50438117981,1000,False,6,8,6.469714610639559,0.24355013739927192,1.7684186987451809,1.8163887713971145,False,outputs_camera_ready/s2_base/seed_46,outputs_camera_ready/s2_base/seed_46/eval/best_model.zip
s2_base,46,40,123,15430.50285243988,1000,False,5,8,5.6815822960354465,0.1106715764717287,1.702213617902923,1.7458625440752762,False,outputs_camera_ready/s2_base/seed_46,outputs_camera_ready/s2_base/seed_46/eval/best_model.zip
s2_base,46,41,123,15461.120408058167,1000,False,6,8,6.058815009213281,0.3684707955696701,1.7179802325780442,1.7320362858181824,False,outputs_camera_ready/s2_base/seed_46,outputs_camera_ready/s2_base/seed_46/eval/best_model.zip
s2_base,46,42,123,15518.61620759964,1000,False,7,8,7.3508821977188745,-1.8664806306725716,1.914374416527641,1.914374416527641,False,outputs_camera_ready/s2_base/seed_46,outputs_camera_ready/s2_base/seed_46/eval/best_model.zip
s2_base,46,43,123,15430.981989860535,1000,False,7,8,6.836599687601979,1.145026015578352,1.8148761048054347,1.8312367468235713,False,outputs_camera_ready/s2_base/seed_46,outputs_camera_ready/s2_base/seed_46/eval/best_model.zip
s2_base,46,44,123,15660.057529449463,1000,False,7,8,7.551180702312239,-0.23468911226758163,1.9224734356927335,1.9256802766833714,False,outputs_camera_ready/s2_base/seed_46,outputs_camera_ready/s2_base/seed_46/eval/best_model.zip
s2_base,46,45,123,15588.941559791565,1000,False,7,8,7.223687083623371,0.7736479978434896,1.8805672830655848,1.9334616228643384,False,outputs_camera_ready/s2_base/seed_46,outputs_camera_ready/s2_base/seed_46/eval/best_model.zip
s2_base,46,46,123,15369.456000328064,1000,False,6,8,6.058365901320527,0.5174953414460886,1.7102279364074253,1.7223711624584135,False,outputs_camera_ready/s2_base/seed_46,outputs_camera_ready/s2_base/seed_46/eval/best_model.zip
s2_base,46,47,123,15383.448449134827,1000,False,7,8,6.855751073819103,0.821027503758716,1.802332968024168,1.8230980519663236,False,outputs_camera_ready/s2_base/seed_46,outputs_camera_ready/s2_base/seed_46/eval/best_model.zip
s2_base,46,48,123,15532.11437034607,1000,False,6,8,6.704241669122627,0.5616752833580286,1.8365645456208624,1.839403058421215,False,outputs_camera_ready/s2_base/seed_46,outputs_camera_ready/s2_base/seed_46/eval/best_model.zip
s2_base,46,49,123,15550.777762413025,1000,False,7,8,6.846772623359422,-0.4329401048753367,1.824099588032353,1.8469458222029806,False,outputs_camera_ready/s2_base/seed_46,outputs_camera_ready/s2_base/seed_46/eval/best_model.zip
s2_base,46,50,123,15390.692039489746,1000,False,5,8,5.6613667614208545,0.6322066228903044,1.6942489582275513,1.716625370937083,False,outputs_camera_ready/s2_base/seed_46,outputs_camera_ready/s2_base/seed_46/eval/best_model.zip
s2_base,46,51,123,15470.54778289795,1000,False,6,8,6.004992678421908,-0.07138537193475039,1.7215447585107073,1.727999914125518,False,outputs_camera_ready/s2_base/seed_46,outputs_camera_ready/s2_base/seed_46/eval/best_model.zip
s2_base,46,52,123,15373.645173072815,1000,False,6,8,6.479535136470671,0.9988713002684237,1.777069263958029,1.8420327473856313,False,outputs_camera_ready/s2_base/seed_46,outputs_camera_ready/s2_base/seed_46/eval/best_model.zip
s2_base,46,53,123,15431.607736587524,1000,False,7,8,7.061374602351097,1.439702735729135,1.7965606845678843,1.8702985967203316,False,outputs_camera_ready/s2_base/seed_46,outputs_camera_ready/s2_base/seed_46/eval/best_model.zip
s2_base,46,54,123,15579.276488304138,1000,False,7,8,7.2534367237442465,-0.25044682693251397,1.8548485114588695,1.8576671217775398,False,outputs_camera_ready/s2_base/seed_46,outputs_camera_ready/s2_base/seed_46/eval/best_model.zip
s2_base,46,55,123,15496.65862941742,1000,False,6,8,6.071327612328329,0.6700260681924781,1.7070871175907314,1.762514937325032,False,outputs_camera_ready/s2_base/seed_46,outputs_camera_ready/s2_base/seed_46/eval/best_model.zip
s2_base,46,56,123,15646.70737361908,1000,False,7,8,7.315047626137192,-0.2666846265131074,1.8892184812846293,1.9512090366478625,False,outputs_camera_ready/s2_base/seed_46,outputs_camera_ready/s2_base/seed_46/eval/best_model.zip
s2_base,46,57,123,13006.536945819855,820,False,7,8,7.524383011876752,1.0608865448489337,1.5966183880759275,1.7623701536353054,True,outputs_camera_ready/s2_base/seed_46,outputs_camera_ready/s2_base/seed_46/eval/best_model.zip
s2_base,46,58,123,15518.917811393738,1000,False,6,8,6.471136879191474,0.49116606616931224,1.8034742515719444,1.861271413190144,False,outputs_camera_ready/s2_base/seed_46,outputs_camera_ready/s2_base/seed_46/eval/best_model.zip
s2_base,46,59,123,15345.698289871216,1000,False,6,8,6.191392484336987,0.8475786563278382,1.837741880171781,1.8393944383739198,False,outputs_camera_ready/s2_base/seed_46,outputs_camera_ready/s2_base/seed_46/eval/best_model.zip
s2_base,46,60,123,15397.550580978394,1000,False,6,8,6.280192870709615,0.9381533313913266,1.7890690371284048,1.8309706800481764,False,outputs_camera_ready/s2_base/seed_46,outputs_camera_ready/s2_base/seed_46/eval/best_model.zip
s2_base,46,61,123,15528.582343101501,1000,False,7,8,7.363141094126086,-0.06923879898336766,1.890048269952106,1.9053521706506125,False,outputs_camera_ready/s2_base/seed_46,outputs_camera_ready/s2_base/seed_46/eval/best_model.zip
s2_base,46,62,123,15555.108409881592,1000,False,7,8,7.065239171347095,0.39104776151058934,1.8939197588673267,1.9144738537276014,False,outputs_camera_ready/s2_base/seed_46,outputs_camera_ready/s2_base/seed_46/eval/best_model.zip
s2_base,46,63,123,15645.829377174377,1000,False,7,8,7.386881328839536,-0.050503376731107184,1.924131009611536,1.924131009611536,False,outputs_camera_ready/s2_base/seed_46,outputs_camera_ready/s2_base/seed_46/eval/best_model.zip
s2_base,46,64,123,15438.779851913452,1000,False,6,8,6.097001207904152,0.16341271436151927,1.7801596946791063,1.7801596946791063,False,outputs_camera_ready/s2_base/seed_46,outputs_camera_ready/s2_base/seed_46/eval/best_model.zip
s2_base,46,65,123,15337.489296913147,1000,False,5,8,5.424200534209377,0.9000185845948501,1.6750537066341333,1.7144179946104439,False,outputs_camera_ready/s2_base/seed_46,outputs_camera_ready/s2_base/seed_46/eval/best_model.zip
s2_base,46,66,123,15485.602757453918,1000,False,6,8,6.530197547364506,0.3842669617593382,1.8078717993395563,1.8294157856510798,False,outputs_camera_ready/s2_base/seed_46,outputs_camera_ready/s2_base/seed_46/eval/best_model.zip
s2_base,46,67,123,15443.638231277466,1000,False,6,8,6.151851320891522,0.32766489999500065,1.7813903812886864,1.7845069728135161,False,outputs_camera_ready/s2_base/seed_46,outputs_camera_ready/s2_base/seed_46/eval/best_model.zip
s2_base,46,68,123,15253.654444694519,1000,False,4,8,5.068317423199136,1.0398651081055204,1.6132115190539165,1.6343799773375147,False,outputs_camera_ready/s2_base/seed_46,outputs_camera_ready/s2_base/seed_46/eval/best_model.zip
s2_base,46,69,123,15536.21411705017,1000,False,6,8,6.504165925384867,0.24981968555548975,1.7980995093567615,1.811914261572512,False,outputs_camera_ready/s2_base/seed_46,outputs_camera_ready/s2_base/seed_46/eval/best_model.zip
s2_base,46,70,123,15503.744049072266,1000,False,6,8,6.477194097225851,0.6182956754681083,1.8076135979699004,1.8184470737186014,False,outputs_camera_ready/s2_base/seed_46,outputs_camera_ready/s2_base/seed_46/eval/best_model.zip
s2_base,46,71,123,15516.321751594543,1000,False,6,8,6.558424838426115,0.09184056534514555,1.7975713570073546,1.814616961677824,False,outputs_camera_ready/s2_base/seed_46,outputs_camera_ready/s2_base/seed_46/eval/best_model.zip
s2_base,46,72,123,15558.524341583252,1000,False,6,8,6.618765641984759,-0.9944370708768421,1.7861226528934089,1.7997439269726296,False,outputs_camera_ready/s2_base/seed_46,outputs_camera_ready/s2_base/seed_46/eval/best_model.zip
s2_base,46,73,123,15384.930362701416,1000,False,6,8,6.3929393544488775,0.5974321624832792,1.7805027539763973,1.8451383445584044,False,outputs_camera_ready/s2_base/seed_46,outputs_camera_ready/s2_base/seed_46/eval/best_model.zip
s2_base,46,74,123,15322.057538986206,1000,False,5,8,5.747009089925956,1.232991242608988,1.7054595944268496,1.7378446788730426,False,outputs_camera_ready/s2_base/seed_46,outputs_camera_ready/s2_base/seed_46/eval/best_model.zip
s2_base,46,75,123,15475.75234413147,1000,False,6,8,6.463779921123518,0.5804661641506837,1.7803476583802231,1.8009048920493262,False,outputs_camera_ready/s2_base/seed_46,outputs_camera_ready/s2_base/seed_46/eval/best_model.zip
s2_base,46,76,123,15411.306562423706,1000,False,6,8,6.064074299705025,0.7040992242527778,1.6946721490256067,1.7540254072325017,False,outputs_camera_ready/s2_base/seed_46,outputs_camera_ready/s2_base/seed_46/eval/best_model.zip
s2_base,46,77,123,15637.083760261536,1000,True,8,8,7.830477021527692,0.27443204519577785,1.995852819934546,2.0149263090812237,False,outputs_camera_ready/s2_base/seed_46,outputs_camera_ready/s2_base/seed_46/eval/best_model.zip
s2_base,46,78,123,15717.369835853577,1000,True,8,8,7.6711908024000905,-0.31361903450775674,1.9551187806793793,1.9551187806793793,False,outputs_camera_ready/s2_base/seed_46,outputs_camera_ready/s2_base/seed_46/eval/best_model.zip
s2_base,46,79,123,13520.983045101166,886,False,5,8,5.0395118345687,-2.0593133434388107,1.2647174489663182,1.6472856541942966,True,outputs_camera_ready/s2_base/seed_46,outputs_camera_ready/s2_base/seed_46/eval/best_model.zip
s2_base,46,80,123,15537.146265029907,1000,False,7,8,6.840137655166477,0.41740759115929216,1.8368998588497902,1.8505373350911496,False,outputs_camera_ready/s2_base/seed_46,outputs_camera_ready/s2_base/seed_46/eval/best_model.zip
s2_base,46,81,123,5806.432764530182,372,False,2,8,2.8701499855119734,1.471026724311927,1.0977815666666866,1.4139109016759086,True,outputs_camera_ready/s2_base/seed_46,outputs_camera_ready/s2_base/seed_46/eval/best_model.zip
s2_base,46,82,123,10298.058844804764,658,False,4,8,4.868725916772585,-0.7262048374073902,1.29473571936466,1.5391133885317312,True,outputs_camera_ready/s2_base/seed_46,outputs_camera_ready/s2_base/seed_46/eval/best_model.zip
s2_base,46,83,123,9176.422145605087,585,False,4,8,4.615550191921436,1.1321851855383254,1.2970917801607045,1.5491406318722405,True,outputs_camera_ready/s2_base/seed_46,outputs_camera_ready/s2_base/seed_46/eval/best_model.zip
s2_base,46,84,123,15588.490151405334,1000,True,8,8,7.695423025263229,0.6750897974313362,1.8458283324146143,1.979905734391911,False,outputs_camera_ready/s2_base/seed_46,outputs_camera_ready/s2_base/seed_46/eval/best_model.zip
s2_base,46,85,123,10684.253138303757,678,False,5,8,5.838031419970635,-1.699558108943335,1.393907670010863,1.5777822888324793,True,outputs_camera_ready/s2_base/seed_46,outputs_camera_ready/s2_base/seed_46/eval/best_model.zip
s2_base,46,86,123,15414.851692199707,1000,False,6,8,6.55875672381403,1.2023642042583012,1.794388209459133,1.8069141039672398,False,outputs_camera_ready/s2_base/seed_46,outputs_camera_ready/s2_base/seed_46/eval/best_model.zip
s2_base,46,87,123,15487.5899477005,1000,False,7,8,6.840530635958222,0.7129037679561506,1.8222378728956936,1.833962681435841,False,outputs_camera_ready/s2_base/seed_46,outputs_camera_ready/s2_base/seed_46/eval/best_model.zip
s2_base,46,88,123,15453.685243606567,1000,False,6,8,6.314591816416808,-0.5422107206157986,1.7682024490977002,1.809876115216262,False,outputs_camera_ready/s2_base/seed_46,outputs_camera_ready/s2_base/seed_46/eval/best_model.zip
s2_base,46,89,123,15235.2628698349,1000,False,6,8,6.092263657844639,1.4917470901751533,1.7400956716758582,1.7400956716758582,False,outputs_camera_ready/s2_base/seed_46,outputs_camera_ready/s2_base/seed_46/eval/best_model.zip
s2_base,46,90,123,13435.857392311096,859,False,6,8,6.651512742942194,-1.1443274167725872,1.4835994441955993,1.743352644759587,True,outputs_camera_ready/s2_base/seed_46,outputs_camera_ready/s2_base/seed_46/eval/best_model.zip
s2_base,46,91,123,15320.775889396667,1000,False,6,8,6.049505146441151,0.8987269040912578,1.7670542751059315,1.7670542751059315,False,outputs_camera_ready/s2_base/seed_46,outputs_camera_ready/s2_base/seed_46/eval/best_model.zip
s2_base,46,92,123,15512.237160682678,1000,False,6,8,6.565721136279557,0.6984971963927421,1.7956039250419318,1.824251593785823,False,outputs_camera_ready/s2_base/seed_46,outputs_camera_ready/s2_base/seed_46/eval/best_model.zip
s2_base,46,93,123,15629.184478759766,1000,False,7,8,7.338556723958763,-0.2483591779547178,1.9092889780585403,1.9092889780585403,False,outputs_camera_ready/s2_base/seed_46,outputs_camera_ready/s2_base/seed_46/eval/best_model.zip
s2_base,46,94,123,15372.982850074768,1000,False,5,8,5.898230947714232,1.1803904690280032,1.729464306920866,1.741988165281004,False,outputs_camera_ready/s2_base/seed_46,outputs_camera_ready/s2_base/seed_46/eval/best_model.zip
s2_base,46,95,123,15568.966219902039,1000,False,7,8,7.238984885242833,-0.5012404627992855,1.898955466266821,1.9116972244638688,False,outputs_camera_ready/s2_base/seed_46,outputs_camera_ready/s2_base/seed_46/eval/best_model.zip
s2_base,46,96,123,15560.245303153992,1000,False,7,8,7.598100335311587,1.1359572077388487,1.9046246167167469,1.9364289071612961,False,outputs_camera_ready/s2_base/seed_46,outputs_camera_ready/s2_base/seed_46/eval/best_model.zip
s2_base,46,97,123,15362.759907722473,1000,False,5,8,5.5027657084094,0.5043105031051006,1.6656039379420804,1.6973703259190065,False,outputs_camera_ready/s2_base/seed_46,outputs_camera_ready/s2_base/seed_46/eval/best_model.zip
s2_base,46,98,123,15551.832138061523,1000,False,6,8,6.736431795238355,0.06838721498265567,1.8050676797821303,1.8217224425815042,False,outputs_camera_ready/s2_base/seed_46,outputs_camera_ready/s2_base/seed_46/eval/best_model.zip
s2_base,46,99,123,15537.43422794342,1000,False,6,8,6.714870693461681,-0.46589424334313845,1.806409812068699,1.8147247785575953,False,outputs_camera_ready/s2_base/seed_46,outputs_camera_ready/s2_base/seed_46/eval/best_model.zip
s2_base,46,100,123,15370.998168945312,1000,False,5,8,5.9217637000537975,0.3468596326522887,1.7154500230784617,1.733250436812571,False,outputs_camera_ready/s2_base/seed_46,outputs_camera_ready/s2_base/seed_46/eval/best_model.zip
s2_world_frame_termination,42,1,123,14943.17185807228,954,True,8,8,7.805941088937325,-0.6514311872972527,2.000377452768229,2.000377452768229,True,outputs_camera_ready/s2_world_frame_termination/seed_42,outputs_camera_ready/s2_world_frame_termination/seed_42/eval/best_model.zip
s2_world_frame_termination,42,2,123,15382.767088890076,1000,False,6,8,6.435228892184552,-1.1384327463272157,1.818548804368862,1.8279354303423783,False,outputs_camera_ready/s2_world_frame_termination/seed_42,outputs_camera_ready/s2_world_frame_termination/seed_42/eval/best_model.zip
s2_world_frame_termination,42,3,123,9479.012247085571,613,False,5,8,4.119014153747585,-1.6101653302090893,0.9492845868767926,1.755412294948198,True,outputs_camera_ready/s2_world_frame_termination/seed_42,outputs_camera_ready/s2_world_frame_termination/seed_42/eval/best_model.zip
s2_world_frame_termination,42,4,123,15499.192890167236,1000,False,7,8,6.838445075701574,-0.8008898022867804,1.804003454204648,1.8288383394525887,False,outputs_camera_ready/s2_world_frame_termination/seed_42,outputs_camera_ready/s2_world_frame_termination/seed_42/eval/best_model.zip
s2_world_frame_termination,42,5,123,15590.128241539001,1000,False,7,8,7.583096617127148,-0.5821869706786561,1.9098205736786649,1.9405570176674072,False,outputs_camera_ready/s2_world_frame_termination/seed_42,outputs_camera_ready/s2_world_frame_termination/seed_42/eval/best_model.zip
s2_world_frame_termination,42,6,123,15570.520037651062,1000,False,7,8,6.8217612616760865,-0.29481872752255733,1.8205023718144746,1.8412944776804856,False,outputs_camera_ready/s2_world_frame_termination/seed_42,outputs_camera_ready/s2_world_frame_termination/seed_42/eval/best_model.zip
s2_world_frame_termination,42,7,123,15496.64642906189,1000,False,7,8,7.2756679546982825,-1.0619306452832096,1.9112223936756427,1.9307372144555988,False,outputs_camera_ready/s2_world_frame_termination/seed_42,outputs_camera_ready/s2_world_frame_termination/seed_42/eval/best_model.zip
s2_world_frame_termination,42,8,123,15300.212462425232,1000,False,5,8,5.467817878446207,-0.5120600131503984,1.7195065349971812,1.7307175457884614,False,outputs_camera_ready/s2_world_frame_termination/seed_42,outputs_camera_ready/s2_world_frame_termination/seed_42/eval/best_model.zip
s2_world_frame_termination,42,9,123,15413.44370174408,1000,False,6,8,6.007989893637226,-0.695438506405249,1.7256258892774436,1.7485108314154296,False,outputs_camera_ready/s2_world_frame_termination/seed_42,outputs_camera_ready/s2_world_frame_termination/seed_42/eval/best_model.zip
s2_world_frame_termination,42,10,123,9494.32861995697,586,False,7,8,7.16615514604615,-0.8709944562950579,0.9759842449140492,1.6570608876961779,True,outputs_camera_ready/s2_world_frame_termination/seed_42,outputs_camera_ready/s2_world_frame_termination/seed_42/eval/best_model.zip
s2_world_frame_termination,42,11,123,10608.943375349045,683,False,5,8,5.431642388290989,-2.764740155777583,0.9697197078917428,1.72284665051536,True,outputs_camera_ready/s2_world_frame_termination/seed_42,outputs_camera_ready/s2_world_frame_termination/seed_42/eval/best_model.zip
s2_world_frame_termination,42,12,123,7576.505150556564,491,False,3,8,3.237104676080181,-1.483098631641868,0.976026952161533,1.5453309373000785,True,outputs_camera_ready/s2_world_frame_termination/seed_42,outputs_camera_ready/s2_world_frame_termination/seed_42/eval/best_model.zip
s2_world_frame_termination,42,13,123,10143.81755900383,664,False,3,8,3.384438154186028,-2.1973062902584393,0.9884045000822723,1.53942903757109,True,outputs_camera_ready/s2_world_frame_termination/seed_42,outputs_camera_ready/s2_world_frame_termination/seed_42/eval/best_model.zip
s2_world_frame_termination,42,14,123,15661.511784553528,1000,False,7,8,7.471384581083983,-0.35296256734528914,1.919760010303554,1.9274780660666868,False,outputs_camera_ready/s2_world_frame_termination/seed_42,outputs_camera_ready/s2_world_frame_termination/seed_42/eval/best_model.zip
s2_world_frame_termination,42,15,123,15548.320157051086,1000,False,7,8,7.037230479677944,-0.3591859221415871,1.9123901168026556,1.9123901168026556,False,outputs_camera_ready/s2_world_frame_termination/seed_42,outputs_camera_ready/s2_world_frame_termination/seed_42/eval/best_model.zip
s2_world_frame_termination,42,16,123,11679.430908083916,761,False,4,8,3.9997500910901587,-1.2170566033197152,0.9573432215520098,1.659117991224363,True,outputs_camera_ready/s2_world_frame_termination/seed_42,outputs_camera_ready/s2_world_frame_termination/seed_42/eval/best_model.zip
s2_world_frame_termination,42,17,123,6731.09282875061,403,False,6,8,6.2535561272664015,-1.1132358521872041,0.9925487339635918,1.4187295917547598,True,outputs_camera_ready/s2_world_frame_termination/seed_42,outputs_camera_ready/s2_world_frame_termination/seed_42/eval/best_model.zip
s2_world_frame_termination,42,18,123,15540.316447257996,1000,False,7,8,7.343497402985222,-0.7911836093092813,1.9053970550127821,1.9549941131358852,False,outputs_camera_ready/s2_world_frame_termination/seed_42,outputs_camera_ready/s2_world_frame_termination/seed_42/eval/best_model.zip
s2_world_frame_termination,42,19,123,15523.872971534729,1000,False,6,8,6.509907784814454,-0.32741014113949307,1.804807861643341,1.8414502878844636,False,outputs_camera_ready/s2_world_frame_termination/seed_42,outputs_camera_ready/s2_world_frame_termination/seed_42/eval/best_model.zip
s2_world_frame_termination,42,20,123,15636.474089622498,1000,False,7,8,7.229647912059289,-0.3236086731104585,1.9149612974304149,1.9149612974304149,False,outputs_camera_ready/s2_world_frame_termination/seed_42,outputs_camera_ready/s2_world_frame_termination/seed_42/eval/best_model.zip
s2_world_frame_termination,42,21,123,15417.67743396759,1000,False,6,8,6.711847221388614,-0.8874135902604307,1.8295712450550807,1.8434869580439213,False,outputs_camera_ready/s2_world_frame_termination/seed_42,outputs_camera_ready/s2_world_frame_termination/seed_42/eval/best_model.zip
s2_world_frame_termination,42,22,123,15493.648760795593,1000,False,6,8,6.378436749769835,-0.28670550784169585,1.8020002948745302,1.825149109435195,False,outputs_camera_ready/s2_world_frame_termination/seed_42,outputs_camera_ready/s2_world_frame_termination/seed_42/eval/best_model.zip
s2_world_frame_termination,42,23,123,15537.634666442871,1000,False,6,8,6.523676664518975,-0.19734345136843126,1.7872244033982263,1.8264724106425556,False,outputs_camera_ready/s2_world_frame_termination/seed_42,outputs_camera_ready/s2_world_frame_termination/seed_42/eval/best_model.zip
s2_world_frame_termination,42,24,123,3018.9365055561066,209,False,0,8,0.012449390431717649,-2.2751957680139268,0.9995869448193478,1.4037190307293288,True,outputs_camera_ready/s2_world_frame_termination/seed_42,outputs_camera_ready/s2_world_frame_termination/seed_42/eval/best_model.zip
s2_world_frame_termination,42,25,123,15490.038369178772,1000,False,7,8,7.2595851765618,-0.9237737976099557,1.9075118693407584,1.9306133207187297,False,outputs_camera_ready/s2_world_frame_termination/seed_42,outputs_camera_ready/s2_world_frame_termination/seed_42/eval/best_model.zip
s2_world_frame_termination,42,26,123,15236.296874046326,1000,False,5,8,5.209781754399047,-0.07749353265181771,1.6049042002323641,1.6474830854157625,False,outputs_camera_ready/s2_world_frame_termination/seed_42,outputs_camera_ready/s2_world_frame_termination/seed_42/eval/best_model.zip
s2_world_frame_termination,42,27,123,2890.89179892838,189,False,0,8,1.2310705848158112,-2.0882256717911147,0.995255579490879,1.4077173985415707,True,outputs_camera_ready/s2_world_frame_termination/seed_42,outputs_camera_ready/s2_world_frame_termination/seed_42/eval/best_model.zip
s2_world_frame_termination,42,28,123,15325.222032546997,1000,False,6,8,6.6988017303797385,-1.2696883378814312,1.812955227279142,1.8277660740819806,False,outputs_camera_ready/s2_world_frame_termination/seed_42,outputs_camera_ready/s2_world_frame_termination/seed_42/eval/best_model.zip
s2_world_frame_termination,42,29,123,8548.433742046356,555,False,3,8,3.45056580724484,-2.5284184310977733,0.9749857286924055,1.553355746691768,True,outputs_camera_ready/s2_world_frame_termination/seed_42,outputs_camera_ready/s2_world_frame_termination/seed_42/eval/best_model.zip
s2_world_frame_termination,42,30,123,15513.154308319092,1000,False,7,8,7.044468331663439,-0.5711827637823617,1.9091939836149285,1.9128119684401714,False,outputs_camera_ready/s2_world_frame_termination/seed_42,outputs_camera_ready/s2_world_frame_termination/seed_42/eval/best_model.zip
s2_world_frame_termination,42,31,123,15513.068945884705,1000,False,7,8,7.102244671582643,-0.7349887324312936,1.915693597490056,1.915693597490056,False,outputs_camera_ready/s2_world_frame_termination/seed_42,outputs_camera_ready/s2_world_frame_termination/seed_42/eval/best_model.zip
s2_world_frame_termination,42,32,123,15475.595727920532,1000,False,6,8,6.024466234292888,-0.023787790102710916,1.7162518825664117,1.739952083744081,False,outputs_camera_ready/s2_world_frame_termination/seed_42,outputs_camera_ready/s2_world_frame_termination/seed_42/eval/best_model.zip
s2_world_frame_termination,42,33,123,15539.530102729797,1000,True,8,8,7.780712090725236,-1.3675002048360203,1.8785941916272073,1.9603050018553319,False,outputs_camera_ready/s2_world_frame_termination/seed_42,outputs_camera_ready/s2_world_frame_termination/seed_42/eval/best_model.zip
s2_world_frame_termination,42,34,123,6503.153957366943,409,False,3,8,3.879290546385138,-0.683601811825439,0.9887462015231508,1.4958751471625544,True,outputs_camera_ready/s2_world_frame_termination/seed_42,outputs_camera_ready/s2_world_frame_termination/seed_42/eval/best_model.zip
s2_world_frame_termination,42,35,123,14157.885444402695,927,False,6,8,6.0357092837475,-3.080397883131005,0.9831609752318112,1.8313772643360817,True,outputs_camera_ready/s2_world_frame_termination/seed_42,outputs_camera_ready/s2_world_frame_termination/seed_42/eval/best_model.zip
s2_world_frame_termination,42,36,123,15528.892806053162,1000,False,7,8,7.575501650279261,-0.9066236899419079,1.9223580061916161,1.9333992992141145,False,outputs_camera_ready/s2_world_frame_termination/seed_42,outputs_camera_ready/s2_world_frame_termination/seed_42/eval/best_model.zip
s2_world_frame_termination,42,37,123,15462.647315979004,1000,False,6,8,6.675616713314947,-0.539172111106372,1.8231343759004484,1.8390619380228646,False,outputs_camera_ready/s2_world_frame_termination/seed_42,outputs_camera_ready/s2_world_frame_termination/seed_42/eval/best_model.zip
s2_world_frame_termination,42,38,123,15475.19293498993,1000,False,6,8,6.505159826225174,-0.5316480337243676,1.8232279691045963,1.8291140926464275,False,outputs_camera_ready/s2_world_frame_termination/seed_42,outputs_camera_ready/s2_world_frame_termination/seed_42/eval/best_model.zip
s2_world_frame_termination,42,39,123,15331.119404792786,1000,False,6,8,6.733707370778079,-1.3381045892834542,1.8309015584822177,1.8312752757743693,False,outputs_camera_ready/s2_world_frame_termination/seed_42,outputs_camera_ready/s2_world_frame_termination/seed_42/eval/best_model.zip
s2_world_frame_termination,42,40,123,15615.597235679626,1000,True,8,8,7.6002902790791165,-0.7867662174013095,1.9082964376593525,1.9214386846853755,False,outputs_camera_ready/s2_world_frame_termination/seed_42,outputs_camera_ready/s2_world_frame_termination/seed_42/eval/best_model.zip
s2_world_frame_termination,42,41,123,11551.691350340843,739,False,6,8,6.479080959528351,-2.9892837782068438,0.9942305789252907,1.840721135117886,True,outputs_camera_ready/s2_world_frame_termination/seed_42,outputs_camera_ready/s2_world_frame_termination/seed_42/eval/best_model.zip
s2_world_frame_termination,42,42,123,13811.280152082443,881,False,7,8,7.126515943705085,-0.7294423371587199,0.9668798614113395,1.743582309889098,True,outputs_camera_ready/s2_world_frame_termination/seed_42,outputs_camera_ready/s2_world_frame_termination/seed_42/eval/best_model.zip
s2_world_frame_termination,42,43,123,15545.964226722717,1000,False,7,8,7.083701563914196,-0.555862957936348,1.9096395310820256,1.9195235415548075,False,outputs_camera_ready/s2_world_frame_termination/seed_42,outputs_camera_ready/s2_world_frame_termination/seed_42/eval/best_model.zip
s2_world_frame_termination,42,44,123,15398.874131202698,1000,False,5,8,5.906537063760872,-0.3697982043996075,1.7223722295448989,1.7308930410877992,False,outputs_camera_ready/s2_world_frame_termination/seed_42,outputs_camera_ready/s2_world_frame_termination/seed_42/eval/best_model.zip
s2_world_frame_termination,42,45,123,15451.079007148743,1000,False,6,8,6.272485794828494,-0.6971607323252987,1.822029794622278,1.8236971597103322,False,outputs_camera_ready/s2_world_frame_termination/seed_42,outputs_camera_ready/s2_world_frame_termination/seed_42/eval/best_model.zip
s2_world_frame_termination,42,46,123,15571.351328849792,1000,True,8,8,7.666866005901533,-1.16879218995562,1.9054098394706258,1.9507837970052844,False,outputs_camera_ready/s2_world_frame_termination/seed_42,outputs_camera_ready/s2_world_frame_termination/seed_42/eval/best_model.zip
s2_world_frame_termination,42,47,123,15431.878927230835,1000,False,6,8,6.747809225484533,-1.2102181660673133,1.816261395370993,1.8445067223925262,False,outputs_camera_ready/s2_world_frame_termination/seed_42,outputs_camera_ready/s2_world_frame_termination/seed_42/eval/best_model.zip
s2_world_frame_termination,42,48,123,15544.125663757324,1000,False,6,8,6.75484290405926,-0.5260132384442279,1.8287895593871761,1.8449851728144377,False,outputs_camera_ready/s2_world_frame_termination/seed_42,outputs_camera_ready/s2_world_frame_termination/seed_42/eval/best_model.zip
s2_world_frame_termination,42,49,123,15581.709990501404,1000,True,8,8,7.80007986690905,-0.9229454962247882,1.8024389148779818,1.9265691656569397,False,outputs_camera_ready/s2_world_frame_termination/seed_42,outputs_camera_ready/s2_world_frame_termination/seed_42/eval/best_model.zip
s2_world_frame_termination,42,50,123,15220.017024636269,975,True,8,8,7.758392457754499,-1.006594017493543,2.0007103278671914,2.0007103278671914,True,outputs_camera_ready/s2_world_frame_termination/seed_42,outputs_camera_ready/s2_world_frame_termination/seed_42/eval/best_model.zip
s2_world_frame_termination,42,51,123,15640.442070007324,1000,False,7,8,7.564831053218821,-0.4772240819701971,1.902637699096602,1.9277774250896442,False,outputs_camera_ready/s2_world_frame_termination/seed_42,outputs_camera_ready/s2_world_frame_termination/seed_42/eval/best_model.zip
s2_world_frame_termination,42,52,123,15604.121317029,995,True,8,8,8.037754910442763,-1.0465426133990197,2.0027153068578913,2.0027153068578913,True,outputs_camera_ready/s2_world_frame_termination/seed_42,outputs_camera_ready/s2_world_frame_termination/seed_42/eval/best_model.zip
s2_world_frame_termination,42,53,123,15466.756964683533,1000,False,7,8,7.358776224422331,-0.9897148366858093,1.894245586593583,1.9209441068630018,False,outputs_camera_ready/s2_world_frame_termination/seed_42,outputs_camera_ready/s2_world_frame_termination/seed_42/eval/best_model.zip
s2_world_frame_termination,42,54,123,7919.1609654426575,516,False,3,8,3.2613173613717223,-0.663299968962955,0.9669343959763561,1.5623930666771784,True,outputs_camera_ready/s2_world_frame_termination/seed_42,outputs_camera_ready/s2_world_frame_termination/seed_42/eval/best_model.zip
s2_world_frame_termination,42,55,123,15494.857835769653,1000,False,6,8,6.460643779842213,-0.4883918706385491,1.8059677234220703,1.8301496885283697,False,outputs_camera_ready/s2_world_frame_termination/seed_42,outputs_camera_ready/s2_world_frame_termination/seed_42/eval/best_model.zip
s2_world_frame_termination,42,56,123,15553.677557945251,1000,False,7,8,7.075580505051522,-0.740174846151736,1.873934790019205,1.879646451604282,False,outputs_camera_ready/s2_world_frame_termination/seed_42,outputs_camera_ready/s2_world_frame_termination/seed_42/eval/best_model.zip
s2_world_frame_termination,42,57,123,683.3173191547394,46,False,0,8,0.16191297914601563,-0.03405574929524283,0.9884147132310646,1.4024510439268036,True,outputs_camera_ready/s2_world_frame_termination/seed_42,outputs_camera_ready/s2_world_frame_termination/seed_42/eval/best_model.zip
s2_world_frame_termination,42,58,123,15448.399356842041,1000,False,6,8,6.307328373845605,-0.42568329242945807,1.7954817213898577,1.8340250234739353,False,outputs_camera_ready/s2_world_frame_termination/seed_42,outputs_camera_ready/s2_world_frame_termination/seed_42/eval/best_model.zip
s2_world_frame_termination,42,59,123,1936.4811741113663,128,False,0,8,0.6573878774540421,-1.5471870788226108,0.9982352814469975,1.4036634133045143,True,outputs_camera_ready/s2_world_frame_termination/seed_42,outputs_camera_ready/s2_world_frame_termination/seed_42/eval/best_model.zip
s2_world_frame_termination,42,60,123,15590.572806745768,1000,True,8,8,7.651737128226471,-0.845043169485027,2.004798198628111,2.004798198628111,True,outputs_camera_ready/s2_world_frame_termination/seed_42,outputs_camera_ready/s2_world_frame_termination/seed_42/eval/best_model.zip
s2_world_frame_termination,42,61,123,15476.020590782166,1000,False,6,8,6.525784014128374,-0.3590237464472943,1.7990727881890354,1.8337475085983865,False,outputs_camera_ready/s2_world_frame_termination/seed_42,outputs_camera_ready/s2_world_frame_termination/seed_42/eval/best_model.zip
s2_world_frame_termination,42,62,123,5550.118555307388,337,False,4,8,4.6878412937711795,-0.29601592128112153,0.9836017376951971,1.4229630334335324,True,outputs_camera_ready/s2_world_frame_termination/seed_42,outputs_camera_ready/s2_world_frame_termination/seed_42/eval/best_model.zip
s2_world_frame_termination,42,63,123,15502.858837127686,1000,False,6,8,6.572973454217986,-0.23304606223255767,1.8191439754419632,1.8347802234338986,False,outputs_camera_ready/s2_world_frame_termination/seed_42,outputs_camera_ready/s2_world_frame_termination/seed_42/eval/best_model.zip
s2_world_frame_termination,42,64,123,15518.602816581726,1000,False,6,8,6.582870451513588,-0.26364740468365877,1.8124204602951166,1.8339003700459864,False,outputs_camera_ready/s2_world_frame_termination/seed_42,outputs_camera_ready/s2_world_frame_termination/seed_42/eval/best_model.zip
s2_world_frame_termination,42,65,123,15248.713934659958,973,True,8,8,7.74951764203599,-0.5901961648121079,2.005679710278472,2.005679710278472,True,outputs_camera_ready/s2_world_frame_termination/seed_42,outputs_camera_ready/s2_world_frame_termination/seed_42/eval/best_model.zip
s2_world_frame_termination,42,66,123,15122.734103679657,966,True,8,8,7.698979242464835,-0.578907532112713,2.007496948666596,2.007496948666596,True,outputs_camera_ready/s2_world_frame_termination/seed_42,outputs_camera_ready/s2_world_frame_termination/seed_42/eval/best_model.zip
s2_world_frame_termination,42,67,123,15615.109010696411,1000,False,7,8,7.179458829227575,-0.47209899633828156,1.8872663449151321,1.9252463740105548,False,outputs_camera_ready/s2_world_frame_termination/seed_42,outputs_camera_ready/s2_world_frame_termination/seed_42/eval/best_model.zip
s2_world_frame_termination,42,68,123,15411.771446228027,1000,False,7,8,6.9898467434909115,-1.5161144785889842,1.9000544276340197,1.9339936634253696,False,outputs_camera_ready/s2_world_frame_termination/seed_42,outputs_camera_ready/s2_world_frame_termination/seed_42/eval/best_model.zip
s2_world_frame_termination,42,69,123,11045.582035154104,720,False,5,8,5.229245388722674,-2.466593073424323,0.9482672540170538,1.5936365326082442,True,outputs_camera_ready/s2_world_frame_termination/seed_42,outputs_camera_ready/s2_world_frame_termination/seed_42/eval/best_model.zip
s2_world_frame_termination,42,70,123,15449.461564064026,1000,False,6,8,6.786740507703024,-0.835615109244963,1.8268679463007367,1.8377910834007447,False,outputs_camera_ready/s2_world_frame_termination/seed_42,outputs_camera_ready/s2_world_frame_termination/seed_42/eval/best_model.zip
s2_world_frame_termination,42,71,123,15474.789421081543,1000,False,7,8,7.398416748515043,-1.4528547665493166,1.8926689146398883,1.9231524720445454,False,outputs_camera_ready/s2_world_frame_termination/seed_42,outputs_camera_ready/s2_world_frame_termination/seed_42/eval/best_model.zip
s2_world_frame_termination,42,72,123,15416.943344116211,1000,False,6,8,6.629233807008817,-0.8021793623438729,1.8223850626920328,1.8262073606528466,False,outputs_camera_ready/s2_world_frame_termination/seed_42,outputs_camera_ready/s2_world_frame_termination/seed_42/eval/best_model.zip
s2_world_frame_termination,42,73,123,15547.609943389893,1000,False,6,8,6.741719402863964,-0.2067785549308038,1.8237168780586825,1.8380944495734783,False,outputs_camera_ready/s2_world_frame_termination/seed_42,outputs_camera_ready/s2_world_frame_termination/seed_42/eval/best_model.zip
s2_world_frame_termination,42,74,123,15494.138397216797,1000,False,7,8,7.338616270685546,-1.086470795717502,1.9171306516586577,1.9334784449075457,False,outputs_camera_ready/s2_world_frame_termination/seed_42,outputs_camera_ready/s2_world_frame_termination/seed_42/eval/best_model.zip
s2_world_frame_termination,42,75,123,15586.32318019867,1000,False,7,8,7.060435508934549,-0.6745026035294127,1.8969127738282876,1.9090676119614651,False,outputs_camera_ready/s2_world_frame_termination/seed_42,outputs_camera_ready/s2_world_frame_termination/seed_42/eval/best_model.zip
s2_world_frame_termination,42,76,123,15462.213470458984,1000,False,6,8,6.575944247162151,-0.7920230073023753,1.8084426963535731,1.8306102137267128,False,outputs_camera_ready/s2_world_frame_termination/seed_42,outputs_camera_ready/s2_world_frame_termination/seed_42/eval/best_model.zip
s2_world_frame_termination,42,77,123,15566.472630500793,1000,False,7,8,7.233857293346922,-0.78757800230563,1.906088432229316,1.909806463344336,False,outputs_camera_ready/s2_world_frame_termination/seed_42,outputs_camera_ready/s2_world_frame_termination/seed_42/eval/best_model.zip
s2_world_frame_termination,42,78,123,15592.039743423462,1000,False,7,8,7.088071869497897,-0.367388565552959,1.9022282597007887,1.9231572347332848,False,outputs_camera_ready/s2_world_frame_termination/seed_42,outputs_camera_ready/s2_world_frame_termination/seed_42/eval/best_model.zip
s2_world_frame_termination,42,79,123,15439.325784683228,1000,False,6,8,6.605202875095903,-1.2566970593532878,1.810633364875021,1.8257148256858564,False,outputs_camera_ready/s2_world_frame_termination/seed_42,outputs_camera_ready/s2_world_frame_termination/seed_42/eval/best_model.zip
s2_world_frame_termination,42,80,123,8102.754562139511,528,False,3,8,3.0723279002023296,-2.281338353475815,0.9666900409761138,1.5496268327238294,True,outputs_camera_ready/s2_world_frame_termination/seed_42,outputs_camera_ready/s2_world_frame_termination/seed_42/eval/best_model.zip
s2_world_frame_termination,42,81,123,15536.51263999939,1000,False,7,8,6.907580798443697,-0.48545923103025507,1.939905731713186,1.939905731713186,False,outputs_camera_ready/s2_world_frame_termination/seed_42,outputs_camera_ready/s2_world_frame_termination/seed_42/eval/best_model.zip
s2_world_frame_termination,42,82,123,7180.698947429657,464,False,2,8,3.3716717438596917,-2.0111196408986842,0.957680383465857,1.5542550957328924,True,outputs_camera_ready/s2_world_frame_termination/seed_42,outputs_camera_ready/s2_world_frame_termination/seed_42/eval/best_model.zip
s2_world_frame_termination,42,83,123,15497.360675036907,992,True,8,8,7.727977025817567,-0.9844518300156656,2.000388109235014,2.000388109235014,True,outputs_camera_ready/s2_world_frame_termination/seed_42,outputs_camera_ready/s2_world_frame_termination/seed_42/eval/best_model.zip
s2_world_frame_termination,42,84,123,15351.435401916504,1000,False,6,8,6.572267017265212,-1.1406827170108929,1.8227057756015221,1.8598635243631951,False,outputs_camera_ready/s2_world_frame_termination/seed_42,outputs_camera_ready/s2_world_frame_termination/seed_42/eval/best_model.zip
s2_world_frame_termination,42,85,123,15547.697463989258,1000,False,7,8,7.094596765067039,-0.7250589930231585,1.9178445804021356,1.9396575295084788,False,outputs_camera_ready/s2_world_frame_termination/seed_42,outputs_camera_ready/s2_world_frame_termination/seed_42/eval/best_model.zip
s2_world_frame_termination,42,86,123,15418.922041893005,1000,False,6,8,6.689481878058165,-1.170992879305638,1.8153095213345083,1.8425047415533276,False,outputs_camera_ready/s2_world_frame_termination/seed_42,outputs_camera_ready/s2_world_frame_termination/seed_42/eval/best_model.zip
s2_world_frame_termination,42,87,123,15648.867162704468,1000,True,8,8,7.612579333400727,-0.41369978400504737,1.9201032261741855,1.9378684235166403,False,outputs_camera_ready/s2_world_frame_termination/seed_42,outputs_camera_ready/s2_world_frame_termination/seed_42/eval/best_model.zip
s2_world_frame_termination,42,88,123,15488.521676063538,1000,False,7,8,6.827018650860138,-0.8440928998788196,1.8291595433165855,1.836718579998372,False,outputs_camera_ready/s2_world_frame_termination/seed_42,outputs_camera_ready/s2_world_frame_termination/seed_42/eval/best_model.zip
s2_world_frame_termination,42,89,123,13241.683573246002,837,True,8,8,7.739217400812847,-0.9433477683745914,2.004246519289978,2.004246519289978,True,outputs_camera_ready/s2_world_frame_termination/seed_42,outputs_camera_ready/s2_world_frame_termination/seed_42/eval/best_model.zip
s2_world_frame_termination,42,90,123,6530.462188482285,408,False,3,8,4.287381066413136,-1.0384367432891461,0.9776410863440438,1.4156625896352715,True,outputs_camera_ready/s2_world_frame_termination/seed_42,outputs_camera_ready/s2_world_frame_termination/seed_42/eval/best_model.zip
s2_world_frame_termination,42,91,123,15416.314366340637,1000,False,7,8,6.906700082575813,-1.0729349543699818,1.9037931448103864,1.9128746077911076,False,outputs_camera_ready/s2_world_frame_termination/seed_42,outputs_camera_ready/s2_world_frame_termination/seed_42/eval/best_model.zip
s2_world_frame_termination,42,92,123,15519.445254325867,1000,False,6,8,6.605370834067457,-0.4204663290229173,1.817155159943251,1.8194479386448472,False,outputs_camera_ready/s2_world_frame_termination/seed_42,outputs_camera_ready/s2_world_frame_termination/seed_42/eval/best_model.zip
s2_world_frame_termination,42,93,123,15497.071238517761,1000,False,7,8,6.951149447071781,-0.35621237108831705,1.9278674398785902,1.9278674398785902,False,outputs_camera_ready/s2_world_frame_termination/seed_42,outputs_camera_ready/s2_world_frame_termination/seed_42/eval/best_model.zip
s2_world_frame_termination,42,94,123,15414.189625740051,1000,False,6,8,6.162268330227581,-0.5188969013268291,1.813684421310626,1.8209034601044067,False,outputs_camera_ready/s2_world_frame_termination/seed_42,outputs_camera_ready/s2_world_frame_termination/seed_42/eval/best_model.zip
s2_world_frame_termination,42,95,123,15466.202486038208,1000,False,7,8,7.251975410972984,-1.5577839539291152,1.9197867987495392,1.9197867987495392,False,outputs_camera_ready/s2_world_frame_termination/seed_42,outputs_camera_ready/s2_world_frame_termination/seed_42/eval/best_model.zip
s2_world_frame_termination,42,96,123,15491.657933235168,1000,False,6,8,6.490907335125705,-0.2076290288706856,1.8033141307152853,1.8149238480760261,False,outputs_camera_ready/s2_world_frame_termination/seed_42,outputs_camera_ready/s2_world_frame_termination/seed_42/eval/best_model.zip
s2_world_frame_termination,42,97,123,14520.703748106956,957,False,5,8,4.7244254902169605,-2.6521180592208897,0.9546771252387184,1.778550690150631,True,outputs_camera_ready/s2_world_frame_termination/seed_42,outputs_camera_ready/s2_world_frame_termination/seed_42/eval/best_model.zip
s2_world_frame_termination,42,98,123,15260.210542678833,1000,False,6,8,6.440158728647818,-1.2789413659719122,1.8150596428222878,1.8360411997555568,False,outputs_camera_ready/s2_world_frame_termination/seed_42,outputs_camera_ready/s2_world_frame_termination/seed_42/eval/best_model.zip
s2_world_frame_termination,42,99,123,15593.481992721558,1000,False,7,8,7.182403564884662,-0.6001617757584756,1.9189024025883106,1.9246780638292678,False,outputs_camera_ready/s2_world_frame_termination/seed_42,outputs_camera_ready/s2_world_frame_termination/seed_42/eval/best_model.zip
s2_world_frame_termination,42,100,123,15545.01545715332,1000,False,7,8,7.457021539776925,-0.7067009828592663,1.9235920416151373,1.9235920416151373,False,outputs_camera_ready/s2_world_frame_termination/seed_42,outputs_camera_ready/s2_world_frame_termination/seed_42/eval/best_model.zip
s2_world_frame_termination,43,1,123,14964.657076835632,1000,False,1,8,2.6031619906350967,-0.3267300353246509,1.3062947670096716,1.413643586103755,False,outputs_camera_ready/s2_world_frame_termination/seed_43,outputs_camera_ready/s2_world_frame_termination/seed_43/eval/best_model.zip
s2_world_frame_termination,43,2,123,14984.501602172852,1000,False,1,8,2.635299416273887,-0.31720220246189185,1.3108124910626446,1.4229440679688317,False,outputs_camera_ready/s2_world_frame_termination/seed_43,outputs_camera_ready/s2_world_frame_termination/seed_43/eval/best_model.zip
s2_world_frame_termination,43,3,123,14913.620419502258,1000,False,1,8,2.6231296337275465,-0.5884420347890186,1.31380112166525,1.4214851366180832,False,outputs_camera_ready/s2_world_frame_termination/seed_43,outputs_camera_ready/s2_world_frame_termination/seed_43/eval/best_model.zip
s2_world_frame_termination,43,4,123,14968.33244895935,1000,False,1,8,2.620383348071477,-0.27229143973586917,1.3119548084354715,1.4181550314927605,False,outputs_camera_ready/s2_world_frame_termination/seed_43,outputs_camera_ready/s2_world_frame_termination/seed_43/eval/best_model.zip
s2_world_frame_termination,43,5,123,14945.931319236755,1000,False,1,8,2.597630031706229,-0.401001537569723,1.3118063938269358,1.416207430047266,False,outputs_camera_ready/s2_world_frame_termination/seed_43,outputs_camera_ready/s2_world_frame_termination/seed_43/eval/best_model.zip
s2_world_frame_termination,43,6,123,14970.36876296997,1000,False,1,8,2.6172739693903186,-0.3378917623403468,1.3179543529116216,1.4143147758458143,False,outputs_camera_ready/s2_world_frame_termination/seed_43,outputs_camera_ready/s2_world_frame_termination/seed_43/eval/best_model.zip
s2_world_frame_termination,43,7,123,14933.884605407715,1000,False,1,8,2.5966970745126057,-0.4490939864382092,1.3217783588538479,1.4134713132068082,False,outputs_camera_ready/s2_world_frame_termination/seed_43,outputs_camera_ready/s2_world_frame_termination/seed_43/eval/best_model.zip
s2_world_frame_termination,43,8,123,14920.360194206238,1000,False,1,8,2.613488350173787,-0.62587130500436,1.3033888280838493,1.422184250231537,False,outputs_camera_ready/s2_world_frame_termination/seed_43,outputs_camera_ready/s2_world_frame_termination/seed_43/eval/best_model.zip
s2_world_frame_termination,43,9,123,14907.915866851807,1000,False,1,8,2.606234604607923,-0.680981141925456,1.315308985656451,1.4102900323805767,False,outputs_camera_ready/s2_world_frame_termination/seed_43,outputs_camera_ready/s2_world_frame_termination/seed_43/eval/best_model.zip
s2_world_frame_termination,43,10,123,14963.689073562622,1000,False,1,8,2.6269252002409846,-0.37574413708679993,1.3169321927582922,1.4225994056274207,False,outputs_camera_ready/s2_world_frame_termination/seed_43,outputs_camera_ready/s2_world_frame_termination/seed_43/eval/best_model.zip
s2_world_frame_termination,43,11,123,14961.506264686584,1000,False,1,8,2.6238156151770284,-0.3495703618934468,1.3161694372999067,1.4132438459851298,False,outputs_camera_ready/s2_world_frame_termination/seed_43,outputs_camera_ready/s2_world_frame_termination/seed_43/eval/best_model.zip
s2_world_frame_termination,43,12,123,14968.358268737793,1000,False,1,8,2.6183669709735766,-0.3179127178723781,1.3113853487164693,1.4137951952940042,False,outputs_camera_ready/s2_world_frame_termination/seed_43,outputs_camera_ready/s2_world_frame_termination/seed_43/eval/best_model.zip
s2_world_frame_termination,43,13,123,14961.65667629242,1000,False,1,8,2.619085007087299,-0.41284699485969506,1.3066536657565924,1.418000666054039,False,outputs_camera_ready/s2_world_frame_termination/seed_43,outputs_camera_ready/s2_world_frame_termination/seed_43/eval/best_model.zip
s2_world_frame_termination,43,14,123,14937.943343162537,1000,False,1,8,2.5953438550869032,-0.4602713664890565,1.3134848609584413,1.4141234326590455,False,outputs_camera_ready/s2_world_frame_termination/seed_43,outputs_camera_ready/s2_world_frame_termination/seed_43/eval/best_model.zip
s2_world_frame_termination,43,15,123,14915.91061782837,1000,False,1,8,2.61682257389022,-0.6017710412720801,1.3161014394230304,1.4140702157265421,False,outputs_camera_ready/s2_world_frame_termination/seed_43,outputs_camera_ready/s2_world_frame_termination/seed_43/eval/best_model.zip
s2_world_frame_termination,43,16,123,14998.569742202759,1000,False,1,8,2.6165431858340886,-0.11227650303145292,1.3144584817426532,1.4120082247861874,False,outputs_camera_ready/s2_world_frame_termination/seed_43,outputs_camera_ready/s2_world_frame_termination/seed_43/eval/best_model.zip
s2_world_frame_termination,43,17,123,14915.058003425598,1000,False,1,8,2.6025726175462736,-0.5942005464330405,1.3080420571940286,1.4227199254238097,False,outputs_camera_ready/s2_world_frame_termination/seed_43,outputs_camera_ready/s2_world_frame_termination/seed_43/eval/best_model.zip
s2_world_frame_termination,43,18,123,14951.860381126404,1000,False,1,8,2.593959202525407,-0.29682549786519197,1.3249489643832835,1.4230548801377252,False,outputs_camera_ready/s2_world_frame_termination/seed_43,outputs_camera_ready/s2_world_frame_termination/seed_43/eval/best_model.zip
s2_world_frame_termination,43,19,123,14923.222443580627,1000,False,1,8,2.6048786960728854,-0.4418538433497898,1.3054656543433663,1.4127312977435307,False,outputs_camera_ready/s2_world_frame_termination/seed_43,outputs_camera_ready/s2_world_frame_termination/seed_43/eval/best_model.zip
s2_world_frame_termination,43,20,123,14953.165214538574,1000,False,1,8,2.605831574940319,-0.2724153829612178,1.3122281573781565,1.4119513499477385,False,outputs_camera_ready/s2_world_frame_termination/seed_43,outputs_camera_ready/s2_world_frame_termination/seed_43/eval/best_model.zip
s2_world_frame_termination,43,21,123,14900.258584022522,1000,False,1,8,2.5905631140920584,-0.720025117475102,1.3129732103232363,1.4130387762453218,False,outputs_camera_ready/s2_world_frame_termination/seed_43,outputs_camera_ready/s2_world_frame_termination/seed_43/eval/best_model.zip
s2_world_frame_termination,43,22,123,14935.266289710999,1000,False,1,8,2.62531350697204,-0.41646046363856837,1.3102392596586352,1.4090834969052943,False,outputs_camera_ready/s2_world_frame_termination/seed_43,outputs_camera_ready/s2_world_frame_termination/seed_43/eval/best_model.zip
s2_world_frame_termination,43,23,123,14938.529790878296,1000,False,1,8,2.6090136405484428,-0.46435748891289147,1.301728764829915,1.4166610231041703,False,outputs_camera_ready/s2_world_frame_termination/seed_43,outputs_camera_ready/s2_world_frame_termination/seed_43/eval/best_model.zip
s2_world_frame_termination,43,24,123,14945.783071517944,1000,False,1,8,2.6079142018450274,-0.33976978222705867,1.3134342133471477,1.42246968361707,False,outputs_camera_ready/s2_world_frame_termination/seed_43,outputs_camera_ready/s2_world_frame_termination/seed_43/eval/best_model.zip
s2_world_frame_termination,43,25,123,14945.624032020569,1000,False,1,8,2.6010304272802993,-0.45874521170242316,1.3144990150556777,1.421858932580144,False,outputs_camera_ready/s2_world_frame_termination/seed_43,outputs_camera_ready/s2_world_frame_termination/seed_43/eval/best_model.zip
s2_world_frame_termination,43,26,123,14931.85682964325,1000,False,1,8,2.6178021100175797,-0.4246944292996864,1.3210260788417179,1.4199064706148743,False,outputs_camera_ready/s2_world_frame_termination/seed_43,outputs_camera_ready/s2_world_frame_termination/seed_43/eval/best_model.zip
s2_world_frame_termination,43,27,123,14942.145719528198,1000,False,1,8,2.6112333799557996,-0.3916127124577595,1.3204961289257051,1.4161333634307103,False,outputs_camera_ready/s2_world_frame_termination/seed_43,outputs_camera_ready/s2_world_frame_termination/seed_43/eval/best_model.zip
s2_world_frame_termination,43,28,123,14958.082666397095,1000,False,1,8,2.619366440951084,-0.26681653000738653,1.3015344381394165,1.4097372671599278,False,outputs_camera_ready/s2_world_frame_termination/seed_43,outputs_camera_ready/s2_world_frame_termination/seed_43/eval/best_model.zip
s2_world_frame_termination,43,29,123,14894.370157241821,1000,False,1,8,2.635767064663971,-0.6520287272812543,1.3281858930825974,1.411254956745852,False,outputs_camera_ready/s2_world_frame_termination/seed_43,outputs_camera_ready/s2_world_frame_termination/seed_43/eval/best_model.zip
s2_world_frame_termination,43,30,123,14950.60541343689,1000,False,1,8,2.6310211252273046,-0.4575477228660776,1.3073794633474793,1.4113575460365901,False,outputs_camera_ready/s2_world_frame_termination/seed_43,outputs_camera_ready/s2_world_frame_termination/seed_43/eval/best_model.zip
s2_world_frame_termination,43,31,123,14917.628482818604,1000,False,1,8,2.6293339571783796,-0.5409001011656448,1.303665215404074,1.4162179876225525,False,outputs_camera_ready/s2_world_frame_termination/seed_43,outputs_camera_ready/s2_world_frame_termination/seed_43/eval/best_model.zip
s2_world_frame_termination,43,32,123,14947.114396095276,1000,False,1,8,2.6055974230762606,-0.44951870271959093,1.3193364025509602,1.411993058982011,False,outputs_camera_ready/s2_world_frame_termination/seed_43,outputs_camera_ready/s2_world_frame_termination/seed_43/eval/best_model.zip
s2_world_frame_termination,43,33,123,14937.524913787842,1000,False,1,8,2.5870548855240076,-0.3101031123605666,1.3192213498009209,1.4087075924974908,False,outputs_camera_ready/s2_world_frame_termination/seed_43,outputs_camera_ready/s2_world_frame_termination/seed_43/eval/best_model.zip
s2_world_frame_termination,43,34,123,14967.419030189514,1000,False,1,8,2.606959657393837,-0.3480404967988953,1.311443913389677,1.4212511419024032,False,outputs_camera_ready/s2_world_frame_termination/seed_43,outputs_camera_ready/s2_world_frame_termination/seed_43/eval/best_model.zip
s2_world_frame_termination,43,35,123,14942.675457000732,1000,False,1,8,2.626398455216514,-0.31057329348733603,1.315959026974507,1.4195935585433648,False,outputs_camera_ready/s2_world_frame_termination/seed_43,outputs_camera_ready/s2_world_frame_termination/seed_43/eval/best_model.zip
s2_world_frame_termination,43,36,123,14929.114646911621,1000,False,1,8,2.608719345711959,-0.41539841848128667,1.3029688382185878,1.4135644790965778,False,outputs_camera_ready/s2_world_frame_termination/seed_43,outputs_camera_ready/s2_world_frame_termination/seed_43/eval/best_model.zip
s2_world_frame_termination,43,37,123,14950.90347290039,1000,False,1,8,2.6230885810456046,-0.3801920796622353,1.3098630186091607,1.4197893753092685,False,outputs_camera_ready/s2_world_frame_termination/seed_43,outputs_camera_ready/s2_world_frame_termination/seed_43/eval/best_model.zip
s2_world_frame_termination,43,38,123,14901.039652824402,1000,False,1,8,2.6189625345928276,-0.5887131172139245,1.3187337511509911,1.4165725863098784,False,outputs_camera_ready/s2_world_frame_termination/seed_43,outputs_camera_ready/s2_world_frame_termination/seed_43/eval/best_model.zip
s2_world_frame_termination,43,39,123,14942.45843219757,1000,False,1,8,2.596737297135674,-0.35459741025473757,1.3058833775315373,1.4116812675473092,False,outputs_camera_ready/s2_world_frame_termination/seed_43,outputs_camera_ready/s2_world_frame_termination/seed_43/eval/best_model.zip
s2_world_frame_termination,43,40,123,14931.0185546875,1000,False,1,8,2.6344295737468855,-0.5666073547617364,1.3087480645244527,1.420891464896224,False,outputs_camera_ready/s2_world_frame_termination/seed_43,outputs_camera_ready/s2_world_frame_termination/seed_43/eval/best_model.zip
s2_world_frame_termination,43,41,123,14969.287825584412,1000,False,1,8,2.6042258529275966,-0.2969862025659103,1.304704277305031,1.4119769176295986,False,outputs_camera_ready/s2_world_frame_termination/seed_43,outputs_camera_ready/s2_world_frame_termination/seed_43/eval/best_model.zip
s2_world_frame_termination,43,42,123,14955.36406135559,1000,False,1,8,2.5962931683066515,-0.2874766575416655,1.313480734107434,1.4117670557595474,False,outputs_camera_ready/s2_world_frame_termination/seed_43,outputs_camera_ready/s2_world_frame_termination/seed_43/eval/best_model.zip
s2_world_frame_termination,43,43,123,14881.69972038269,1000,False,1,8,2.604544969218065,-0.775730726333276,1.3294055518631889,1.4215429897270966,False,outputs_camera_ready/s2_world_frame_termination/seed_43,outputs_camera_ready/s2_world_frame_termination/seed_43/eval/best_model.zip
s2_world_frame_termination,43,44,123,14973.156904220581,1000,False,1,8,2.6145882190660346,-0.2595769332967715,1.3155645756285657,1.4138118715948294,False,outputs_camera_ready/s2_world_frame_termination/seed_43,outputs_camera_ready/s2_world_frame_termination/seed_43/eval/best_model.zip
s2_world_frame_termination,43,45,123,14985.974641799927,1000,False,1,8,2.6028352939118107,-0.21956422023076508,1.3066471828740243,1.4214464626357868,False,outputs_camera_ready/s2_world_frame_termination/seed_43,outputs_camera_ready/s2_world_frame_termination/seed_43/eval/best_model.zip
s2_world_frame_termination,43,46,123,14922.252488136292,1000,False,1,8,2.614049022049175,-0.5583067203433838,1.3093824427646672,1.4125474155325768,False,outputs_camera_ready/s2_world_frame_termination/seed_43,outputs_camera_ready/s2_world_frame_termination/seed_43/eval/best_model.zip
s2_world_frame_termination,43,47,123,14941.111478805542,1000,False,1,8,2.68320837396503,-0.5299769453120031,1.31340835151436,1.4226447539245908,False,outputs_camera_ready/s2_world_frame_termination/seed_43,outputs_camera_ready/s2_world_frame_termination/seed_43/eval/best_model.zip
s2_world_frame_termination,43,48,123,14965.797837257385,1000,False,1,8,2.5984763773831165,-0.4930994833954515,1.30972719759529,1.4131441197729342,False,outputs_camera_ready/s2_world_frame_termination/seed_43,outputs_camera_ready/s2_world_frame_termination/seed_43/eval/best_model.zip
s2_world_frame_termination,43,49,123,14906.847312927246,1000,False,1,8,2.581154347954207,-0.5897755614350676,1.3064274996270433,1.4126593959240141,False,outputs_camera_ready/s2_world_frame_termination/seed_43,outputs_camera_ready/s2_world_frame_termination/seed_43/eval/best_model.zip
s2_world_frame_termination,43,50,123,14937.588891983032,1000,False,1,8,2.65949355358792,-0.5314087670541413,1.3039548900566562,1.4208068927541178,False,outputs_camera_ready/s2_world_frame_termination/seed_43,outputs_camera_ready/s2_world_frame_termination/seed_43/eval/best_model.zip
s2_world_frame_termination,43,51,123,14917.922631263733,1000,False,1,8,2.636388444413866,-0.6576825523025495,1.306572272990474,1.4121632536670998,False,outputs_camera_ready/s2_world_frame_termination/seed_43,outputs_camera_ready/s2_world_frame_termination/seed_43/eval/best_model.zip
s2_world_frame_termination,43,52,123,14931.025990486145,1000,False,1,8,2.6180569509445433,-0.4902370983312487,1.3058334345843823,1.4109001081280719,False,outputs_camera_ready/s2_world_frame_termination/seed_43,outputs_camera_ready/s2_world_frame_termination/seed_43/eval/best_model.zip
s2_world_frame_termination,43,53,123,14959.966374397278,1000,False,1,8,2.609241332851436,-0.26942781179428954,1.3085836150366257,1.4210102117299952,False,outputs_camera_ready/s2_world_frame_termination/seed_43,outputs_camera_ready/s2_world_frame_termination/seed_43/eval/best_model.zip
s2_world_frame_termination,43,54,123,14912.199628829956,1000,False,1,8,2.619801134697541,-0.6277587807247124,1.309017357655155,1.409566936983324,False,outputs_camera_ready/s2_world_frame_termination/seed_43,outputs_camera_ready/s2_world_frame_termination/seed_43/eval/best_model.zip
s2_world_frame_termination,43,55,123,14919.419024467468,1000,False,1,8,2.630620127574811,-0.5768846441461569,1.3210926297126688,1.4240704229344967,False,outputs_camera_ready/s2_world_frame_termination/seed_43,outputs_camera_ready/s2_world_frame_termination/seed_43/eval/best_model.zip
s2_world_frame_termination,43,56,123,14961.546595573425,1000,False,1,8,2.610132704954098,-0.3041117887082539,1.3204239736330545,1.4124641904276865,False,outputs_camera_ready/s2_world_frame_termination/seed_43,outputs_camera_ready/s2_world_frame_termination/seed_43/eval/best_model.zip
s2_world_frame_termination,43,57,123,14931.449161529541,1000,False,1,8,2.6163900787961802,-0.444337429404853,1.3108972548152558,1.4072403069266033,False,outputs_camera_ready/s2_world_frame_termination/seed_43,outputs_camera_ready/s2_world_frame_termination/seed_43/eval/best_model.zip
s2_world_frame_termination,43,58,123,14868.15881061554,1000,False,1,8,2.620583238145871,-0.7292316755445729,1.310357874516083,1.417754937973052,False,outputs_camera_ready/s2_world_frame_termination/seed_43,outputs_camera_ready/s2_world_frame_termination/seed_43/eval/best_model.zip
s2_world_frame_termination,43,59,123,14910.888045310974,1000,False,1,8,2.606240317483039,-0.5346126062969532,1.3218192193546479,1.4200695834558914,False,outputs_camera_ready/s2_world_frame_termination/seed_43,outputs_camera_ready/s2_world_frame_termination/seed_43/eval/best_model.zip
s2_world_frame_termination,43,60,123,14880.901356697083,1000,False,1,8,2.59764201696848,-0.6667751104991021,1.3258783077647047,1.421857262078631,False,outputs_camera_ready/s2_world_frame_termination/seed_43,outputs_camera_ready/s2_world_frame_termination/seed_43/eval/best_model.zip
s2_world_frame_termination,43,61,123,14944.75790977478,1000,False,1,8,2.6355809645173096,-0.4167411584074096,1.3141351138149062,1.4230065757877852,False,outputs_camera_ready/s2_world_frame_termination/seed_43,outputs_camera_ready/s2_world_frame_termination/seed_43/eval/best_model.zip
s2_world_frame_termination,43,62,123,14928.216395378113,1000,False,1,8,2.601979595488192,-0.4733873178201708,1.3203589062236674,1.4137331800680213,False,outputs_camera_ready/s2_world_frame_termination/seed_43,outputs_camera_ready/s2_world_frame_termination/seed_43/eval/best_model.zip
s2_world_frame_termination,43,63,123,14928.274597167969,1000,False,1,8,2.612976938114516,-0.5037135500062855,1.3175390725039926,1.4112627775765199,False,outputs_camera_ready/s2_world_frame_termination/seed_43,outputs_camera_ready/s2_world_frame_termination/seed_43/eval/best_model.zip
s2_world_frame_termination,43,64,123,14905.574407577515,1000,False,1,8,2.604769506840826,-0.5401710838374473,1.3083997591445315,1.4114001287628155,False,outputs_camera_ready/s2_world_frame_termination/seed_43,outputs_camera_ready/s2_world_frame_termination/seed_43/eval/best_model.zip
s2_world_frame_termination,43,65,123,14981.40148639679,1000,False,1,8,2.614101874791006,0.0551304336412802,1.306314315630672,1.414991097160154,False,outputs_camera_ready/s2_world_frame_termination/seed_43,outputs_camera_ready/s2_world_frame_termination/seed_43/eval/best_model.zip
s2_world_frame_termination,43,66,123,14966.614457130432,1000,False,1,8,2.646626118612883,-0.2827658727018596,1.3120655321783419,1.4221446624169958,False,outputs_camera_ready/s2_world_frame_termination/seed_43,outputs_camera_ready/s2_world_frame_termination/seed_43/eval/best_model.zip
s2_world_frame_termination,43,67,123,14905.913039207458,1000,False,1,8,2.5985752293270568,-0.6141267593684391,1.3054914288605082,1.4177331064764718,False,outputs_camera_ready/s2_world_frame_termination/seed_43,outputs_camera_ready/s2_world_frame_termination/seed_43/eval/best_model.zip
s2_world_frame_termination,43,68,123,15007.621928215027,1000,False,1,8,2.608606230585512,0.09296279435169233,1.308324247369836,1.4174354109061043,False,outputs_camera_ready/s2_world_frame_termination/seed_43,outputs_camera_ready/s2_world_frame_termination/seed_43/eval/best_model.zip
s2_world_frame_termination,43,69,123,15007.410509109497,1000,False,1,8,2.623109850871581,-0.08219790170175753,1.3110725416389237,1.4203627368396974,False,outputs_camera_ready/s2_world_frame_termination/seed_43,outputs_camera_ready/s2_world_frame_termination/seed_43/eval/best_model.zip
s2_world_frame_termination,43,70,123,14955.667499542236,1000,False,1,8,2.601879599602153,-0.3285809934789607,1.3059614448641037,1.4124431244736186,False,outputs_camera_ready/s2_world_frame_termination/seed_43,outputs_camera_ready/s2_world_frame_termination/seed_43/eval/best_model.zip
s2_world_frame_termination,43,71,123,14961.067972183228,1000,False,1,8,2.6074238079208025,-0.30268417232753786,1.320457207938994,1.4129468200942943,False,outputs_camera_ready/s2_world_frame_termination/seed_43,outputs_camera_ready/s2_world_frame_termination/seed_43/eval/best_model.zip
s2_world_frame_termination,43,72,123,14950.834010124207,1000,False,1,8,2.6113784028818112,-0.3760837873403358,1.3066541101879177,1.4137360751028452,False,outputs_camera_ready/s2_world_frame_termination/seed_43,outputs_camera_ready/s2_world_frame_termination/seed_43/eval/best_model.zip
s2_world_frame_termination,43,73,123,14932.48481464386,1000,False,1,8,2.605099283365684,-0.39269644320375785,1.3074501424839835,1.4117176772771385,False,outputs_camera_ready/s2_world_frame_termination/seed_43,outputs_camera_ready/s2_world_frame_termination/seed_43/eval/best_model.zip
s2_world_frame_termination,43,74,123,14943.777208328247,1000,False,1,8,2.6210439350493386,-0.4403760189688812,1.3066972415851967,1.420307992457147,False,outputs_camera_ready/s2_world_frame_termination/seed_43,outputs_camera_ready/s2_world_frame_termination/seed_43/eval/best_model.zip
s2_world_frame_termination,43,75,123,14980.00537776947,1000,False,1,8,2.624854385414113,-0.33307488629270715,1.3139734853921174,1.4086565173551275,False,outputs_camera_ready/s2_world_frame_termination/seed_43,outputs_camera_ready/s2_world_frame_termination/seed_43/eval/best_model.zip
s2_world_frame_termination,43,76,123,14949.460577011108,1000,False,1,8,2.6145418203338058,-0.42444756337073813,1.3174846560300333,1.420788226612069,False,outputs_camera_ready/s2_world_frame_termination/seed_43,outputs_camera_ready/s2_world_frame_termination/seed_43/eval/best_model.zip
s2_world_frame_termination,43,77,123,14937.088924407959,1000,False,1,8,2.613459077847461,-0.46985595181283396,1.3101536845531636,1.4131459975232594,False,outputs_camera_ready/s2_world_frame_termination/seed_43,outputs_camera_ready/s2_world_frame_termination/seed_43/eval/best_model.zip
s2_world_frame_termination,43,78,123,14912.270800590515,1000,False,1,8,2.576649935148751,-0.5176019017020077,1.3265951408855976,1.4212632060927166,False,outputs_camera_ready/s2_world_frame_termination/seed_43,outputs_camera_ready/s2_world_frame_termination/seed_43/eval/best_model.zip
s2_world_frame_termination,43,79,123,14951.759468078613,1000,False,1,8,2.625617660949407,-0.3611625548070252,1.308414917945108,1.4113759056818744,False,outputs_camera_ready/s2_world_frame_termination/seed_43,outputs_camera_ready/s2_world_frame_termination/seed_43/eval/best_model.zip
s2_world_frame_termination,43,80,123,14927.47232913971,1000,False,1,8,2.633580893277529,-0.4444811577958436,1.3116839110246368,1.4146545830567896,False,outputs_camera_ready/s2_world_frame_termination/seed_43,outputs_camera_ready/s2_world_frame_termination/seed_43/eval/best_model.zip
s2_world_frame_termination,43,81,123,14942.44743347168,1000,False,1,8,2.6353243383775595,-0.4681560083611657,1.3106126053646932,1.4193117215772446,False,outputs_camera_ready/s2_world_frame_termination/seed_43,outputs_camera_ready/s2_world_frame_termination/seed_43/eval/best_model.zip
s2_world_frame_termination,43,82,123,14944.250434875488,1000,False,1,8,2.619386832078341,-0.4939965382145564,1.3109202777798288,1.422003258415909,False,outputs_camera_ready/s2_world_frame_termination/seed_43,outputs_camera_ready/s2_world_frame_termination/seed_43/eval/best_model.zip
s2_world_frame_termination,43,83,123,14935.6519613266,1000,False,1,8,2.5958288460912375,-0.44234523679481075,1.3035643868616391,1.4131714429786166,False,outputs_camera_ready/s2_world_frame_termination/seed_43,outputs_camera_ready/s2_world_frame_termination/seed_43/eval/best_model.zip
s2_world_frame_termination,43,84,123,14941.186279296875,1000,False,1,8,2.6295704369022963,-0.5153357821930405,1.3123268917585362,1.4210682041395455,False,outputs_camera_ready/s2_world_frame_termination/seed_43,outputs_camera_ready/s2_world_frame_termination/seed_43/eval/best_model.zip
s2_world_frame_termination,43,85,123,14950.245755195618,1000,False,1,8,2.644806413106821,-0.5118154336552839,1.3102701939399648,1.41189041787545,False,outputs_camera_ready/s2_world_frame_termination/seed_43,outputs_camera_ready/s2_world_frame_termination/seed_43/eval/best_model.zip
s2_world_frame_termination,43,86,123,14936.066895484924,1000,False,1,8,2.6035364272951247,-0.5334150252972323,1.320803188345768,1.417228705570199,False,outputs_camera_ready/s2_world_frame_termination/seed_43,outputs_camera_ready/s2_world_frame_termination/seed_43/eval/best_model.zip
s2_world_frame_termination,43,87,123,14979.760042190552,1000,False,1,8,2.5941464767317948,-0.19405323915342168,1.318813476018964,1.4127596039197088,False,outputs_camera_ready/s2_world_frame_termination/seed_43,outputs_camera_ready/s2_world_frame_termination/seed_43/eval/best_model.zip
s2_world_frame_termination,43,88,123,14938.305782318115,1000,False,1,8,2.5906843754353357,-0.3852442826938524,1.3056549159536486,1.4137345492909252,False,outputs_camera_ready/s2_world_frame_termination/seed_43,outputs_camera_ready/s2_world_frame_termination/seed_43/eval/best_model.zip
s2_world_frame_termination,43,89,123,14865.406324386597,1000,False,1,8,2.5625966116503736,-0.7736795057218261,1.3233217401235513,1.4132520155083441,False,outputs_camera_ready/s2_world_frame_termination/seed_43,outputs_camera_ready/s2_world_frame_termination/seed_43/eval/best_model.zip
s2_world_frame_termination,43,90,123,14925.039442062378,1000,False,1,8,2.5956709922166685,-0.5099266987382471,1.305146926758115,1.4234670633120103,False,outputs_camera_ready/s2_world_frame_termination/seed_43,outputs_camera_ready/s2_world_frame_termination/seed_43/eval/best_model.zip
s2_world_frame_termination,43,91,123,15004.590600967407,1000,False,1,8,2.605991314671945,-0.08320241224897384,1.2970999140932042,1.414490097431861,False,outputs_camera_ready/s2_world_frame_termination/seed_43,outputs_camera_ready/s2_world_frame_termination/seed_43/eval/best_model.zip
s2_world_frame_termination,43,92,123,14944.392755508423,1000,False,1,8,2.6131932096784833,-0.3514475390502111,1.311529892878207,1.4107529894182387,False,outputs_camera_ready/s2_world_frame_termination/seed_43,outputs_camera_ready/s2_world_frame_termination/seed_43/eval/best_model.zip
s2_world_frame_termination,43,93,123,14961.2077627182,1000,False,1,8,2.6364897602375557,-0.31244901709568046,1.3294915705738857,1.4126238699459441,False,outputs_camera_ready/s2_world_frame_termination/seed_43,outputs_camera_ready/s2_world_frame_termination/seed_43/eval/best_model.zip
s2_world_frame_termination,43,94,123,14962.77688217163,1000,False,1,8,2.597073269051949,-0.2817223721177481,1.3166795319271252,1.4185581705939265,False,outputs_camera_ready/s2_world_frame_termination/seed_43,outputs_camera_ready/s2_world_frame_termination/seed_43/eval/best_model.zip
s2_world_frame_termination,43,95,123,14946.542724609375,1000,False,1,8,2.6015949952666513,-0.30340853440800525,1.3090050732294847,1.4193898554230766,False,outputs_camera_ready/s2_world_frame_termination/seed_43,outputs_camera_ready/s2_world_frame_termination/seed_43/eval/best_model.zip
s2_world_frame_termination,43,96,123,14912.595133781433,1000,False,1,8,2.5829810864004914,-0.5026609214989105,1.3127323194503906,1.4129091206014535,False,outputs_camera_ready/s2_world_frame_termination/seed_43,outputs_camera_ready/s2_world_frame_termination/seed_43/eval/best_model.zip
s2_world_frame_termination,43,97,123,14947.359110832214,1000,False,1,8,2.593790362580641,-0.386824172207789,1.3044588065174938,1.418780551129392,False,outputs_camera_ready/s2_world_frame_termination/seed_43,outputs_camera_ready/s2_world_frame_termination/seed_43/eval/best_model.zip
s2_world_frame_termination,43,98,123,14940.782543182373,1000,False,1,8,2.631451308484521,-0.44738629717603795,1.3157606116346479,1.412080248378945,False,outputs_camera_ready/s2_world_frame_termination/seed_43,outputs_camera_ready/s2_world_frame_termination/seed_43/eval/best_model.zip
s2_world_frame_termination,43,99,123,14963.454244613647,1000,False,1,8,2.605523358506807,-0.2332786099246553,1.3048074122680926,1.411395022981355,False,outputs_camera_ready/s2_world_frame_termination/seed_43,outputs_camera_ready/s2_world_frame_termination/seed_43/eval/best_model.zip
s2_world_frame_termination,43,100,123,14967.375768661499,1000,False,1,8,2.6216921174349372,-0.2837495907370038,1.3192265090054196,1.4140616350485657,False,outputs_camera_ready/s2_world_frame_termination/seed_43,outputs_camera_ready/s2_world_frame_termination/seed_43/eval/best_model.zip
s2_world_frame_termination,44,1,123,8265.62359380722,512,False,5,8,5.7556931314372815,0.43864897989179497,0.9959412330056963,1.5032421933630908,True,outputs_camera_ready/s2_world_frame_termination/seed_44,outputs_camera_ready/s2_world_frame_termination/seed_44/eval/best_model.zip
s2_world_frame_termination,44,2,123,7330.092772245407,458,False,4,8,4.542557050803609,-0.354597054460722,0.9847309532330292,1.4085656161517708,True,outputs_camera_ready/s2_world_frame_termination/seed_44,outputs_camera_ready/s2_world_frame_termination/seed_44/eval/best_model.zip
s2_world_frame_termination,44,3,123,9219.096144914627,580,False,5,8,5.289879491827499,-0.6573383566392279,0.9864176086477409,1.593201835414566,True,outputs_camera_ready/s2_world_frame_termination/seed_44,outputs_camera_ready/s2_world_frame_termination/seed_44/eval/best_model.zip
s2_world_frame_termination,44,4,123,10194.027823209763,632,False,7,8,6.963928877199484,0.9076511154913788,0.9588220032244428,1.6690395027400757,True,outputs_camera_ready/s2_world_frame_termination/seed_44,outputs_camera_ready/s2_world_frame_termination/seed_44/eval/best_model.zip
s2_world_frame_termination,44,5,123,11166.842695891857,696,False,7,8,7.586517084110388,0.29107098971006945,0.9850278919843047,1.82826806694604,True,outputs_camera_ready/s2_world_frame_termination/seed_44,outputs_camera_ready/s2_world_frame_termination/seed_44/eval/best_model.zip
s2_world_frame_termination,44,6,123,9531.904599964619,595,False,6,8,6.1077424727154925,0.1706001565208638,0.9838953443573547,1.6245573106364226,True,outputs_camera_ready/s2_world_frame_termination/seed_44,outputs_camera_ready/s2_world_frame_termination/seed_44/eval/best_model.zip
s2_world_frame_termination,44,7,123,9162.417523384094,560,False,7,8,7.1545181056493625,-0.02943303189768415,0.9998389967060057,1.5818685347773795,True,outputs_camera_ready/s2_world_frame_termination/seed_44,outputs_camera_ready/s2_world_frame_termination/seed_44/eval/best_model.zip
s2_world_frame_termination,44,8,123,8043.147788524628,502,False,4,8,5.0245104332865775,0.47946688080984323,0.9984238945562992,1.4814453142494841,True,outputs_camera_ready/s2_world_frame_termination/seed_44,outputs_camera_ready/s2_world_frame_termination/seed_44/eval/best_model.zip
s2_world_frame_termination,44,9,123,16058.39376449585,1000,True,8,8,10.466759333605564,0.5860743707827348,1.0964579386963327,1.971815203614911,False,outputs_camera_ready/s2_world_frame_termination/seed_44,outputs_camera_ready/s2_world_frame_termination/seed_44/eval/best_model.zip
s2_world_frame_termination,44,10,123,10506.529590845108,654,False,7,8,7.019608725059473,1.1137593169216455,0.984240741403907,1.7752376442670068,True,outputs_camera_ready/s2_world_frame_termination/seed_44,outputs_camera_ready/s2_world_frame_termination/seed_44/eval/best_model.zip
s2_world_frame_termination,44,11,123,8330.35802412033,515,False,5,8,5.9936368533514015,0.958152874164747,0.9720570859384813,1.5227174889289596,True,outputs_camera_ready/s2_world_frame_termination/seed_44,outputs_camera_ready/s2_world_frame_termination/seed_44/eval/best_model.zip
s2_world_frame_termination,44,12,123,8548.351317882538,521,False,6,8,6.749346722909268,0.04060000698581428,0.9670280158838013,1.618936048389918,True,outputs_camera_ready/s2_world_frame_termination/seed_44,outputs_camera_ready/s2_world_frame_termination/seed_44/eval/best_model.zip
s2_world_frame_termination,44,13,123,8052.151322185993,510,False,4,8,4.4192396930262,-0.48364047992688813,0.9804061100982534,1.5320821696376996,True,outputs_camera_ready/s2_world_frame_termination/seed_44,outputs_camera_ready/s2_world_frame_termination/seed_44/eval/best_model.zip
s2_world_frame_termination,44,14,123,12050.062111325562,749,True,8,8,8.07574253060409,-0.8960203096523643,0.9958838472760206,1.7114349843318029,True,outputs_camera_ready/s2_world_frame_termination/seed_44,outputs_camera_ready/s2_world_frame_termination/seed_44/eval/best_model.zip
s2_world_frame_termination,44,15,123,7945.011643886566,494,False,5,8,5.306236145162058,0.6082354494485349,0.9566167476024577,1.5874402745087635,True,outputs_camera_ready/s2_world_frame_termination/seed_44,outputs_camera_ready/s2_world_frame_termination/seed_44/eval/best_model.zip
s2_world_frame_termination,44,16,123,7968.86931180954,502,False,4,8,4.487920142958547,0.4241684460210609,0.9934033363019321,1.5322279808434125,True,outputs_camera_ready/s2_world_frame_termination/seed_44,outputs_camera_ready/s2_world_frame_termination/seed_44/eval/best_model.zip
s2_world_frame_termination,44,17,123,7826.510476112366,493,False,4,8,4.415198045276503,-0.0882934453461494,0.992218990410108,1.4835080724735648,True,outputs_camera_ready/s2_world_frame_termination/seed_44,outputs_camera_ready/s2_world_frame_termination/seed_44/eval/best_model.zip
s2_world_frame_termination,44,18,123,13987.407314538956,891,True,8,8,7.696403896054243,1.2593619035758592,2.0115399886848504,2.0115399886848504,True,outputs_camera_ready/s2_world_frame_termination/seed_44,outputs_camera_ready/s2_world_frame_termination/seed_44/eval/best_model.zip
s2_world_frame_termination,44,19,123,12706.774741649628,797,True,8,8,7.914579844510853,0.7695739204294886,0.9555514768558964,1.8681289826751428,True,outputs_camera_ready/s2_world_frame_termination/seed_44,outputs_camera_ready/s2_world_frame_termination/seed_44/eval/best_model.zip
s2_world_frame_termination,44,20,123,13021.220556735992,815,True,8,8,8.089612888889267,0.6295838240191615,2.0004345069763567,2.0004345069763567,True,outputs_camera_ready/s2_world_frame_termination/seed_44,outputs_camera_ready/s2_world_frame_termination/seed_44/eval/best_model.zip
s2_world_frame_termination,44,21,123,8522.608367204666,527,False,5,8,5.913719679751846,-0.782375058356629,0.9744706951832137,1.579075943414991,True,outputs_camera_ready/s2_world_frame_termination/seed_44,outputs_camera_ready/s2_world_frame_termination/seed_44/eval/best_model.zip
s2_world_frame_termination,44,22,123,6927.230428934097,433,False,4,8,4.481393658671934,1.0192628466777152,0.9636878336929464,1.4134054875153275,True,outputs_camera_ready/s2_world_frame_termination/seed_44,outputs_camera_ready/s2_world_frame_termination/seed_44/eval/best_model.zip
s2_world_frame_termination,44,23,123,8845.529193878174,550,False,6,8,6.063787121587619,1.7121622642441894,0.9922427995488855,1.5758618608663155,True,outputs_camera_ready/s2_world_frame_termination/seed_44,outputs_camera_ready/s2_world_frame_termination/seed_44/eval/best_model.zip
s2_world_frame_termination,44,24,123,2154.7906081676483,138,False,0,8,1.0830733350947614,0.609799760963221,0.9726762958000381,1.4094547937300672,True,outputs_camera_ready/s2_world_frame_termination/seed_44,outputs_camera_ready/s2_world_frame_termination/seed_44/eval/best_model.zip
s2_world_frame_termination,44,25,123,8730.256058692932,540,False,6,8,6.240483502004427,0.3940932466134673,0.979108083863551,1.565876079840105,True,outputs_camera_ready/s2_world_frame_termination/seed_44,outputs_camera_ready/s2_world_frame_termination/seed_44/eval/best_model.zip
s2_world_frame_termination,44,26,123,8307.285633087158,507,False,6,8,6.525881463349729,0.5429025432481603,0.9546146324917353,1.5516327470927842,True,outputs_camera_ready/s2_world_frame_termination/seed_44,outputs_camera_ready/s2_world_frame_termination/seed_44/eval/best_model.zip
s2_world_frame_termination,44,27,123,10822.068046092987,667,True,8,8,8.202064620636829,1.2799341815161567,2.003559904730613,2.003559904730613,True,outputs_camera_ready/s2_world_frame_termination/seed_44,outputs_camera_ready/s2_world_frame_termination/seed_44/eval/best_model.zip
s2_world_frame_termination,44,28,123,9113.237535238266,567,False,5,8,5.899280148884414,0.8810788392835159,0.9821701147407048,1.5681981727292749,True,outputs_camera_ready/s2_world_frame_termination/seed_44,outputs_camera_ready/s2_world_frame_termination/seed_44/eval/best_model.zip
s2_world_frame_termination,44,29,123,7861.677578926086,484,False,5,8,5.751105431870943,-0.37429178578146965,0.9769998481883712,1.5050661728231851,True,outputs_camera_ready/s2_world_frame_termination/seed_44,outputs_camera_ready/s2_world_frame_termination/seed_44/eval/best_model.zip
s2_world_frame_termination,44,30,123,10968.043933391571,680,False,7,8,7.494774618932628,0.3023362526666173,0.9999026344045382,1.7723395940473432,True,outputs_camera_ready/s2_world_frame_termination/seed_44,outputs_camera_ready/s2_world_frame_termination/seed_44/eval/best_model.zip
s2_world_frame_termination,44,31,123,8794.970251083374,551,False,5,8,5.497338158390239,0.865500218791402,0.9764395086090634,1.5782322427467013,True,outputs_camera_ready/s2_world_frame_termination/seed_44,outputs_camera_ready/s2_world_frame_termination/seed_44/eval/best_model.zip
s2_world_frame_termination,44,32,123,8797.120338916779,541,False,6,8,6.448009637741165,-0.24470952709430027,0.9955626125187084,1.5917113376192293,True,outputs_camera_ready/s2_world_frame_termination/seed_44,outputs_camera_ready/s2_world_frame_termination/seed_44/eval/best_model.zip
s2_world_frame_termination,44,33,123,9325.583616912365,587,False,5,8,5.440660746909094,-0.7678184153985199,0.9968462551940341,1.5777441244749626,True,outputs_camera_ready/s2_world_frame_termination/seed_44,outputs_camera_ready/s2_world_frame_termination/seed_44/eval/best_model.zip
s2_world_frame_termination,44,34,123,12767.61567747593,806,True,8,8,7.752329822190066,1.7518773734087993,2.0000180222269175,2.0000180222269175,True,outputs_camera_ready/s2_world_frame_termination/seed_44,outputs_camera_ready/s2_world_frame_termination/seed_44/eval/best_model.zip
s2_world_frame_termination,44,35,123,9875.71828007698,609,False,7,8,7.128691296389415,0.171254124786488,0.9765737026767175,1.5865795718638884,True,outputs_camera_ready/s2_world_frame_termination/seed_44,outputs_camera_ready/s2_world_frame_termination/seed_44/eval/best_model.zip
s2_world_frame_termination,44,36,123,6296.120357990265,400,False,2,8,3.2960550878217365,0.14530125695392693,0.9813831073054005,1.414541067054635,True,outputs_camera_ready/s2_world_frame_termination/seed_44,outputs_camera_ready/s2_world_frame_termination/seed_44/eval/best_model.zip
s2_world_frame_termination,44,37,123,8957.997242689133,562,False,5,8,5.485197675237718,0.832193237726757,0.9825906203036745,1.5650310924706072,True,outputs_camera_ready/s2_world_frame_termination/seed_44,outputs_camera_ready/s2_world_frame_termination/seed_44/eval/best_model.zip
s2_world_frame_termination,44,38,123,8363.993429660797,522,False,5,8,5.3362983633321175,-0.04303406141058192,0.977655890543307,1.5602212054672238,True,outputs_camera_ready/s2_world_frame_termination/seed_44,outputs_camera_ready/s2_world_frame_termination/seed_44/eval/best_model.zip
s2_world_frame_termination,44,39,123,7655.362072944641,469,False,5,8,5.792100492914208,0.4422995561636916,0.9773661566855116,1.5103340735464943,True,outputs_camera_ready/s2_world_frame_termination/seed_44,outputs_camera_ready/s2_world_frame_termination/seed_44/eval/best_model.zip
s2_world_frame_termination,44,40,123,10810.637728691101,667,True,8,8,7.8487879582733555,-0.23854419136884428,0.9885201556735747,1.772575873698102,True,outputs_camera_ready/s2_world_frame_termination/seed_44,outputs_camera_ready/s2_world_frame_termination/seed_44/eval/best_model.zip
s2_world_frame_termination,44,41,123,9137.592708826065,566,False,6,8,6.390378643346527,-0.27347676660095005,0.9669878754187496,1.6542756091919695,True,outputs_camera_ready/s2_world_frame_termination/seed_44,outputs_camera_ready/s2_world_frame_termination/seed_44/eval/best_model.zip
s2_world_frame_termination,44,42,123,12178.789476156235,763,True,8,8,7.880761993188316,1.1214457014794854,2.0066178998001574,2.0066178998001574,True,outputs_camera_ready/s2_world_frame_termination/seed_44,outputs_camera_ready/s2_world_frame_termination/seed_44/eval/best_model.zip
s2_world_frame_termination,44,43,123,3125.9798917770386,196,False,1,8,2.042813980147688,1.533615298641504,0.990521242722104,1.4083261879517084,True,outputs_camera_ready/s2_world_frame_termination/seed_44,outputs_camera_ready/s2_world_frame_termination/seed_44/eval/best_model.zip
s2_world_frame_termination,44,44,123,14692.036901175976,930,True,8,8,8.298847024285736,0.37667060922905504,0.9995927858394626,1.8655781892368246,True,outputs_camera_ready/s2_world_frame_termination/seed_44,outputs_camera_ready/s2_world_frame_termination/seed_44/eval/best_model.zip
s2_world_frame_termination,44,45,123,11881.134299755096,741,True,8,8,7.9499098888621536,1.1178996327748656,2.0102561465061943,2.0102561465061943,True,outputs_camera_ready/s2_world_frame_termination/seed_44,outputs_camera_ready/s2_world_frame_termination/seed_44/eval/best_model.zip
s2_world_frame_termination,44,46,123,9972.54982972145,613,False,7,8,7.54660309751313,1.1139072745390042,0.9842648535508342,1.70592628803833,True,outputs_camera_ready/s2_world_frame_termination/seed_44,outputs_camera_ready/s2_world_frame_termination/seed_44/eval/best_model.zip
s2_world_frame_termination,44,47,123,12947.731889486313,814,True,8,8,8.344303332767344,0.8785307394042007,0.9990872317367281,1.8651852864344987,True,outputs_camera_ready/s2_world_frame_termination/seed_44,outputs_camera_ready/s2_world_frame_termination/seed_44/eval/best_model.zip
s2_world_frame_termination,44,48,123,13297.944911837578,841,True,8,8,7.909745809839085,1.8489143484309492,2.008731299327445,2.008731299327445,True,outputs_camera_ready/s2_world_frame_termination/seed_44,outputs_camera_ready/s2_world_frame_termination/seed_44/eval/best_model.zip
s2_world_frame_termination,44,49,123,8797.797965049744,545,False,6,8,6.01234461846629,-0.29494242716933666,0.971143945374327,1.6170446753795935,True,outputs_camera_ready/s2_world_frame_termination/seed_44,outputs_camera_ready/s2_world_frame_termination/seed_44/eval/best_model.zip
s2_world_frame_termination,44,50,123,12203.270633935928,765,False,7,8,7.4984641860249885,-0.06060801760417865,0.9909076574971513,1.7451050890942243,True,outputs_camera_ready/s2_world_frame_termination/seed_44,outputs_camera_ready/s2_world_frame_termination/seed_44/eval/best_model.zip
s2_world_frame_termination,44,51,123,9357.840756952763,580,False,6,8,6.558644924952063,-0.6688979805297169,0.9654799287128635,1.7230216626905206,True,outputs_camera_ready/s2_world_frame_termination/seed_44,outputs_camera_ready/s2_world_frame_termination/seed_44/eval/best_model.zip
s2_world_frame_termination,44,52,123,7841.047986030579,492,False,4,8,4.676511450328685,0.36676697089679644,0.9887537902393444,1.4818761832023744,True,outputs_camera_ready/s2_world_frame_termination/seed_44,outputs_camera_ready/s2_world_frame_termination/seed_44/eval/best_model.zip
s2_world_frame_termination,44,53,123,10273.673035860062,640,False,7,8,6.842165974501034,1.4053732624443844,0.9710442446411254,1.654074963522744,True,outputs_camera_ready/s2_world_frame_termination/seed_44,outputs_camera_ready/s2_world_frame_termination/seed_44/eval/best_model.zip
s2_world_frame_termination,44,54,123,8924.373060703278,548,False,6,8,6.54672807386496,-0.7046434671098257,0.9588969570044744,1.6287474080398128,True,outputs_camera_ready/s2_world_frame_termination/seed_44,outputs_camera_ready/s2_world_frame_termination/seed_44/eval/best_model.zip
s2_world_frame_termination,44,55,123,8792.895891666412,570,False,3,8,3.4432625532894527,0.8891414702961458,0.966993459280693,1.6416075846987528,True,outputs_camera_ready/s2_world_frame_termination/seed_44,outputs_camera_ready/s2_world_frame_termination/seed_44/eval/best_model.zip
s2_world_frame_termination,44,56,123,10033.407497406006,634,False,5,8,5.840180293257736,2.3068728734099886,0.961716512740587,1.7048808399599893,True,outputs_camera_ready/s2_world_frame_termination/seed_44,outputs_camera_ready/s2_world_frame_termination/seed_44/eval/best_model.zip
s2_world_frame_termination,44,57,123,11452.244866728783,710,True,8,8,8.171583472769019,0.8296626245861572,0.9987949267929301,1.8900908746930305,True,outputs_camera_ready/s2_world_frame_termination/seed_44,outputs_camera_ready/s2_world_frame_termination/seed_44/eval/best_model.zip
s2_world_frame_termination,44,58,123,13709.767634809017,856,True,8,8,8.795585619454636,-0.8328809315073289,0.9981110013756094,1.9715966865056151,True,outputs_camera_ready/s2_world_frame_termination/seed_44,outputs_camera_ready/s2_world_frame_termination/seed_44/eval/best_model.zip
s2_world_frame_termination,44,59,123,12789.112717628479,805,True,8,8,7.8033459166876185,0.7578375902455565,2.003324640695859,2.003324640695859,True,outputs_camera_ready/s2_world_frame_termination/seed_44,outputs_camera_ready/s2_world_frame_termination/seed_44/eval/best_model.zip
s2_world_frame_termination,44,60,123,8511.973114967346,522,False,6,8,6.311753551369093,-0.07502229561621292,0.98756778589701,1.5551757418783398,True,outputs_camera_ready/s2_world_frame_termination/seed_44,outputs_camera_ready/s2_world_frame_termination/seed_44/eval/best_model.zip
s2_world_frame_termination,44,61,123,11402.799144029617,707,True,8,8,8.092040112555164,0.8669037613851782,0.9664788697338182,1.8644497893005965,True,outputs_camera_ready/s2_world_frame_termination/seed_44,outputs_camera_ready/s2_world_frame_termination/seed_44/eval/best_model.zip
s2_world_frame_termination,44,62,123,9593.04820394516,596,False,6,8,6.408636892304023,1.3196843008093888,0.9966605341527563,1.6982606257876725,True,outputs_camera_ready/s2_world_frame_termination/seed_44,outputs_camera_ready/s2_world_frame_termination/seed_44/eval/best_model.zip
s2_world_frame_termination,44,63,123,8794.882568836212,548,False,5,8,5.782102270519896,0.44720606326365075,0.990121802557703,1.5747625316227398,True,outputs_camera_ready/s2_world_frame_termination/seed_44,outputs_camera_ready/s2_world_frame_termination/seed_44/eval/best_model.zip
s2_world_frame_termination,44,64,123,8970.226090788841,562,False,5,8,5.564564786239274,-0.2960562447511322,0.9818520681965157,1.6439687966620367,True,outputs_camera_ready/s2_world_frame_termination/seed_44,outputs_camera_ready/s2_world_frame_termination/seed_44/eval/best_model.zip
s2_world_frame_termination,44,65,123,9070.359706640244,566,False,5,8,5.672368850877557,0.4675026584025046,0.963559057549043,1.5716168104696993,True,outputs_camera_ready/s2_world_frame_termination/seed_44,outputs_camera_ready/s2_world_frame_termination/seed_44/eval/best_model.zip
s2_world_frame_termination,44,66,123,15809.097516059875,1000,True,8,8,9.018341887886184,1.1347876485374946,1.0336410433510814,1.9036505398969115,False,outputs_camera_ready/s2_world_frame_termination/seed_44,outputs_camera_ready/s2_world_frame_termination/seed_44/eval/best_model.zip
s2_world_frame_termination,44,67,123,15984.031356811523,1000,True,8,8,10.395164126412936,1.455671062000259,1.0340359928754792,1.9647617357794345,False,outputs_camera_ready/s2_world_frame_termination/seed_44,outputs_camera_ready/s2_world_frame_termination/seed_44/eval/best_model.zip
s2_world_frame_termination,44,68,123,7359.938331604004,455,False,4,8,5.074318709744509,0.1919486159507706,0.991998395991053,1.4100377988072643,True,outputs_camera_ready/s2_world_frame_termination/seed_44,outputs_camera_ready/s2_world_frame_termination/seed_44/eval/best_model.zip
s2_world_frame_termination,44,69,123,9226.897774934769,577,False,5,8,5.819082783239265,-0.1353890981760127,0.9718350796272228,1.5857618564811151,True,outputs_camera_ready/s2_world_frame_termination/seed_44,outputs_camera_ready/s2_world_frame_termination/seed_44/eval/best_model.zip
s2_world_frame_termination,44,70,123,9245.562363147736,571,False,6,8,6.559708814107057,-0.5234150106227591,0.995452559700636,1.5662182493891328,True,outputs_camera_ready/s2_world_frame_termination/seed_44,outputs_camera_ready/s2_world_frame_termination/seed_44/eval/best_model.zip
s2_world_frame_termination,44,71,123,10271.615833640099,632,False,7,8,7.484730994347134,0.9485077808617293,0.9845768531692999,1.7636371191358906,True,outputs_camera_ready/s2_world_frame_termination/seed_44,outputs_camera_ready/s2_world_frame_termination/seed_44/eval/best_model.zip
s2_world_frame_termination,44,72,123,7263.858130007982,465,False,2,8,3.542195666797305,2.026536686848468,0.9974007944312122,1.4889242816350579,True,outputs_camera_ready/s2_world_frame_termination/seed_44,outputs_camera_ready/s2_world_frame_termination/seed_44/eval/best_model.zip
s2_world_frame_termination,44,73,123,10211.569103991613,668,False,2,8,3.4917667905558316,-1.6574225437074552,0.9775214470643807,1.4887826574722511,True,outputs_camera_ready/s2_world_frame_termination/seed_44,outputs_camera_ready/s2_world_frame_termination/seed_44/eval/best_model.zip
s2_world_frame_termination,44,74,123,7634.631609916687,473,False,5,8,5.317987999644502,1.1459812720198999,0.9752253299015878,1.5707196634372258,True,outputs_camera_ready/s2_world_frame_termination/seed_44,outputs_camera_ready/s2_world_frame_termination/seed_44/eval/best_model.zip
s2_world_frame_termination,44,75,123,10942.809172153473,673,True,8,8,8.14697201583385,-0.3680212884879441,0.9953476188925224,1.7468113076276142,True,outputs_camera_ready/s2_world_frame_termination/seed_44,outputs_camera_ready/s2_world_frame_termination/seed_44/eval/best_model.zip
s2_world_frame_termination,44,76,123,10009.262627840042,626,False,6,8,6.501091082504946,0.40035328264273395,0.9514584213189374,1.6673046975355197,True,outputs_camera_ready/s2_world_frame_termination/seed_44,outputs_camera_ready/s2_world_frame_termination/seed_44/eval/best_model.zip
s2_world_frame_termination,44,77,123,15955.466753959656,1000,True,8,8,9.815417286250858,-0.02422749456795488,1.0547206703840757,1.8763001298794695,False,outputs_camera_ready/s2_world_frame_termination/seed_44,outputs_camera_ready/s2_world_frame_termination/seed_44/eval/best_model.zip
s2_world_frame_termination,44,78,123,9856.771676063538,615,False,6,8,6.4075736120894415,1.2191640195855196,0.9664852035203768,1.5838346493579203,True,outputs_camera_ready/s2_world_frame_termination/seed_44,outputs_camera_ready/s2_world_frame_termination/seed_44/eval/best_model.zip
s2_world_frame_termination,44,79,123,7978.596926689148,502,False,4,8,4.931119728080126,0.8765215553312062,0.9785182376315509,1.5622034599203272,True,outputs_camera_ready/s2_world_frame_termination/seed_44,outputs_camera_ready/s2_world_frame_termination/seed_44/eval/best_model.zip
s2_world_frame_termination,44,80,123,9994.534559607506,619,False,6,8,6.730690980147524,0.0931635035196371,0.9567407743860568,1.7685208522693696,True,outputs_camera_ready/s2_world_frame_termination/seed_44,outputs_camera_ready/s2_world_frame_termination/seed_44/eval/best_model.zip
s2_world_frame_termination,44,81,123,8969.165923118591,563,False,5,8,5.452097071163037,0.44348174082589387,0.9761919138115153,1.5759539694058287,True,outputs_camera_ready/s2_world_frame_termination/seed_44,outputs_camera_ready/s2_world_frame_termination/seed_44/eval/best_model.zip
s2_world_frame_termination,44,82,123,8586.34061551094,534,False,5,8,5.6543644318987925,-0.28188097153275316,0.9795227978519263,1.554418147803584,True,outputs_camera_ready/s2_world_frame_termination/seed_44,outputs_camera_ready/s2_world_frame_termination/seed_44/eval/best_model.zip
s2_world_frame_termination,44,83,123,8458.129174232483,517,False,6,8,6.465167725672063,0.31100075207100164,0.9830744606720957,1.571676036230193,True,outputs_camera_ready/s2_world_frame_termination/seed_44,outputs_camera_ready/s2_world_frame_termination/seed_44/eval/best_model.zip
s2_world_frame_termination,44,84,123,11926.419921636581,748,True,8,8,7.716156682401081,2.412647350786197,0.9884702650507402,1.8457077732194493,True,outputs_camera_ready/s2_world_frame_termination/seed_44,outputs_camera_ready/s2_world_frame_termination/seed_44/eval/best_model.zip
s2_world_frame_termination,44,85,123,8504.325253248215,530,False,5,8,5.733827018732307,1.9683478674230108,0.9625434291071986,1.5715965139702361,True,outputs_camera_ready/s2_world_frame_termination/seed_44,outputs_camera_ready/s2_world_frame_termination/seed_44/eval/best_model.zip
s2_world_frame_termination,44,86,123,9177.014901161194,563,False,7,8,6.8329951575147065,0.5565492982807498,0.9942324280433734,1.561962716453415,True,outputs_camera_ready/s2_world_frame_termination/seed_44,outputs_camera_ready/s2_world_frame_termination/seed_44/eval/best_model.zip
s2_world_frame_termination,44,87,123,7504.854969501495,468,False,4,8,4.796324175015311,-0.42809993654843126,0.9953899115543925,1.4627950293376064,True,outputs_camera_ready/s2_world_frame_termination/seed_44,outputs_camera_ready/s2_world_frame_termination/seed_44/eval/best_model.zip
s2_world_frame_termination,44,88,123,9036.998660564423,556,False,6,8,6.616869837903658,0.9584729806694786,0.9518561125510556,1.6650149798379692,True,outputs_camera_ready/s2_world_frame_termination/seed_44,outputs_camera_ready/s2_world_frame_termination/seed_44/eval/best_model.zip
s2_world_frame_termination,44,89,123,12878.525827527046,818,False,7,8,6.766416150802396,-1.479838045498695,0.9961796332525674,1.857661673970812,True,outputs_camera_ready/s2_world_frame_termination/seed_44,outputs_camera_ready/s2_world_frame_termination/seed_44/eval/best_model.zip
s2_world_frame_termination,44,90,123,7660.731223344803,479,False,4,8,4.7064735521900065,0.6839201611082288,0.9814424768673067,1.4811348567649885,True,outputs_camera_ready/s2_world_frame_termination/seed_44,outputs_camera_ready/s2_world_frame_termination/seed_44/eval/best_model.zip
s2_world_frame_termination,44,91,123,12513.167231559753,787,True,8,8,7.754162880517143,1.2747816626978232,2.0059959955131212,2.0059959955131212,True,outputs_camera_ready/s2_world_frame_termination/seed_44,outputs_camera_ready/s2_world_frame_termination/seed_44/eval/best_model.zip
s2_world_frame_termination,44,92,123,7396.868097782135,463,False,4,8,4.598650097345817,0.5102065253537519,0.9852927415650152,1.4728255689461194,True,outputs_camera_ready/s2_world_frame_termination/seed_44,outputs_camera_ready/s2_world_frame_termination/seed_44/eval/best_model.zip
s2_world_frame_termination,44,93,123,9287.83622789383,576,False,6,8,6.338724326585089,-0.4146347082544093,0.965821957725734,1.6250247078196576,True,outputs_camera_ready/s2_world_frame_termination/seed_44,outputs_camera_ready/s2_world_frame_termination/seed_44/eval/best_model.zip
s2_world_frame_termination,44,94,123,11102.424641728401,687,True,8,8,7.73068701777098,1.0463245082079446,0.9868720453944768,1.8916883392222026,True,outputs_camera_ready/s2_world_frame_termination/seed_44,outputs_camera_ready/s2_world_frame_termination/seed_44/eval/best_model.zip
s2_world_frame_termination,44,95,123,6921.053023576736,428,False,4,8,4.791838855806089,-0.14277641971993163,0.9764560544775791,1.4338865719204872,True,outputs_camera_ready/s2_world_frame_termination/seed_44,outputs_camera_ready/s2_world_frame_termination/seed_44/eval/best_model.zip
s2_world_frame_termination,44,96,123,8777.377227783203,548,False,5,8,5.486316531762339,0.38678688890747537,0.9898939571857974,1.5668590154944173,True,outputs_camera_ready/s2_world_frame_termination/seed_44,outputs_camera_ready/s2_world_frame_termination/seed_44/eval/best_model.zip
s2_world_frame_termination,44,97,123,15833.277576446533,1000,True,8,8,8.767806339665137,0.3007907251870058,1.0994068372508938,1.7805740613475198,False,outputs_camera_ready/s2_world_frame_termination/seed_44,outputs_camera_ready/s2_world_frame_termination/seed_44/eval/best_model.zip
s2_world_frame_termination,44,98,123,7581.085511207581,467,False,5,8,5.529977349724894,1.0301389532560703,0.9858449960017951,1.405462370757883,True,outputs_camera_ready/s2_world_frame_termination/seed_44,outputs_camera_ready/s2_world_frame_termination/seed_44/eval/best_model.zip
s2_world_frame_termination,44,99,123,9194.63137125969,572,False,6,8,6.151395146724615,0.8421881692101916,0.9769821878095749,1.678635183652059,True,outputs_camera_ready/s2_world_frame_termination/seed_44,outputs_camera_ready/s2_world_frame_termination/seed_44/eval/best_model.zip
s2_world_frame_termination,44,100,123,7673.6294194459915,487,False,3,8,4.152989792039345,1.7401075590447481,0.9878147186373937,1.5000366165472825,True,outputs_camera_ready/s2_world_frame_termination/seed_44,outputs_camera_ready/s2_world_frame_termination/seed_44/eval/best_model.zip
s2_world_frame_termination,45,1,123,15947.996930122375,1000,True,8,8,10.855904801074884,-1.759877337385573,1.1013348037006532,1.908317721161137,False,outputs_camera_ready/s2_world_frame_termination/seed_45,outputs_camera_ready/s2_world_frame_termination/seed_45/eval/best_model.zip
s2_world_frame_termination,45,2,123,15428.173992872238,985,True,8,8,7.723096640423739,-0.4703092825854226,2.0100338697226015,2.0100338697226015,True,outputs_camera_ready/s2_world_frame_termination/seed_45,outputs_camera_ready/s2_world_frame_termination/seed_45/eval/best_model.zip
s2_world_frame_termination,45,3,123,15640.799617767334,1000,False,7,8,7.358395258714196,0.17991037546913777,1.8646113443472851,1.9563791507149957,False,outputs_camera_ready/s2_world_frame_termination/seed_45,outputs_camera_ready/s2_world_frame_termination/seed_45/eval/best_model.zip
s2_world_frame_termination,45,4,123,13108.90112888813,823,True,8,8,7.890454041720143,0.8109362404820906,2.000716244090993,2.000716244090993,True,outputs_camera_ready/s2_world_frame_termination/seed_45,outputs_camera_ready/s2_world_frame_termination/seed_45/eval/best_model.zip
s2_world_frame_termination,45,5,123,11570.374871790409,730,False,7,8,6.880123023824407,-2.373564547424729,0.9827348220523344,1.777835647043667,True,outputs_camera_ready/s2_world_frame_termination/seed_45,outputs_camera_ready/s2_world_frame_termination/seed_45/eval/best_model.zip
s2_world_frame_termination,45,6,123,14137.718316078186,898,True,8,8,7.703184979655406,-0.6251103793346673,2.0017021811949993,2.0017021811949993,True,outputs_camera_ready/s2_world_frame_termination/seed_45,outputs_camera_ready/s2_world_frame_termination/seed_45/eval/best_model.zip
s2_world_frame_termination,45,7,123,14808.612580418587,941,True,8,8,7.784499751590698,-0.1600013014103404,2.007555347420775,2.007555347420775,True,outputs_camera_ready/s2_world_frame_termination/seed_45,outputs_camera_ready/s2_world_frame_termination/seed_45/eval/best_model.zip
s2_world_frame_termination,45,8,123,14109.238905787468,893,True,8,8,7.795522910626254,-0.35868884930061135,2.0128227211495537,2.0128227211495537,True,outputs_camera_ready/s2_world_frame_termination/seed_45,outputs_camera_ready/s2_world_frame_termination/seed_45/eval/best_model.zip
s2_world_frame_termination,45,9,123,14158.972780883312,899,True,8,8,7.799127441936649,-1.0744871065271153,2.007047398695128,2.007047398695128,True,outputs_camera_ready/s2_world_frame_termination/seed_45,outputs_camera_ready/s2_world_frame_termination/seed_45/eval/best_model.zip
s2_world_frame_termination,45,10,123,13426.642062485218,848,True,8,8,7.721937891388429,-0.578379171371523,2.0073650064595543,2.0073650064595543,True,outputs_camera_ready/s2_world_frame_termination/seed_45,outputs_camera_ready/s2_world_frame_termination/seed_45/eval/best_model.zip
s2_world_frame_termination,45,11,123,15298.933799386024,978,True,8,8,7.782692294300192,-0.6934820024216791,2.0106734361521386,2.0106734361521386,True,outputs_camera_ready/s2_world_frame_termination/seed_45,outputs_camera_ready/s2_world_frame_termination/seed_45/eval/best_model.zip
s2_world_frame_termination,45,12,123,14953.569478452206,954,True,8,8,7.7459277330537315,-0.7453336256819776,2.0085520790462605,2.0085520790462605,True,outputs_camera_ready/s2_world_frame_termination/seed_45,outputs_camera_ready/s2_world_frame_termination/seed_45/eval/best_model.zip
s2_world_frame_termination,45,13,123,12374.747295379639,775,True,8,8,7.7454089373104775,-0.5944490799576345,2.00269803722847,2.00269803722847,True,outputs_camera_ready/s2_world_frame_termination/seed_45,outputs_camera_ready/s2_world_frame_termination/seed_45/eval/best_model.zip
s2_world_frame_termination,45,14,123,13623.939151763916,864,False,7,8,7.127140019522407,-0.1988515774463335,2.0101331945579104,2.0101331945579104,True,outputs_camera_ready/s2_world_frame_termination/seed_45,outputs_camera_ready/s2_world_frame_termination/seed_45/eval/best_model.zip
s2_world_frame_termination,45,15,123,14440.390746116638,913,True,8,8,8.19867704497476,-0.4279032888104634,2.0008999589621594,2.0008999589621594,True,outputs_camera_ready/s2_world_frame_termination/seed_45,outputs_camera_ready/s2_world_frame_termination/seed_45/eval/best_model.zip
s2_world_frame_termination,45,16,123,15664.109636515379,1000,True,8,8,7.754456130187084,-0.4929154361700486,2.000066790513,2.000066790513,True,outputs_camera_ready/s2_world_frame_termination/seed_45,outputs_camera_ready/s2_world_frame_termination/seed_45/eval/best_model.zip
s2_world_frame_termination,45,17,123,13498.467155694962,850,True,8,8,8.09717551870297,-0.9599197335956902,2.0062072846550563,2.0062072846550563,True,outputs_camera_ready/s2_world_frame_termination/seed_45,outputs_camera_ready/s2_world_frame_termination/seed_45/eval/best_model.zip
s2_world_frame_termination,45,18,123,14203.111828684807,901,True,8,8,7.78128129495266,-0.3501066862203657,2.004658187586301,2.004658187586301,True,outputs_camera_ready/s2_world_frame_termination/seed_45,outputs_camera_ready/s2_world_frame_termination/seed_45/eval/best_model.zip
s2_world_frame_termination,45,19,123,14809.985592246056,945,True,8,8,7.709707511573358,-0.5860985942997022,2.0056702684143928,2.0056702684143928,True,outputs_camera_ready/s2_world_frame_termination/seed_45,outputs_camera_ready/s2_world_frame_termination/seed_45/eval/best_model.zip
s2_world_frame_termination,45,20,123,15237.512066364288,971,True,8,8,8.160005128802618,-0.46970066495533347,2.001422900521915,2.001422900521915,True,outputs_camera_ready/s2_world_frame_termination/seed_45,outputs_camera_ready/s2_world_frame_termination/seed_45/eval/best_model.zip
s2_world_frame_termination,45,21,123,15545.137585639954,1000,False,7,8,7.18073116552387,-0.6240642554475805,1.9197729358928974,1.9436749218432317,False,outputs_camera_ready/s2_world_frame_termination/seed_45,outputs_camera_ready/s2_world_frame_termination/seed_45/eval/best_model.zip
s2_world_frame_termination,45,22,123,15614.072038650513,1000,True,8,8,7.604951931576298,-0.7927108444285969,1.9387698174629264,1.9513694845981575,False,outputs_camera_ready/s2_world_frame_termination/seed_45,outputs_camera_ready/s2_world_frame_termination/seed_45/eval/best_model.zip
s2_world_frame_termination,45,23,123,15606.117299079895,1000,False,7,8,7.579471160787209,-0.6087433780315178,1.9438223196449824,1.9585819867298762,False,outputs_camera_ready/s2_world_frame_termination/seed_45,outputs_camera_ready/s2_world_frame_termination/seed_45/eval/best_model.zip
s2_world_frame_termination,45,24,123,14275.432706356049,906,True,8,8,7.773226291462695,-0.5267406711168227,2.0058547339947292,2.0058547339947292,True,outputs_camera_ready/s2_world_frame_termination/seed_45,outputs_camera_ready/s2_world_frame_termination/seed_45/eval/best_model.zip
s2_world_frame_termination,45,25,123,10275.990049123764,638,False,7,8,6.923898609904351,1.051927470015974,0.9911775308321039,1.573606925949339,True,outputs_camera_ready/s2_world_frame_termination/seed_45,outputs_camera_ready/s2_world_frame_termination/seed_45/eval/best_model.zip
s2_world_frame_termination,45,26,123,15344.145575940609,981,True,8,8,7.78950632169906,-0.5070444152571235,2.011753465529192,2.011753465529192,True,outputs_camera_ready/s2_world_frame_termination/seed_45,outputs_camera_ready/s2_world_frame_termination/seed_45/eval/best_model.zip
s2_world_frame_termination,45,27,123,15624.21765422821,1000,False,7,8,7.274251591553368,-0.4531022816546648,1.9256311662157768,1.9581270266771833,False,outputs_camera_ready/s2_world_frame_termination/seed_45,outputs_camera_ready/s2_world_frame_termination/seed_45/eval/best_model.zip
s2_world_frame_termination,45,28,123,14755.622402876616,935,True,8,8,7.700507816177711,0.07553074444970162,2.003499895475017,2.003499895475017,True,outputs_camera_ready/s2_world_frame_termination/seed_45,outputs_camera_ready/s2_world_frame_termination/seed_45/eval/best_model.zip
s2_world_frame_termination,45,29,123,15591.845952033997,1000,True,8,8,7.6529092138451915,-0.9254486350837859,1.9245118941298227,1.9796362364913396,False,outputs_camera_ready/s2_world_frame_termination/seed_45,outputs_camera_ready/s2_world_frame_termination/seed_45/eval/best_model.zip
s2_world_frame_termination,45,30,123,14071.28419828415,888,True,8,8,7.802912941413358,-0.1908335849305438,2.001423111533746,2.001423111533746,True,outputs_camera_ready/s2_world_frame_termination/seed_45,outputs_camera_ready/s2_world_frame_termination/seed_45/eval/best_model.zip
s2_world_frame_termination,45,31,123,13270.24284529686,833,True,8,8,7.8800696640034715,-0.6792332670782035,2.0101571185223515,2.0101571185223515,True,outputs_camera_ready/s2_world_frame_termination/seed_45,outputs_camera_ready/s2_world_frame_termination/seed_45/eval/best_model.zip
s2_world_frame_termination,45,32,123,14084.782744050026,892,True,8,8,7.787511725585623,-0.16113093902786058,2.0144913107581677,2.0144913107581677,True,outputs_camera_ready/s2_world_frame_termination/seed_45,outputs_camera_ready/s2_world_frame_termination/seed_45/eval/best_model.zip
s2_world_frame_termination,45,33,123,11689.73828279972,742,False,6,8,6.200117369463948,0.09517818941144418,0.999832385687911,1.7621390392443768,True,outputs_camera_ready/s2_world_frame_termination/seed_45,outputs_camera_ready/s2_world_frame_termination/seed_45/eval/best_model.zip
s2_world_frame_termination,45,34,123,15625.282424926758,1000,False,7,8,7.49470314403986,-0.5542268482754128,1.9306666359635516,1.960208486328575,False,outputs_camera_ready/s2_world_frame_termination/seed_45,outputs_camera_ready/s2_world_frame_termination/seed_45/eval/best_model.zip
s2_world_frame_termination,45,35,123,15524.91252040863,1000,False,6,8,6.772002089436335,-0.5591113964811324,1.8489264741556413,1.8663063809832907,False,outputs_camera_ready/s2_world_frame_termination/seed_45,outputs_camera_ready/s2_world_frame_termination/seed_45/eval/best_model.zip
s2_world_frame_termination,45,36,123,13431.92873775959,848,True,8,8,7.728189049463671,-0.27650745468003113,2.002069869773264,2.002069869773264,True,outputs_camera_ready/s2_world_frame_termination/seed_45,outputs_camera_ready/s2_world_frame_termination/seed_45/eval/best_model.zip
s2_world_frame_termination,45,37,123,13821.547594189644,876,True,8,8,7.798221666494218,-0.8438124944668417,2.010271753096484,2.010271753096484,True,outputs_camera_ready/s2_world_frame_termination/seed_45,outputs_camera_ready/s2_world_frame_termination/seed_45/eval/best_model.zip
s2_world_frame_termination,45,38,123,12501.61061528325,783,True,8,8,7.79386371107619,-0.5422192049046204,2.005206791486125,2.005206791486125,True,outputs_camera_ready/s2_world_frame_termination/seed_45,outputs_camera_ready/s2_world_frame_termination/seed_45/eval/best_model.zip
s2_world_frame_termination,45,39,123,14753.711458802223,945,True,8,8,7.698947205568738,-1.3907073640800622,2.001525715138602,2.001525715138602,True,outputs_camera_ready/s2_world_frame_termination/seed_45,outputs_camera_ready/s2_world_frame_termination/seed_45/eval/best_model.zip
s2_world_frame_termination,45,40,123,14510.374398827553,921,True,8,8,7.8649762854168115,0.7320732540439251,0.9953673468271385,1.9540721723448968,True,outputs_camera_ready/s2_world_frame_termination/seed_45,outputs_camera_ready/s2_world_frame_termination/seed_45/eval/best_model.zip
s2_world_frame_termination,45,41,123,15630.02155303955,1000,False,7,8,7.517525889095111,-0.3559804454475415,1.9400647123823929,1.9617159748294632,False,outputs_camera_ready/s2_world_frame_termination/seed_45,outputs_camera_ready/s2_world_frame_termination/seed_45/eval/best_model.zip
s2_world_frame_termination,45,42,123,15703.453217506409,1000,True,8,8,8.491828803945213,-2.02235331371307,1.4432597235111582,1.9992899071930477,False,outputs_camera_ready/s2_world_frame_termination/seed_45,outputs_camera_ready/s2_world_frame_termination/seed_45/eval/best_model.zip
s2_world_frame_termination,45,43,123,10492.032960414886,682,False,4,8,3.8767663800747774,-0.07381565055592405,0.9862891028669454,1.7457631777037421,True,outputs_camera_ready/s2_world_frame_termination/seed_45,outputs_camera_ready/s2_world_frame_termination/seed_45/eval/best_model.zip
s2_world_frame_termination,45,44,123,11626.36014354229,740,False,5,8,5.934564990490866,1.1470841248116987,0.9425151145426212,1.7349203308775167,True,outputs_camera_ready/s2_world_frame_termination/seed_45,outputs_camera_ready/s2_world_frame_termination/seed_45/eval/best_model.zip
s2_world_frame_termination,45,45,123,15169.633023262024,967,True,8,8,7.770756051529856,-0.405324859191191,2.0005893586499672,2.0005893586499672,True,outputs_camera_ready/s2_world_frame_termination/seed_45,outputs_camera_ready/s2_world_frame_termination/seed_45/eval/best_model.zip
s2_world_frame_termination,45,46,123,8287.248698949814,513,False,5,8,5.726607432798397,0.288905643726092,0.9995452720320074,1.6260203645233382,True,outputs_camera_ready/s2_world_frame_termination/seed_45,outputs_camera_ready/s2_world_frame_termination/seed_45/eval/best_model.zip
s2_world_frame_termination,45,47,123,12396.262595772743,777,True,8,8,7.889904874046889,0.8256287606956842,2.011084485504337,2.011084485504337,True,outputs_camera_ready/s2_world_frame_termination/seed_45,outputs_camera_ready/s2_world_frame_termination/seed_45/eval/best_model.zip
s2_world_frame_termination,45,48,123,15650.181567892432,994,True,8,8,8.661206886736895,0.31011308032745,0.9984638336323015,1.8557395030149728,True,outputs_camera_ready/s2_world_frame_termination/seed_45,outputs_camera_ready/s2_world_frame_termination/seed_45/eval/best_model.zip
s2_world_frame_termination,45,49,123,15198.9772990942,970,True,8,8,7.754775447917726,-0.38283012333340743,2.0058491319197835,2.0058491319197835,True,outputs_camera_ready/s2_world_frame_termination/seed_45,outputs_camera_ready/s2_world_frame_termination/seed_45/eval/best_model.zip
s2_world_frame_termination,45,50,123,14817.244951322675,943,True,8,8,7.724538319531587,-0.40305779987400286,2.000134868689645,2.000134868689645,True,outputs_camera_ready/s2_world_frame_termination/seed_45,outputs_camera_ready/s2_world_frame_termination/seed_45/eval/best_model.zip
s2_world_frame_termination,45,51,123,15581.104292869568,1000,False,7,8,6.836811686039941,-0.0973746538592386,1.829355574846699,1.8467761761456891,False,outputs_camera_ready/s2_world_frame_termination/seed_45,outputs_camera_ready/s2_world_frame_termination/seed_45/eval/best_model.zip
s2_world_frame_termination,45,52,123,14151.099003791809,902,False,7,8,7.289255623911472,0.9588066701054571,0.9825112178455984,1.9595625366491527,True,outputs_camera_ready/s2_world_frame_termination/seed_45,outputs_camera_ready/s2_world_frame_termination/seed_45/eval/best_model.zip
s2_world_frame_termination,45,53,123,15662.481520652771,1000,False,7,8,7.536307045090742,-0.33325212249581554,1.9434123048130192,1.9572308257121152,False,outputs_camera_ready/s2_world_frame_termination/seed_45,outputs_camera_ready/s2_world_frame_termination/seed_45/eval/best_model.zip
s2_world_frame_termination,45,54,123,15325.839862585068,980,True,8,8,7.681067711862364,-0.48047517159109154,2.0004060739794944,2.0004060739794944,True,outputs_camera_ready/s2_world_frame_termination/seed_45,outputs_camera_ready/s2_world_frame_termination/seed_45/eval/best_model.zip
s2_world_frame_termination,45,55,123,15153.063038021326,968,True,8,8,7.726362173861831,-0.7091538813731849,2.0012838969225357,2.0012838969225357,True,outputs_camera_ready/s2_world_frame_termination/seed_45,outputs_camera_ready/s2_world_frame_termination/seed_45/eval/best_model.zip
s2_world_frame_termination,45,56,123,12070.714716672897,749,True,8,8,8.237671554716536,-0.4203749066103513,0.9647684991238475,1.937693614685985,True,outputs_camera_ready/s2_world_frame_termination/seed_45,outputs_camera_ready/s2_world_frame_termination/seed_45/eval/best_model.zip
s2_world_frame_termination,45,57,123,15508.187961816788,991,True,8,8,7.707692848086311,-0.3449409558077571,2.004438222432575,2.004438222432575,True,outputs_camera_ready/s2_world_frame_termination/seed_45,outputs_camera_ready/s2_world_frame_termination/seed_45/eval/best_model.zip
s2_world_frame_termination,45,58,123,6496.5212059021,411,False,3,8,3.632445173051581,0.6810583590998887,0.9667541704749214,1.4029223995129945,True,outputs_camera_ready/s2_world_frame_termination/seed_45,outputs_camera_ready/s2_world_frame_termination/seed_45/eval/best_model.zip
s2_world_frame_termination,45,59,123,15789.48323726654,1000,True,8,8,8.775839897355562,1.0425977812288392,1.0639877036074643,1.980093574979084,False,outputs_camera_ready/s2_world_frame_termination/seed_45,outputs_camera_ready/s2_world_frame_termination/seed_45/eval/best_model.zip
s2_world_frame_termination,45,60,123,15672.134866714478,1000,True,8,8,7.708780339039262,-0.40135493124699095,1.9505179365196887,1.9505179365196887,False,outputs_camera_ready/s2_world_frame_termination/seed_45,outputs_camera_ready/s2_world_frame_termination/seed_45/eval/best_model.zip
s2_world_frame_termination,45,61,123,6580.271098136902,414,False,3,8,3.851161129245838,-0.19715054693601922,0.996844132893491,1.4051355271460546,True,outputs_camera_ready/s2_world_frame_termination/seed_45,outputs_camera_ready/s2_world_frame_termination/seed_45/eval/best_model.zip
s2_world_frame_termination,45,62,123,13640.584805727005,859,True,8,8,7.7494421171305605,-0.11286579761068186,2.003962941276237,2.003962941276237,True,outputs_camera_ready/s2_world_frame_termination/seed_45,outputs_camera_ready/s2_world_frame_termination/seed_45/eval/best_model.zip
s2_world_frame_termination,45,63,123,14514.839939594269,921,True,8,8,7.748149385744785,-0.5482196991816064,2.001345426604099,2.001345426604099,True,outputs_camera_ready/s2_world_frame_termination/seed_45,outputs_camera_ready/s2_world_frame_termination/seed_45/eval/best_model.zip
s2_world_frame_termination,45,64,123,14929.939585655928,951,True,8,8,7.718876002095544,-0.5617401948667989,2.0105723522242274,2.0105723522242274,True,outputs_camera_ready/s2_world_frame_termination/seed_45,outputs_camera_ready/s2_world_frame_termination/seed_45/eval/best_model.zip
s2_world_frame_termination,45,65,123,14492.563241839409,920,True,8,8,7.6852039028970776,-0.34022336949166615,2.0053044321457807,2.0053044321457807,True,outputs_camera_ready/s2_world_frame_termination/seed_45,outputs_camera_ready/s2_world_frame_termination/seed_45/eval/best_model.zip
s2_world_frame_termination,45,66,123,14457.961635529995,919,True,8,8,7.742396191142767,-0.63092783625175,2.005392583573772,2.005392583573772,True,outputs_camera_ready/s2_world_frame_termination/seed_45,outputs_camera_ready/s2_world_frame_termination/seed_45/eval/best_model.zip
s2_world_frame_termination,45,67,123,12361.281600177288,777,True,8,8,7.692686346717515,-0.8222982397920569,2.001146646193021,2.001146646193021,True,outputs_camera_ready/s2_world_frame_termination/seed_45,outputs_camera_ready/s2_world_frame_termination/seed_45/eval/best_model.zip
s2_world_frame_termination,45,68,123,15219.638786554337,970,True,8,8,7.684575553299698,-0.30312102157226983,2.011170912859528,2.011170912859528,True,outputs_camera_ready/s2_world_frame_termination/seed_45,outputs_camera_ready/s2_world_frame_termination/seed_45/eval/best_model.zip
s2_world_frame_termination,45,69,123,14428.49294924736,913,True,8,8,7.807508011767057,-0.12205922435708687,2.002012391877439,2.002012391877439,True,outputs_camera_ready/s2_world_frame_termination/seed_45,outputs_camera_ready/s2_world_frame_termination/seed_45/eval/best_model.zip
s2_world_frame_termination,45,70,123,15657.999041557312,1000,False,7,8,7.53564567867327,-0.4776254521808725,1.9581307270631905,1.9584289868718967,False,outputs_camera_ready/s2_world_frame_termination/seed_45,outputs_camera_ready/s2_world_frame_termination/seed_45/eval/best_model.zip
s2_world_frame_termination,45,71,123,15626.955341339111,1000,True,8,8,7.614224646075915,-0.8198904193923932,1.93017464567687,1.9644651436190954,False,outputs_camera_ready/s2_world_frame_termination/seed_45,outputs_camera_ready/s2_world_frame_termination/seed_45/eval/best_model.zip
s2_world_frame_termination,45,72,123,15499.923312306404,992,True,8,8,7.691671774893745,-0.7680656595841984,2.0016682059757334,2.0016682059757334,True,outputs_camera_ready/s2_world_frame_termination/seed_45,outputs_camera_ready/s2_world_frame_termination/seed_45/eval/best_model.zip
s2_world_frame_termination,45,73,123,15073.797261700034,960,True,8,8,7.785693546816872,-0.6146075230009462,2.0054573866525867,2.0054573866525867,True,outputs_camera_ready/s2_world_frame_termination/seed_45,outputs_camera_ready/s2_world_frame_termination/seed_45/eval/best_model.zip
s2_world_frame_termination,45,74,123,15619.368096351624,1000,True,8,8,7.831295371373853,-0.7973004924753482,1.946594682945201,1.959364149406145,False,outputs_camera_ready/s2_world_frame_termination/seed_45,outputs_camera_ready/s2_world_frame_termination/seed_45/eval/best_model.zip
s2_world_frame_termination,45,75,123,15250.830338418484,973,True,8,8,7.754432822768844,-0.48225896371445054,2.006013879520628,2.006013879520628,True,outputs_camera_ready/s2_world_frame_termination/seed_45,outputs_camera_ready/s2_world_frame_termination/seed_45/eval/best_model.zip
s2_world_frame_termination,45,76,123,14973.595816031098,955,True,8,8,7.697040826023032,-0.7581845805721251,2.000198737198859,2.000198737198859,True,outputs_camera_ready/s2_world_frame_termination/seed_45,outputs_camera_ready/s2_world_frame_termination/seed_45/eval/best_model.zip
s2_world_frame_termination,45,77,123,14742.566996872425,940,True,8,8,7.720746380672104,-0.8059662708014167,2.000824622850217,2.000824622850217,True,outputs_camera_ready/s2_world_frame_termination/seed_45,outputs_camera_ready/s2_world_frame_termination/seed_45/eval/best_model.zip
s2_world_frame_termination,45,78,123,14588.667961478233,926,True,8,8,7.793057997866106,-0.3857030884769664,2.0066252125845434,2.0066252125845434,True,outputs_camera_ready/s2_world_frame_termination/seed_45,outputs_camera_ready/s2_world_frame_termination/seed_45/eval/best_model.zip
s2_world_frame_termination,45,79,123,14503.922159194946,920,True,8,8,7.986643693107869,-0.3317751678603644,2.0059638428211177,2.0059638428211177,True,outputs_camera_ready/s2_world_frame_termination/seed_45,outputs_camera_ready/s2_world_frame_termination/seed_45/eval/best_model.zip
s2_world_frame_termination,45,80,123,15694.999974250793,1000,False,7,8,7.522389856955403,-0.09335142187983062,1.9308422460959627,1.9562479209730275,False,outputs_camera_ready/s2_world_frame_termination/seed_45,outputs_camera_ready/s2_world_frame_termination/seed_45/eval/best_model.zip
s2_world_frame_termination,45,81,123,12570.442224621773,783,True,8,8,8.015756376242694,-0.003946913108292278,2.002590029081065,2.002590029081065,True,outputs_camera_ready/s2_world_frame_termination/seed_45,outputs_camera_ready/s2_world_frame_termination/seed_45/eval/best_model.zip
s2_world_frame_termination,45,82,123,14281.272846460342,905,True,8,8,7.982074861163389,-0.4877655109582305,2.0030570271764403,2.0030570271764403,True,outputs_camera_ready/s2_world_frame_termination/seed_45,outputs_camera_ready/s2_world_frame_termination/seed_45/eval/best_model.zip
s2_world_frame_termination,45,83,123,14008.858027637005,895,False,7,8,7.0759198363369284,-0.7191034608983067,2.0043839425523293,2.0043839425523293,True,outputs_camera_ready/s2_world_frame_termination/seed_45,outputs_camera_ready/s2_world_frame_termination/seed_45/eval/best_model.zip
s2_world_frame_termination,45,84,123,14163.014152109623,897,True,8,8,7.762389208647726,-0.3360687828909889,2.0049679994073006,2.0049679994073006,True,outputs_camera_ready/s2_world_frame_termination/seed_45,outputs_camera_ready/s2_world_frame_termination/seed_45/eval/best_model.zip
s2_world_frame_termination,45,85,123,13832.670468688011,872,True,8,8,7.789241783887164,-0.34561991359184036,2.0053203492853324,2.0053203492853324,True,outputs_camera_ready/s2_world_frame_termination/seed_45,outputs_camera_ready/s2_world_frame_termination/seed_45/eval/best_model.zip
s2_world_frame_termination,45,86,123,15643.635255813599,1000,False,7,8,7.571339481827648,-0.512174565392885,1.949586995799689,1.969363620082328,False,outputs_camera_ready/s2_world_frame_termination/seed_45,outputs_camera_ready/s2_world_frame_termination/seed_45/eval/best_model.zip
s2_world_frame_termination,45,87,123,14786.988921165466,936,True,8,8,9.004515310747998,-2.5198921941614656,0.9589023354304792,1.917606539292727,True,outputs_camera_ready/s2_world_frame_termination/seed_45,outputs_camera_ready/s2_world_frame_termination/seed_45/eval/best_model.zip
s2_world_frame_termination,45,88,123,14744.920041561127,939,True,8,8,7.753532572092799,-0.4821400718686456,2.001141405785959,2.001141405785959,True,outputs_camera_ready/s2_world_frame_termination/seed_45,outputs_camera_ready/s2_world_frame_termination/seed_45/eval/best_model.zip
s2_world_frame_termination,45,89,123,15552.168581604958,993,True,8,8,7.745669364949856,-0.5062523674420681,2.0128285709044103,2.0128285709044103,True,outputs_camera_ready/s2_world_frame_termination/seed_45,outputs_camera_ready/s2_world_frame_termination/seed_45/eval/best_model.zip
s2_world_frame_termination,45,90,123,14883.070285320282,937,True,8,8,8.82490936407076,-2.121556249224444,0.9609241410917851,1.9875757530784444,True,outputs_camera_ready/s2_world_frame_termination/seed_45,outputs_camera_ready/s2_world_frame_termination/seed_45/eval/best_model.zip
s2_world_frame_termination,45,91,123,14486.515072286129,923,True,8,8,7.713056733437008,-0.8711933923231338,2.003907662547258,2.003907662547258,True,outputs_camera_ready/s2_world_frame_termination/seed_45,outputs_camera_ready/s2_world_frame_termination/seed_45/eval/best_model.zip
s2_world_frame_termination,45,92,123,14501.86251282692,919,True,8,8,7.773396745436709,0.22330842826861153,2.004316775539358,2.004316775539358,True,outputs_camera_ready/s2_world_frame_termination/seed_45,outputs_camera_ready/s2_world_frame_termination/seed_45/eval/best_model.zip
s2_world_frame_termination,45,93,123,15645.393371582031,1000,True,8,8,7.6046737041626375,-0.4088469665067329,1.9351905780787804,1.9501124011252646,False,outputs_camera_ready/s2_world_frame_termination/seed_45,outputs_camera_ready/s2_world_frame_termination/seed_45/eval/best_model.zip
s2_world_frame_termination,45,94,123,15574.466739654541,1000,False,7,8,7.085365206363727,-0.6194728518836031,1.9526407100305567,1.9675328102336729,False,outputs_camera_ready/s2_world_frame_termination/seed_45,outputs_camera_ready/s2_world_frame_termination/seed_45/eval/best_model.zip
s2_world_frame_termination,45,95,123,14881.364656805992,948,True,8,8,7.814778591353335,-0.7655895308288561,2.004571923522414,2.004571923522414,True,outputs_camera_ready/s2_world_frame_termination/seed_45,outputs_camera_ready/s2_world_frame_termination/seed_45/eval/best_model.zip
s2_world_frame_termination,45,96,123,14471.326861023903,920,True,8,8,7.833449799107255,-0.8596553934504853,2.005271915223098,2.005271915223098,True,outputs_camera_ready/s2_world_frame_termination/seed_45,outputs_camera_ready/s2_world_frame_termination/seed_45/eval/best_model.zip
s2_world_frame_termination,45,97,123,15589.787872672081,998,True,8,8,7.711907410443943,-0.6322448457869541,2.001147015891009,2.001147015891009,True,outputs_camera_ready/s2_world_frame_termination/seed_45,outputs_camera_ready/s2_world_frame_termination/seed_45/eval/best_model.zip
s2_world_frame_termination,45,98,123,14086.474623382092,890,True,8,8,7.7229191124098495,-0.0007042203014447332,2.004881842812599,2.004881842812599,True,outputs_camera_ready/s2_world_frame_termination/seed_45,outputs_camera_ready/s2_world_frame_termination/seed_45/eval/best_model.zip
s2_world_frame_termination,45,99,123,14570.501823335886,926,True,8,8,7.7321527066561835,-0.5841610150828369,2.004580433713063,2.004580433713063,True,outputs_camera_ready/s2_world_frame_termination/seed_45,outputs_camera_ready/s2_world_frame_termination/seed_45/eval/best_model.zip
s2_world_frame_termination,45,100,123,13607.544282883406,860,True,8,8,7.810901173278763,-0.4614279427536397,2.006208975908152,2.006208975908152,True,outputs_camera_ready/s2_world_frame_termination/seed_45,outputs_camera_ready/s2_world_frame_termination/seed_45/eval/best_model.zip
s2_world_frame_termination,46,1,123,13183.47761797905,820,True,8,8,8.59875680375104,-0.38043164751419467,2.0053212519429087,2.0053212519429087,True,outputs_camera_ready/s2_world_frame_termination/seed_46,outputs_camera_ready/s2_world_frame_termination/seed_46/eval/best_model.zip
s2_world_frame_termination,46,2,123,7550.208425045013,461,False,5,8,5.9228038312735665,-0.2231669012235196,0.9976638106073852,1.4895150141908058,True,outputs_camera_ready/s2_world_frame_termination/seed_46,outputs_camera_ready/s2_world_frame_termination/seed_46/eval/best_model.zip
s2_world_frame_termination,46,3,123,11155.912237405777,689,True,8,8,8.338383791209512,1.0777467037315085,2.0050928365539433,2.0050928365539433,True,outputs_camera_ready/s2_world_frame_termination/seed_46,outputs_camera_ready/s2_world_frame_termination/seed_46/eval/best_model.zip
s2_world_frame_termination,46,4,123,12893.534373760223,808,True,8,8,7.979724834808046,1.3560846135634237,0.9657960222960958,1.8361027450590124,True,outputs_camera_ready/s2_world_frame_termination/seed_46,outputs_camera_ready/s2_world_frame_termination/seed_46/eval/best_model.zip
s2_world_frame_termination,46,5,123,11444.636509180069,709,True,8,8,8.23233009667538,-0.32997550252858293,0.9947788081133528,1.7162253120805342,True,outputs_camera_ready/s2_world_frame_termination/seed_46,outputs_camera_ready/s2_world_frame_termination/seed_46/eval/best_model.zip
s2_world_frame_termination,46,6,123,13967.43947455287,881,True,8,8,8.070546423919424,-1.3680553277599765,2.00482030574263,2.00482030574263,True,outputs_camera_ready/s2_world_frame_termination/seed_46,outputs_camera_ready/s2_world_frame_termination/seed_46/eval/best_model.zip
s2_world_frame_termination,46,7,123,9137.989566802979,569,False,6,8,6.067710613737916,-0.9731700935404389,0.9925577197278384,1.5313910083910032,True,outputs_camera_ready/s2_world_frame_termination/seed_46,outputs_camera_ready/s2_world_frame_termination/seed_46/eval/best_model.zip
s2_world_frame_termination,46,8,123,13437.363252162933,847,True,8,8,7.842768570214324,1.7760592378402955,0.9997756979213662,1.8973457182731113,True,outputs_camera_ready/s2_world_frame_termination/seed_46,outputs_camera_ready/s2_world_frame_termination/seed_46/eval/best_model.zip
s2_world_frame_termination,46,9,123,11264.856552124023,692,True,8,8,8.688177695471428,-2.754661150601071,0.9986799462220292,1.7996410438768278,True,outputs_camera_ready/s2_world_frame_termination/seed_46,outputs_camera_ready/s2_world_frame_termination/seed_46/eval/best_model.zip
s2_world_frame_termination,46,10,123,15806.284224510193,1000,True,8,8,9.786783018685815,1.4946931318523626,1.0686974875338995,1.888884729609766,False,outputs_camera_ready/s2_world_frame_termination/seed_46,outputs_camera_ready/s2_world_frame_termination/seed_46/eval/best_model.zip
s2_world_frame_termination,46,11,123,6632.239232778549,413,False,4,8,4.605139688527785,-1.8307736887374033,0.9866773414615492,1.4197560716432496,True,outputs_camera_ready/s2_world_frame_termination/seed_46,outputs_camera_ready/s2_world_frame_termination/seed_46/eval/best_model.zip
s2_world_frame_termination,46,12,123,14347.947100400925,902,True,8,8,8.54383913621308,0.038142376799751805,2.007594016080013,2.007594016080013,True,outputs_camera_ready/s2_world_frame_termination/seed_46,outputs_camera_ready/s2_world_frame_termination/seed_46/eval/best_model.zip
s2_world_frame_termination,46,13,123,15197.784873485565,958,True,8,8,8.607324268939392,0.060561188912446016,2.003862079843165,2.003862079843165,True,outputs_camera_ready/s2_world_frame_termination/seed_46,outputs_camera_ready/s2_world_frame_termination/seed_46/eval/best_model.zip
s2_world_frame_termination,46,14,123,15065.026852846146,952,True,8,8,8.583490030363384,0.38281779265747806,2.008256689180134,2.008256689180134,True,outputs_camera_ready/s2_world_frame_termination/seed_46,outputs_camera_ready/s2_world_frame_termination/seed_46/eval/best_model.zip
s2_world_frame_termination,46,15,123,9896.18741607666,605,True,8,8,7.616733972386854,0.26409658955028104,0.9788469716485068,1.6651024816036109,True,outputs_camera_ready/s2_world_frame_termination/seed_46,outputs_camera_ready/s2_world_frame_termination/seed_46/eval/best_model.zip
s2_world_frame_termination,46,16,123,15211.746599912643,966,True,8,8,8.232403034393705,0.6187802802858622,0.9926392242754631,1.883884300308222,True,outputs_camera_ready/s2_world_frame_termination/seed_46,outputs_camera_ready/s2_world_frame_termination/seed_46/eval/best_model.zip
s2_world_frame_termination,46,17,123,13339.001661539078,835,True,8,8,8.123414916601334,0.2553209478067663,2.0014838554577454,2.0014838554577454,True,outputs_camera_ready/s2_world_frame_termination/seed_46,outputs_camera_ready/s2_world_frame_termination/seed_46/eval/best_model.zip
s2_world_frame_termination,46,18,123,1526.1875422000885,107,False,0,8,-0.17004820072717372,-0.8669929729822483,0.9796957952368329,1.420356553319956,True,outputs_camera_ready/s2_world_frame_termination/seed_46,outputs_camera_ready/s2_world_frame_termination/seed_46/eval/best_model.zip
s2_world_frame_termination,46,19,123,1756.0797300338745,122,False,0,8,-0.1149896622898154,-0.5837381330172084,0.9908791432872044,1.422731833480385,True,outputs_camera_ready/s2_world_frame_termination/seed_46,outputs_camera_ready/s2_world_frame_termination/seed_46/eval/best_model.zip
s2_world_frame_termination,46,20,123,13721.517139434814,867,True,8,8,8.465794026171325,1.413626531229865,2.0080451219819877,2.0080451219819877,True,outputs_camera_ready/s2_world_frame_termination/seed_46,outputs_camera_ready/s2_world_frame_termination/seed_46/eval/best_model.zip
s2_world_frame_termination,46,21,123,14431.375276327133,911,True,8,8,8.787601290946151,0.7521363635511883,2.001139984117336,2.001139984117336,True,outputs_camera_ready/s2_world_frame_termination/seed_46,outputs_camera_ready/s2_world_frame_termination/seed_46/eval/best_model.zip
s2_world_frame_termination,46,22,123,8832.976453065872,559,False,4,8,5.064504097599822,-1.1861649661207687,0.9837940859777183,1.4317117409060198,True,outputs_camera_ready/s2_world_frame_termination/seed_46,outputs_camera_ready/s2_world_frame_termination/seed_46/eval/best_model.zip
s2_world_frame_termination,46,23,123,9966.200489282608,614,False,7,8,7.272044510317281,0.3526749408765662,0.9743005194248983,1.8357948822440344,True,outputs_camera_ready/s2_world_frame_termination/seed_46,outputs_camera_ready/s2_world_frame_termination/seed_46/eval/best_model.zip
s2_world_frame_termination,46,24,123,7040.817787647247,440,False,4,8,4.535151909683858,-1.5876075824617777,0.9886994432174021,1.4198867425313575,True,outputs_camera_ready/s2_world_frame_termination/seed_46,outputs_camera_ready/s2_world_frame_termination/seed_46/eval/best_model.zip
s2_world_frame_termination,46,25,123,9967.285826206207,608,True,8,8,7.891655358795188,0.5067205271824288,0.9780182605126062,1.832635606819186,True,outputs_camera_ready/s2_world_frame_termination/seed_46,outputs_camera_ready/s2_world_frame_termination/seed_46/eval/best_model.zip
s2_world_frame_termination,46,26,123,8410.965866565704,510,False,7,8,7.288682760120408,0.35048450426861516,0.9987249964725057,1.5841476782828448,True,outputs_camera_ready/s2_world_frame_termination/seed_46,outputs_camera_ready/s2_world_frame_termination/seed_46/eval/best_model.zip
s2_world_frame_termination,46,27,123,12855.83501303196,803,True,8,8,8.235822189118517,0.47534546286135326,2.0006117640627377,2.0006117640627377,True,outputs_camera_ready/s2_world_frame_termination/seed_46,outputs_camera_ready/s2_world_frame_termination/seed_46/eval/best_model.zip
s2_world_frame_termination,46,28,123,10187.081301271915,612,True,8,8,9.298874385415939,-0.7223581979691239,0.9944862983376396,1.7259933632012678,True,outputs_camera_ready/s2_world_frame_termination/seed_46,outputs_camera_ready/s2_world_frame_termination/seed_46/eval/best_model.zip
s2_world_frame_termination,46,29,123,8395.168735980988,529,False,4,8,4.933782313583686,-1.4958560999995028,0.9945049111355737,1.4368139783230882,True,outputs_camera_ready/s2_world_frame_termination/seed_46,outputs_camera_ready/s2_world_frame_termination/seed_46/eval/best_model.zip
s2_world_frame_termination,46,30,123,2397.898410797119,154,False,0,8,1.2811474711152184,-1.4172825553288446,0.9766726616111967,1.4152197596768874,True,outputs_camera_ready/s2_world_frame_termination/seed_46,outputs_camera_ready/s2_world_frame_termination/seed_46/eval/best_model.zip
s2_world_frame_termination,46,31,123,12980.44318819046,812,True,8,8,8.078301443624328,0.11779023221407361,2.0051951341885177,2.0051951341885177,True,outputs_camera_ready/s2_world_frame_termination/seed_46,outputs_camera_ready/s2_world_frame_termination/seed_46/eval/best_model.zip
s2_world_frame_termination,46,32,123,12105.948299646378,753,True,8,8,8.284111536686288,-1.139628162799018,0.9843885019849844,1.9452420825635663,True,outputs_camera_ready/s2_world_frame_termination/seed_46,outputs_camera_ready/s2_world_frame_termination/seed_46/eval/best_model.zip
s2_world_frame_termination,46,33,123,8038.4638414382935,489,False,7,8,6.818067125088622,1.591078154321936,0.97682581633476,1.5609451853398708,True,outputs_camera_ready/s2_world_frame_termination/seed_46,outputs_camera_ready/s2_world_frame_termination/seed_46/eval/best_model.zip
s2_world_frame_termination,46,34,123,13469.028817176819,839,True,8,8,8.765278340617051,0.004837045830682515,2.005778654851472,2.005778654851472,True,outputs_camera_ready/s2_world_frame_termination/seed_46,outputs_camera_ready/s2_world_frame_termination/seed_46/eval/best_model.zip
s2_world_frame_termination,46,35,123,13512.01862218976,835,True,8,8,9.558203779558495,1.6288783062932548,0.9998849958227183,1.8864936788837519,True,outputs_camera_ready/s2_world_frame_termination/seed_46,outputs_camera_ready/s2_world_frame_termination/seed_46/eval/best_model.zip
s2_world_frame_termination,46,36,123,11852.727843523026,735,True,8,8,8.29854710311869,0.5754895940156675,2.0013578721314245,2.0013578721314245,True,outputs_camera_ready/s2_world_frame_termination/seed_46,outputs_camera_ready/s2_world_frame_termination/seed_46/eval/best_model.zip
s2_world_frame_termination,46,37,123,10092.440690279007,628,False,7,8,6.856550991009111,2.0100341932400245,0.9954624359167549,1.7351130713791083,True,outputs_camera_ready/s2_world_frame_termination/seed_46,outputs_camera_ready/s2_world_frame_termination/seed_46/eval/best_model.zip
s2_world_frame_termination,46,38,123,10935.922979354858,675,True,8,8,7.773279630743353,0.20226775273746478,0.9608739678374634,1.632058388497073,True,outputs_camera_ready/s2_world_frame_termination/seed_46,outputs_camera_ready/s2_world_frame_termination/seed_46/eval/best_model.zip
s2_world_frame_termination,46,39,123,7007.990364447236,440,False,3,8,4.237658382405113,1.017180732569704,0.9711092735821634,1.443600798752408,True,outputs_camera_ready/s2_world_frame_termination/seed_46,outputs_camera_ready/s2_world_frame_termination/seed_46/eval/best_model.zip
s2_world_frame_termination,46,40,123,15939.363737106323,1000,True,8,8,9.618008143998397,-1.2093303918488978,1.0777329544896888,1.8973841098710449,False,outputs_camera_ready/s2_world_frame_termination/seed_46,outputs_camera_ready/s2_world_frame_termination/seed_46/eval/best_model.zip
s2_world_frame_termination,46,41,123,11969.884878635406,745,True,8,8,7.8594273342136525,0.21174469531094625,2.006057943299938,2.006057943299938,True,outputs_camera_ready/s2_world_frame_termination/seed_46,outputs_camera_ready/s2_world_frame_termination/seed_46/eval/best_model.zip
s2_world_frame_termination,46,42,123,14129.878230929375,890,True,8,8,8.966639973759301,0.7165775120058767,2.002917192514088,2.002917192514088,True,outputs_camera_ready/s2_world_frame_termination/seed_46,outputs_camera_ready/s2_world_frame_termination/seed_46/eval/best_model.zip
s2_world_frame_termination,46,43,123,11152.56960458681,714,False,5,8,5.587169805129663,2.115168736993632,0.9821337579779867,1.7696786776383877,True,outputs_camera_ready/s2_world_frame_termination/seed_46,outputs_camera_ready/s2_world_frame_termination/seed_46/eval/best_model.zip
s2_world_frame_termination,46,44,123,9645.133179068565,601,False,6,8,6.2459433022253945,-1.1831701728271746,0.989884403289606,1.6274679282963764,True,outputs_camera_ready/s2_world_frame_termination/seed_46,outputs_camera_ready/s2_world_frame_termination/seed_46/eval/best_model.zip
s2_world_frame_termination,46,45,123,9326.788230419159,574,False,7,8,7.038836682462539,0.6268719009420853,0.9923685228191939,1.6931887731759983,True,outputs_camera_ready/s2_world_frame_termination/seed_46,outputs_camera_ready/s2_world_frame_termination/seed_46/eval/best_model.zip
s2_world_frame_termination,46,46,123,15944.812881469727,1000,True,8,8,9.637986938286653,0.04410987585903908,1.1069092310965922,1.902771770078918,False,outputs_camera_ready/s2_world_frame_termination/seed_46,outputs_camera_ready/s2_world_frame_termination/seed_46/eval/best_model.zip
s2_world_frame_termination,46,47,123,13641.523594617844,858,True,8,8,8.007485378259716,0.4027908597474107,2.004145678015965,2.004145678015965,True,outputs_camera_ready/s2_world_frame_termination/seed_46,outputs_camera_ready/s2_world_frame_termination/seed_46/eval/best_model.zip
s2_world_frame_termination,46,48,123,13531.931774616241,836,True,8,8,9.420106432279045,0.0830033013667583,2.0066927642541033,2.0066927642541033,True,outputs_camera_ready/s2_world_frame_termination/seed_46,outputs_camera_ready/s2_world_frame_termination/seed_46/eval/best_model.zip
s2_world_frame_termination,46,49,123,12114.312529325485,754,True,8,8,8.426377990103864,2.326002406646067,0.9865063705624245,1.884661950155467,True,outputs_camera_ready/s2_world_frame_termination/seed_46,outputs_camera_ready/s2_world_frame_termination/seed_46/eval/best_model.zip
s2_world_frame_termination,46,50,123,13751.138689637184,862,True,8,8,8.495511850575047,0.2870189327568678,2.0113428772185276,2.0113428772185276,True,outputs_camera_ready/s2_world_frame_termination/seed_46,outputs_camera_ready/s2_world_frame_termination/seed_46/eval/best_model.zip
s2_world_frame_termination,46,51,123,9069.749018907547,586,False,3,8,3.800181486853495,-0.611462455048424,0.9866508392724419,1.4670893124946214,True,outputs_camera_ready/s2_world_frame_termination/seed_46,outputs_camera_ready/s2_world_frame_termination/seed_46/eval/best_model.zip
s2_world_frame_termination,46,52,123,9289.60978448391,577,False,7,8,6.846300139233509,-2.2050650602669344,0.9733684840155188,1.6284830191192392,True,outputs_camera_ready/s2_world_frame_termination/seed_46,outputs_camera_ready/s2_world_frame_termination/seed_46/eval/best_model.zip
s2_world_frame_termination,46,53,123,11845.24234199524,733,True,8,8,8.41620459536005,-0.25773645946726753,2.0038962350869194,2.0038962350869194,True,outputs_camera_ready/s2_world_frame_termination/seed_46,outputs_camera_ready/s2_world_frame_termination/seed_46/eval/best_model.zip
s2_world_frame_termination,46,54,123,12462.547179222107,791,False,7,8,7.052410217947016,-0.12000543366392163,0.9593074734369844,1.7033808703875257,True,outputs_camera_ready/s2_world_frame_termination/seed_46,outputs_camera_ready/s2_world_frame_termination/seed_46/eval/best_model.zip
s2_world_frame_termination,46,55,123,7786.563286781311,481,False,5,8,5.758073733224116,-2.813682119047763,0.9801039896889886,1.4209170405139055,True,outputs_camera_ready/s2_world_frame_termination/seed_46,outputs_camera_ready/s2_world_frame_termination/seed_46/eval/best_model.zip
s2_world_frame_termination,46,56,123,12960.053609728813,811,True,8,8,7.946690845130961,-0.022183259033366768,2.003209210676025,2.003209210676025,True,outputs_camera_ready/s2_world_frame_termination/seed_46,outputs_camera_ready/s2_world_frame_termination/seed_46/eval/best_model.zip
s2_world_frame_termination,46,57,123,10683.628107845783,663,True,8,8,7.618104771435096,-1.3368851464976677,0.9982258592953898,1.744970630580166,True,outputs_camera_ready/s2_world_frame_termination/seed_46,outputs_camera_ready/s2_world_frame_termination/seed_46/eval/best_model.zip
s2_world_frame_termination,46,58,123,14104.938829183578,899,False,7,8,7.597915321327679,1.9648712763374228,0.9898664929137206,1.828960239137378,True,outputs_camera_ready/s2_world_frame_termination/seed_46,outputs_camera_ready/s2_world_frame_termination/seed_46/eval/best_model.zip
s2_world_frame_termination,46,59,123,8122.179378986359,492,False,7,8,7.062847787295316,1.1996772372572635,0.9404104082723407,1.5249177473311195,True,outputs_camera_ready/s2_world_frame_termination/seed_46,outputs_camera_ready/s2_world_frame_termination/seed_46/eval/best_model.zip
s2_world_frame_termination,46,60,123,11572.242135763168,717,True,8,8,8.146180415816948,0.5114893994134647,0.9586221203162824,1.734727570008693,True,outputs_camera_ready/s2_world_frame_termination/seed_46,outputs_camera_ready/s2_world_frame_termination/seed_46/eval/best_model.zip
s2_world_frame_termination,46,61,123,12871.52577149868,801,True,8,8,8.534824956152809,0.18000273146351925,2.0018387011151875,2.0018387011151875,True,outputs_camera_ready/s2_world_frame_termination/seed_46,outputs_camera_ready/s2_world_frame_termination/seed_46/eval/best_model.zip
s2_world_frame_termination,46,62,123,14490.841240525246,928,True,8,8,8.015431024799597,1.5354879406094517,2.0004152896733247,2.0004152896733247,True,outputs_camera_ready/s2_world_frame_termination/seed_46,outputs_camera_ready/s2_world_frame_termination/seed_46/eval/best_model.zip
s2_world_frame_termination,46,63,123,13966.819238305092,875,True,8,8,8.53215723451755,0.26699192124450144,2.000336153448668,2.000336153448668,True,outputs_camera_ready/s2_world_frame_termination/seed_46,outputs_camera_ready/s2_world_frame_termination/seed_46/eval/best_model.zip
s2_world_frame_termination,46,64,123,10949.698963999748,673,True,8,8,8.52093829350696,-0.48554188341603427,2.0066451609883433,2.0066451609883433,True,outputs_camera_ready/s2_world_frame_termination/seed_46,outputs_camera_ready/s2_world_frame_termination/seed_46/eval/best_model.zip
s2_world_frame_termination,46,65,123,9057.681379318237,569,False,5,8,5.635155689439257,-1.5001186773449229,0.9966840925259005,1.4579370599085015,True,outputs_camera_ready/s2_world_frame_termination/seed_46,outputs_camera_ready/s2_world_frame_termination/seed_46/eval/best_model.zip
s2_world_frame_termination,46,66,123,10007.411004066467,627,False,6,8,6.285912456951796,-1.0591620349770794,0.9965187399845864,1.6007973599421812,True,outputs_camera_ready/s2_world_frame_termination/seed_46,outputs_camera_ready/s2_world_frame_termination/seed_46/eval/best_model.zip
s2_world_frame_termination,46,67,123,9617.350823760033,604,False,5,8,5.741018487615116,0.8941975617617605,0.9910019381752015,1.6472365289072768,True,outputs_camera_ready/s2_world_frame_termination/seed_46,outputs_camera_ready/s2_world_frame_termination/seed_46/eval/best_model.zip
s2_world_frame_termination,46,68,123,12982.439920663834,829,False,7,8,7.124181113674641,2.8069244364655583,0.9972373924963671,1.7705961990723849,True,outputs_camera_ready/s2_world_frame_termination/seed_46,outputs_camera_ready/s2_world_frame_termination/seed_46/eval/best_model.zip
s2_world_frame_termination,46,69,123,13052.570392429829,810,True,8,8,9.368472956621588,-1.3925043721226988,0.996728792703981,1.821928817649297,True,outputs_camera_ready/s2_world_frame_termination/seed_46,outputs_camera_ready/s2_world_frame_termination/seed_46/eval/best_model.zip
s2_world_frame_termination,46,70,123,13095.869528204203,798,True,8,8,10.815563220410088,-1.4619960115535595,0.9994055079558933,1.8942916963042042,True,outputs_camera_ready/s2_world_frame_termination/seed_46,outputs_camera_ready/s2_world_frame_termination/seed_46/eval/best_model.zip
s2_world_frame_termination,46,71,123,9334.042338848114,573,False,7,8,7.0347322165621184,-1.366675224304125,0.9990918674666376,1.5914344918626269,True,outputs_camera_ready/s2_world_frame_termination/seed_46,outputs_camera_ready/s2_world_frame_termination/seed_46/eval/best_model.zip
s2_world_frame_termination,46,72,123,12734.276661515236,803,True,8,8,7.804017069177507,0.995058837090368,2.0008477106515827,2.0008477106515827,True,outputs_camera_ready/s2_world_frame_termination/seed_46,outputs_camera_ready/s2_world_frame_termination/seed_46/eval/best_model.zip
s2_world_frame_termination,46,73,123,5168.008046507835,331,False,2,8,3.110949120092179,-2.4968201383287245,0.9803467815956098,1.4206622212551747,True,outputs_camera_ready/s2_world_frame_termination/seed_46,outputs_camera_ready/s2_world_frame_termination/seed_46/eval/best_model.zip
s2_world_frame_termination,46,74,123,9326.44974565506,567,True,8,8,8.118048585822422,-1.223558778338578,0.9974225246978542,1.5768949561572208,True,outputs_camera_ready/s2_world_frame_termination/seed_46,outputs_camera_ready/s2_world_frame_termination/seed_46/eval/best_model.zip
s2_world_frame_termination,46,75,123,11980.659255623817,754,False,7,8,7.403520971452597,-2.5611406091241316,0.9995972996096237,1.6853405063338625,True,outputs_camera_ready/s2_world_frame_termination/seed_46,outputs_camera_ready/s2_world_frame_termination/seed_46/eval/best_model.zip
s2_world_frame_termination,46,76,123,15990.191354751587,1000,True,8,8,9.969891851131553,-0.7390213123034425,1.0715778127169855,1.9656437185870759,False,outputs_camera_ready/s2_world_frame_termination/seed_46,outputs_camera_ready/s2_world_frame_termination/seed_46/eval/best_model.zip
s2_world_frame_termination,46,77,123,14295.903191834688,899,True,8,8,8.288177888348331,0.028455374934904975,2.0000916434985574,2.0000916434985574,True,outputs_camera_ready/s2_world_frame_termination/seed_46,outputs_camera_ready/s2_world_frame_termination/seed_46/eval/best_model.zip
s2_world_frame_termination,46,78,123,6665.4079756736755,413,False,4,8,4.697124284625162,-1.759186413965497,0.9865515936785274,1.4159916238701549,True,outputs_camera_ready/s2_world_frame_termination/seed_46,outputs_camera_ready/s2_world_frame_termination/seed_46/eval/best_model.zip
s2_world_frame_termination,46,79,123,10951.079600214958,665,True,8,8,8.991985453313603,-1.6037822902141075,0.9945769011713831,1.7833293042726248,True,outputs_camera_ready/s2_world_frame_termination/seed_46,outputs_camera_ready/s2_world_frame_termination/seed_46/eval/best_model.zip
s2_world_frame_termination,46,80,123,1199.2886419296265,84,False,0,8,-0.11787705415452376,-0.2565642310333102,0.9929694893166529,1.4220428826717901,True,outputs_camera_ready/s2_world_frame_termination/seed_46,outputs_camera_ready/s2_world_frame_termination/seed_46/eval/best_model.zip
s2_world_frame_termination,46,81,123,13484.22998547554,846,True,8,8,8.45395427048416,0.2903583183811169,2.002269053182443,2.002269053182443,True,outputs_camera_ready/s2_world_frame_termination/seed_46,outputs_camera_ready/s2_world_frame_termination/seed_46/eval/best_model.zip
s2_world_frame_termination,46,82,123,13321.55583524704,829,True,8,8,8.659367991840384,-0.1964244750422276,2.005684819065266,2.005684819065266,True,outputs_camera_ready/s2_world_frame_termination/seed_46,outputs_camera_ready/s2_world_frame_termination/seed_46/eval/best_model.zip
s2_world_frame_termination,46,83,123,6812.452250003815,416,False,5,8,5.355658561781186,-0.029756340780985033,0.9634204539824749,1.4221600074700045,True,outputs_camera_ready/s2_world_frame_termination/seed_46,outputs_camera_ready/s2_world_frame_termination/seed_46/eval/best_model.zip
s2_world_frame_termination,46,84,123,7873.188671827316,493,False,4,8,4.785605659818684,-0.9641899019755686,0.9720484258616603,1.4172467229328443,True,outputs_camera_ready/s2_world_frame_termination/seed_46,outputs_camera_ready/s2_world_frame_termination/seed_46/eval/best_model.zip
s2_world_frame_termination,46,85,123,15803.653471946716,1000,True,8,8,8.999163121766394,-0.07681978314291209,1.091772922029921,1.8780741565565648,False,outputs_camera_ready/s2_world_frame_termination/seed_46,outputs_camera_ready/s2_world_frame_termination/seed_46/eval/best_model.zip
s2_world_frame_termination,46,86,123,14719.912633657455,924,True,8,8,8.911599009856044,0.9010922645559318,2.004357551200828,2.004357551200828,True,outputs_camera_ready/s2_world_frame_termination/seed_46,outputs_camera_ready/s2_world_frame_termination/seed_46/eval/best_model.zip
s2_world_frame_termination,46,87,123,11778.290250658989,733,True,8,8,7.860398444235297,-0.018483633033428586,2.004862463313577,2.004862463313577,True,outputs_camera_ready/s2_world_frame_termination/seed_46,outputs_camera_ready/s2_world_frame_termination/seed_46/eval/best_model.zip
s2_world_frame_termination,46,88,123,7983.817312717438,497,False,5,8,5.468661251944879,-2.7320858785264024,0.9642324131510002,1.4230666699465653,True,outputs_camera_ready/s2_world_frame_termination/seed_46,outputs_camera_ready/s2_world_frame_termination/seed_46/eval/best_model.zip
s2_world_frame_termination,46,89,123,13722.2532081604,856,True,8,8,8.882016859975888,-0.479988694089814,2.0079785250519673,2.0079785250519673,True,outputs_camera_ready/s2_world_frame_termination/seed_46,outputs_camera_ready/s2_world_frame_termination/seed_46/eval/best_model.zip
s2_world_frame_termination,46,90,123,8441.135100841522,532,False,4,8,5.0485479874226815,-2.882737063309634,0.9658121257640034,1.4501020185021702,True,outputs_camera_ready/s2_world_frame_termination/seed_46,outputs_camera_ready/s2_world_frame_termination/seed_46/eval/best_model.zip
s2_world_frame_termination,46,91,123,13501.094036221504,848,True,8,8,8.370407782118015,0.5961859096818354,2.0001641583452603,2.0001641583452603,True,outputs_camera_ready/s2_world_frame_termination/seed_46,outputs_camera_ready/s2_world_frame_termination/seed_46/eval/best_model.zip
s2_world_frame_termination,46,92,123,15932.788898468018,1000,True,8,8,9.737806652586935,0.6710854312100124,1.3181569102246105,1.9901742584367765,False,outputs_camera_ready/s2_world_frame_termination/seed_46,outputs_camera_ready/s2_world_frame_termination/seed_46/eval/best_model.zip
s2_world_frame_termination,46,93,123,12878.81960439682,809,True,8,8,8.01206479359172,-0.8320122483967379,2.000137180901605,2.000137180901605,True,outputs_camera_ready/s2_world_frame_termination/seed_46,outputs_camera_ready/s2_world_frame_termination/seed_46/eval/best_model.zip
s2_world_frame_termination,46,94,123,15754.197184562683,1000,True,8,8,8.248122482586666,0.5166481534060725,1.9951307889874625,1.9975991733453053,False,outputs_camera_ready/s2_world_frame_termination/seed_46,outputs_camera_ready/s2_world_frame_termination/seed_46/eval/best_model.zip
s2_world_frame_termination,46,95,123,15055.169102430344,944,True,8,8,9.094153103421913,-0.6627896795551891,2.0117500023333537,2.0117500023333537,True,outputs_camera_ready/s2_world_frame_termination/seed_46,outputs_camera_ready/s2_world_frame_termination/seed_46/eval/best_model.zip
s2_world_frame_termination,46,96,123,9506.438212156296,586,False,7,8,7.285732823495766,-1.1264471434667451,0.9997354056098109,1.6388110504839364,True,outputs_camera_ready/s2_world_frame_termination/seed_46,outputs_camera_ready/s2_world_frame_termination/seed_46/eval/best_model.zip
s2_world_frame_termination,46,97,123,14310.483976840973,896,True,8,8,8.713564918803973,-0.208687329350837,2.0013130516673567,2.0013130516673567,True,outputs_camera_ready/s2_world_frame_termination/seed_46,outputs_camera_ready/s2_world_frame_termination/seed_46/eval/best_model.zip
s2_world_frame_termination,46,98,123,986.4016040563583,69,False,0,8,-0.031135351292126197,-0.4004112012898909,0.9957244629621468,1.4152244295039558,True,outputs_camera_ready/s2_world_frame_termination/seed_46,outputs_camera_ready/s2_world_frame_termination/seed_46/eval/best_model.zip
s2_world_frame_termination,46,99,123,9842.553165316582,609,False,7,8,7.148232206782091,-3.0775892245828746,0.9584669022726994,1.7033711762624306,True,outputs_camera_ready/s2_world_frame_termination/seed_46,outputs_camera_ready/s2_world_frame_termination/seed_46/eval/best_model.zip
s2_world_frame_termination,46,100,123,15720.723342895508,1000,True,8,8,8.896637264138546,-1.3289979785194868,1.0808798119613123,1.8007620424566666,False,outputs_camera_ready/s2_world_frame_termination/seed_46,outputs_camera_ready/s2_world_frame_termination/seed_46/eval/best_model.zip
s2_no_shaping,42,1,123,967.5830832719803,67,False,0,8,0.050496043952826364,0.6999465069442592,0.9999243261096155,1.4247285897178712,True,outputs_camera_ready/s2_no_shaping/seed_42,outputs_camera_ready/s2_no_shaping/seed_42/eval/best_model.zip
s2_no_shaping,42,2,123,15851.395631790161,1000,True,8,8,9.472698746090316,-0.8684396527394241,2.124299767384394,2.1273293799268416,False,outputs_camera_ready/s2_no_shaping/seed_42,outputs_camera_ready/s2_no_shaping/seed_42/eval/best_model.zip
s2_no_shaping,42,3,123,15810.28553199768,1000,True,8,8,9.456823992750047,-0.47368288765884714,2.1151734389287697,2.1295618642960785,False,outputs_camera_ready/s2_no_shaping/seed_42,outputs_camera_ready/s2_no_shaping/seed_42/eval/best_model.zip
s2_no_shaping,42,4,123,15822.528217315674,1000,True,8,8,9.475006074833725,-0.8229567403908791,2.1205210612257543,2.1281118060348616,False,outputs_camera_ready/s2_no_shaping/seed_42,outputs_camera_ready/s2_no_shaping/seed_42/eval/best_model.zip
s2_no_shaping,42,5,123,15895.375515937805,1000,True,8,8,10.358087729672034,-0.5992972943735868,2.1201508307116095,2.1292720331567905,False,outputs_camera_ready/s2_no_shaping/seed_42,outputs_camera_ready/s2_no_shaping/seed_42/eval/best_model.zip
s2_no_shaping,42,6,123,15920.508798599243,1000,True,8,8,10.10356356930082,-0.7831987600954037,2.134135844741513,2.137257408384858,False,outputs_camera_ready/s2_no_shaping/seed_42,outputs_camera_ready/s2_no_shaping/seed_42/eval/best_model.zip
s2_no_shaping,42,7,123,15824.276443481445,1000,True,8,8,9.306194485013732,-0.322589943794374,2.1095110226047487,2.1120437864853474,False,outputs_camera_ready/s2_no_shaping/seed_42,outputs_camera_ready/s2_no_shaping/seed_42/eval/best_model.zip
s2_no_shaping,42,8,123,15866.794431686401,1000,True,8,8,9.795483873675874,-0.6907081070434203,2.1235688950625735,2.139653835685727,False,outputs_camera_ready/s2_no_shaping/seed_42,outputs_camera_ready/s2_no_shaping/seed_42/eval/best_model.zip
s2_no_shaping,42,9,123,856.8318115429138,59,False,0,8,0.06257900013900428,0.5584650341907907,0.9762782248101809,1.4218442684605048,True,outputs_camera_ready/s2_no_shaping/seed_42,outputs_camera_ready/s2_no_shaping/seed_42/eval/best_model.zip
s2_no_shaping,42,10,123,15827.760388374329,1000,True,8,8,9.594804372476782,-0.8648386883234787,2.0950831107005685,2.128397479974229,False,outputs_camera_ready/s2_no_shaping/seed_42,outputs_camera_ready/s2_no_shaping/seed_42/eval/best_model.zip
s2_no_shaping,42,11,123,15959.77341079712,1000,True,8,8,9.892043096084869,0.01376222118303012,2.141135698716602,2.141135698716602,False,outputs_camera_ready/s2_no_shaping/seed_42,outputs_camera_ready/s2_no_shaping/seed_42/eval/best_model.zip
s2_no_shaping,42,12,123,15862.94238948822,1000,True,8,8,9.520116698155224,-0.489574608175092,2.1242864488661404,2.1310143415434326,False,outputs_camera_ready/s2_no_shaping/seed_42,outputs_camera_ready/s2_no_shaping/seed_42/eval/best_model.zip
s2_no_shaping,42,13,123,15862.013598442078,1000,True,8,8,10.069424716717965,-0.7000930488744662,2.10620015534193,2.134585494865074,False,outputs_camera_ready/s2_no_shaping/seed_42,outputs_camera_ready/s2_no_shaping/seed_42/eval/best_model.zip
s2_no_shaping,42,14,123,15787.003805160522,1000,True,8,8,9.553815974190636,-1.0522780311185298,2.1206347838768513,2.1275218864260403,False,outputs_camera_ready/s2_no_shaping/seed_42,outputs_camera_ready/s2_no_shaping/seed_42/eval/best_model.zip
s2_no_shaping,42,15,123,6115.096275806427,379,False,4,8,4.421925917876479,0.11988468750810904,1.2799093035604145,1.42588594766734,True,outputs_camera_ready/s2_no_shaping/seed_42,outputs_camera_ready/s2_no_shaping/seed_42/eval/best_model.zip
s2_no_shaping,42,16,123,15917.256361961365,1000,True,8,8,10.434105307163788,-1.0971309238222273,2.1256632239698448,2.1781987539856558,False,outputs_camera_ready/s2_no_shaping/seed_42,outputs_camera_ready/s2_no_shaping/seed_42/eval/best_model.zip
s2_no_shaping,42,17,123,15837.04462814331,1000,True,8,8,9.684812977475849,-0.7230071342970058,2.1209442898070163,2.140577261927736,False,outputs_camera_ready/s2_no_shaping/seed_42,outputs_camera_ready/s2_no_shaping/seed_42/eval/best_model.zip
s2_no_shaping,42,18,123,16098.751809120178,1000,True,8,8,10.876826104370856,-0.006342859659320026,2.1293374857295437,2.132579740343233,False,outputs_camera_ready/s2_no_shaping/seed_42,outputs_camera_ready/s2_no_shaping/seed_42/eval/best_model.zip
s2_no_shaping,42,19,123,855.2724773734808,59,False,0,8,0.05920364721463213,0.5868791738468665,0.9865892628380625,1.429754374761628,True,outputs_camera_ready/s2_no_shaping/seed_42,outputs_camera_ready/s2_no_shaping/seed_42/eval/best_model.zip
s2_no_shaping,42,20,123,15873.07020664215,1000,True,8,8,9.58012355257979,-0.527337748075775,2.112768446919694,2.1235528237382058,False,outputs_camera_ready/s2_no_shaping/seed_42,outputs_camera_ready/s2_no_shaping/seed_42/eval/best_model.zip
s2_no_shaping,42,21,123,15767.208478927612,1000,True,8,8,8.998223846741285,-0.5417237555307522,2.1056445996353164,2.107280695169948,False,outputs_camera_ready/s2_no_shaping/seed_42,outputs_camera_ready/s2_no_shaping/seed_42/eval/best_model.zip
s2_no_shaping,42,22,123,15787.022619247437,1000,True,8,8,9.104493870551668,-0.8723726008629117,2.107843488355457,2.126626678053107,False,outputs_camera_ready/s2_no_shaping/seed_42,outputs_camera_ready/s2_no_shaping/seed_42/eval/best_model.zip
s2_no_shaping,42,23,123,15902.417392730713,1000,True,8,8,9.681639625120468,-0.37182923223342523,2.1148437253493713,2.135941488760165,False,outputs_camera_ready/s2_no_shaping/seed_42,outputs_camera_ready/s2_no_shaping/seed_42/eval/best_model.zip
s2_no_shaping,42,24,123,15901.832914352417,1000,True,8,8,9.976943504357083,-0.5937609119162718,2.117969014119572,2.1293038223442036,False,outputs_camera_ready/s2_no_shaping/seed_42,outputs_camera_ready/s2_no_shaping/seed_42/eval/best_model.zip
s2_no_shaping,42,25,123,15897.990134239197,1000,True,8,8,9.652317327486575,-0.4781205117804653,2.1273033877035967,2.1373792768363877,False,outputs_camera_ready/s2_no_shaping/seed_42,outputs_camera_ready/s2_no_shaping/seed_42/eval/best_model.zip
s2_no_shaping,42,26,123,15580.2825050354,1000,True,8,8,8.456845546377274,-1.3722035278581346,2.018213995991856,2.031654409975035,False,outputs_camera_ready/s2_no_shaping/seed_42,outputs_camera_ready/s2_no_shaping/seed_42/eval/best_model.zip
s2_no_shaping,42,27,123,15869.903109550476,1000,True,8,8,9.86869455187046,-0.9874785198703488,2.122822844191452,2.153117758805193,False,outputs_camera_ready/s2_no_shaping/seed_42,outputs_camera_ready/s2_no_shaping/seed_42/eval/best_model.zip
s2_no_shaping,42,28,123,1229.051101654768,83,False,0,8,0.23328496677864274,-0.8981930225528064,0.9966501570036106,1.4175188352372858,True,outputs_camera_ready/s2_no_shaping/seed_42,outputs_camera_ready/s2_no_shaping/seed_42/eval/best_model.zip
s2_no_shaping,42,29,123,15474.547957658768,983,True,8,8,9.193265466144702,-0.3938052395657087,1.7789173595682215,2.123933032348792,True,outputs_camera_ready/s2_no_shaping/seed_42,outputs_camera_ready/s2_no_shaping/seed_42/eval/best_model.zip
s2_no_shaping,42,30,123,15863.852220535278,1000,True,8,8,9.609473347410438,-0.9208657382329605,2.112172342242644,2.140627068852019,False,outputs_camera_ready/s2_no_shaping/seed_42,outputs_camera_ready/s2_no_shaping/seed_42/eval/best_model.zip
s2_no_shaping,42,31,123,15832.612237930298,1000,True,8,8,9.904094585979864,-0.9045661363424699,2.1150574068862418,2.1345803702793082,False,outputs_camera_ready/s2_no_shaping/seed_42,outputs_camera_ready/s2_no_shaping/seed_42/eval/best_model.zip
s2_no_shaping,42,32,123,15771.63671875,1000,True,8,8,9.223877971512644,-0.8181923796553604,2.1137720415092316,2.1201637681347743,False,outputs_camera_ready/s2_no_shaping/seed_42,outputs_camera_ready/s2_no_shaping/seed_42/eval/best_model.zip
s2_no_shaping,42,33,123,15940.541966438293,1000,True,8,8,10.167825262421653,-0.6850272328050501,2.1255259232721873,2.139243661743123,False,outputs_camera_ready/s2_no_shaping/seed_42,outputs_camera_ready/s2_no_shaping/seed_42/eval/best_model.zip
s2_no_shaping,42,34,123,16029.220235824585,1000,True,8,8,10.327695936166554,-0.03890070704260902,2.111815457613838,2.1281333161976543,False,outputs_camera_ready/s2_no_shaping/seed_42,outputs_camera_ready/s2_no_shaping/seed_42/eval/best_model.zip
s2_no_shaping,42,35,123,15746.650794029236,1000,True,8,8,8.961445379550499,-0.6249244697891458,2.0930573935038033,2.1023473933584014,False,outputs_camera_ready/s2_no_shaping/seed_42,outputs_camera_ready/s2_no_shaping/seed_42/eval/best_model.zip
s2_no_shaping,42,36,123,15863.120708465576,1000,True,8,8,9.62893228478596,-0.6635214553144779,2.1370539395067576,2.13817756703055,False,outputs_camera_ready/s2_no_shaping/seed_42,outputs_camera_ready/s2_no_shaping/seed_42/eval/best_model.zip
s2_no_shaping,42,37,123,15875.88805103302,1000,True,8,8,9.787744566856041,-0.584628453954164,2.1197869817929265,2.131133538739566,False,outputs_camera_ready/s2_no_shaping/seed_42,outputs_camera_ready/s2_no_shaping/seed_42/eval/best_model.zip
s2_no_shaping,42,38,123,15757.648904800415,1000,True,8,8,9.82008530523509,-1.5635732315826838,2.1133704909022613,2.1399367368743056,False,outputs_camera_ready/s2_no_shaping/seed_42,outputs_camera_ready/s2_no_shaping/seed_42/eval/best_model.zip
s2_no_shaping,42,39,123,15927.657919883728,1000,True,8,8,10.250392446599594,-0.8647623047081635,2.1274216811160978,2.1460669785005253,False,outputs_camera_ready/s2_no_shaping/seed_42,outputs_camera_ready/s2_no_shaping/seed_42/eval/best_model.zip
s2_no_shaping,42,40,123,15738.44782447815,1000,True,8,8,8.962958853057586,-0.7562705971093389,2.112324310128595,2.1214566145569878,False,outputs_camera_ready/s2_no_shaping/seed_42,outputs_camera_ready/s2_no_shaping/seed_42/eval/best_model.zip
s2_no_shaping,42,41,123,15827.689061164856,1000,True,8,8,9.17819075916963,-0.21887575862112782,2.1131273863702065,2.1178138345878232,False,outputs_camera_ready/s2_no_shaping/seed_42,outputs_camera_ready/s2_no_shaping/seed_42/eval/best_model.zip
s2_no_shaping,42,42,123,15799.15316104889,1000,True,8,8,9.456908389943218,-0.828888386867412,2.1290277485543836,2.129566305010609,False,outputs_camera_ready/s2_no_shaping/seed_42,outputs_camera_ready/s2_no_shaping/seed_42/eval/best_model.zip
s2_no_shaping,42,43,123,15719.310508728027,1000,True,8,8,8.854264324618763,-0.8173930981686772,2.108610633173477,2.108610633173477,False,outputs_camera_ready/s2_no_shaping/seed_42,outputs_camera_ready/s2_no_shaping/seed_42/eval/best_model.zip
s2_no_shaping,42,44,123,15746.947360992432,1000,True,8,8,8.898058954236339,-0.6301814734903107,2.0906434788846364,2.1122245065283614,False,outputs_camera_ready/s2_no_shaping/seed_42,outputs_camera_ready/s2_no_shaping/seed_42/eval/best_model.zip
s2_no_shaping,42,45,123,15752.602436065674,1000,True,8,8,9.13674171327827,-0.9013552601217184,2.121432380144638,2.125091651028592,False,outputs_camera_ready/s2_no_shaping/seed_42,outputs_camera_ready/s2_no_shaping/seed_42/eval/best_model.zip
s2_no_shaping,42,46,123,15826.614733695984,1000,True,8,8,9.782716242527647,-1.0528094979340856,2.120254601587269,2.13670142538853,False,outputs_camera_ready/s2_no_shaping/seed_42,outputs_camera_ready/s2_no_shaping/seed_42/eval/best_model.zip
s2_no_shaping,42,47,123,15960.532055854797,1000,True,8,8,10.382382272909538,-0.5440325094555999,2.1186397055305206,2.1351529113816,False,outputs_camera_ready/s2_no_shaping/seed_42,outputs_camera_ready/s2_no_shaping/seed_42/eval/best_model.zip
s2_no_shaping,42,48,123,15970.169390678406,1000,True,8,8,10.73963463435104,-0.6563478706215775,2.1261777467339997,2.156274205476276,False,outputs_camera_ready/s2_no_shaping/seed_42,outputs_camera_ready/s2_no_shaping/seed_42/eval/best_model.zip
s2_no_shaping,42,49,123,15833.924249649048,1000,True,8,8,9.230673800178268,-0.20070900362840896,2.120228105574325,2.1411125338119605,False,outputs_camera_ready/s2_no_shaping/seed_42,outputs_camera_ready/s2_no_shaping/seed_42/eval/best_model.zip
s2_no_shaping,42,50,123,15905.892744064331,1000,True,8,8,9.613728683532692,-0.17909864904627104,2.127718224091518,2.127718224091518,False,outputs_camera_ready/s2_no_shaping/seed_42,outputs_camera_ready/s2_no_shaping/seed_42/eval/best_model.zip
s2_no_shaping,42,51,123,15560.564728736877,1000,True,8,8,8.086183298216097,-1.1900825344791073,2.00039140874485,2.00039140874485,False,outputs_camera_ready/s2_no_shaping/seed_42,outputs_camera_ready/s2_no_shaping/seed_42/eval/best_model.zip
s2_no_shaping,42,52,123,15865.996283531189,1000,True,8,8,9.328318140721157,-0.20580932461942772,2.116232916150435,2.1243006251379914,False,outputs_camera_ready/s2_no_shaping/seed_42,outputs_camera_ready/s2_no_shaping/seed_42/eval/best_model.zip
s2_no_shaping,42,53,123,15842.702628135681,1000,True,8,8,9.697836457853578,-0.3240639112850155,2.1184536662530538,2.1184536662530538,False,outputs_camera_ready/s2_no_shaping/seed_42,outputs_camera_ready/s2_no_shaping/seed_42/eval/best_model.zip
s2_no_shaping,42,54,123,15755.574530601501,1000,True,8,8,8.536906218423432,-0.3484378006659024,2.093808465209146,2.093808465209146,False,outputs_camera_ready/s2_no_shaping/seed_42,outputs_camera_ready/s2_no_shaping/seed_42/eval/best_model.zip
s2_no_shaping,42,55,123,15771.286441802979,1000,True,8,8,8.928731997296994,-0.401191764798465,2.096157206624641,2.1143588552044585,False,outputs_camera_ready/s2_no_shaping/seed_42,outputs_camera_ready/s2_no_shaping/seed_42/eval/best_model.zip
s2_no_shaping,42,56,123,1621.95200163126,107,False,0,8,0.6022723260221462,-1.3273216816978715,0.9703117031055053,1.4180413839357635,True,outputs_camera_ready/s2_no_shaping/seed_42,outputs_camera_ready/s2_no_shaping/seed_42/eval/best_model.zip
s2_no_shaping,42,57,123,15657.66151714325,1000,True,8,8,8.93541871049667,-0.9919427462848759,2.113734871857711,2.116764574998109,False,outputs_camera_ready/s2_no_shaping/seed_42,outputs_camera_ready/s2_no_shaping/seed_42/eval/best_model.zip
s2_no_shaping,42,58,123,15881.145199775696,1000,True,8,8,9.749427609455356,-0.3861372363004178,2.1304849510786883,2.1344997892657163,False,outputs_camera_ready/s2_no_shaping/seed_42,outputs_camera_ready/s2_no_shaping/seed_42/eval/best_model.zip
s2_no_shaping,42,59,123,7521.145932435989,487,False,3,8,3.3376379478222553,-1.7201035447877733,1.0935378118324017,1.5513762840202607,True,outputs_camera_ready/s2_no_shaping/seed_42,outputs_camera_ready/s2_no_shaping/seed_42/eval/best_model.zip
s2_no_shaping,42,60,123,16035.905742645264,1000,True,8,8,10.377093995032512,-0.13029621655547483,2.1323702904087165,2.1327976218416915,False,outputs_camera_ready/s2_no_shaping/seed_42,outputs_camera_ready/s2_no_shaping/seed_42/eval/best_model.zip
s2_no_shaping,42,61,123,15869.605120658875,1000,True,8,8,9.612383246601564,-0.37993196330093737,2.1121849883558013,2.126001229569686,False,outputs_camera_ready/s2_no_shaping/seed_42,outputs_camera_ready/s2_no_shaping/seed_42/eval/best_model.zip
s2_no_shaping,42,62,123,15855.166246414185,1000,True,8,8,9.101393007499219,-0.15250637323688182,2.1220805430980185,2.1220805430980185,False,outputs_camera_ready/s2_no_shaping/seed_42,outputs_camera_ready/s2_no_shaping/seed_42/eval/best_model.zip
s2_no_shaping,42,63,123,15868.71134185791,1000,True,8,8,10.083536911289697,-0.973638202030721,2.1225767822940296,2.124471828449784,False,outputs_camera_ready/s2_no_shaping/seed_42,outputs_camera_ready/s2_no_shaping/seed_42/eval/best_model.zip
s2_no_shaping,42,64,123,15818.323745727539,1000,True,8,8,10.138017965134337,-1.1991381890014792,2.118949650745264,2.1412998541977424,False,outputs_camera_ready/s2_no_shaping/seed_42,outputs_camera_ready/s2_no_shaping/seed_42/eval/best_model.zip
s2_no_shaping,42,65,123,1390.24009847641,98,False,0,8,-0.15725846288549425,1.0798645550729893,0.9933014899394866,1.4261200892872223,True,outputs_camera_ready/s2_no_shaping/seed_42,outputs_camera_ready/s2_no_shaping/seed_42/eval/best_model.zip
s2_no_shaping,42,66,123,914.4028717279434,64,False,0,8,-0.05309742930231721,0.6229579788413913,0.9985046058766293,1.4242334929250178,True,outputs_camera_ready/s2_no_shaping/seed_42,outputs_camera_ready/s2_no_shaping/seed_42/eval/best_model.zip
s2_no_shaping,42,67,123,15711.31322669983,1000,True,8,8,8.755894939206893,-0.7643172078700019,2.1113834243392913,2.1165996211783167,False,outputs_camera_ready/s2_no_shaping/seed_42,outputs_camera_ready/s2_no_shaping/seed_42/eval/best_model.zip
s2_no_shaping,42,68,123,15896.867352485657,1000,True,8,8,9.648844324096938,-0.24348129055524223,2.1224965395180395,2.1294615403309676,False,outputs_camera_ready/s2_no_shaping/seed_42,outputs_camera_ready/s2_no_shaping/seed_42/eval/best_model.zip
s2_no_shaping,42,69,123,15931.273468971252,1000,True,8,8,10.068582195821703,0.002788247359383022,2.124751233873935,2.1296186587257586,False,outputs_camera_ready/s2_no_shaping/seed_42,outputs_camera_ready/s2_no_shaping/seed_42/eval/best_model.zip
s2_no_shaping,42,70,123,15737.515842437744,1000,True,8,8,8.983497137149477,-0.9436023827373904,2.11703496649108,2.1225280231395227,False,outputs_camera_ready/s2_no_shaping/seed_42,outputs_camera_ready/s2_no_shaping/seed_42/eval/best_model.zip
s2_no_shaping,42,71,123,15876.168581008911,1000,True,8,8,9.75637014684179,-0.6450738802801749,2.1397211271058603,2.1397211271058603,False,outputs_camera_ready/s2_no_shaping/seed_42,outputs_camera_ready/s2_no_shaping/seed_42/eval/best_model.zip
s2_no_shaping,42,72,123,15738.097769737244,1000,True,8,8,9.131383871109698,-0.8764687902590066,2.0976836558724026,2.112765037397837,False,outputs_camera_ready/s2_no_shaping/seed_42,outputs_camera_ready/s2_no_shaping/seed_42/eval/best_model.zip
s2_no_shaping,42,73,123,15771.331254959106,1000,True,8,8,9.276092659410631,-1.381121173316395,2.124916113704891,2.1461674346233357,False,outputs_camera_ready/s2_no_shaping/seed_42,outputs_camera_ready/s2_no_shaping/seed_42/eval/best_model.zip
s2_no_shaping,42,74,123,15987.037546157837,1000,True,8,8,10.107994706770729,-0.280180417795947,2.1177406465857844,2.1399923516130115,False,outputs_camera_ready/s2_no_shaping/seed_42,outputs_camera_ready/s2_no_shaping/seed_42/eval/best_model.zip
s2_no_shaping,42,75,123,15868.32192993164,1000,True,8,8,9.669165654875249,-0.44638872497524695,2.117352002502294,2.133925903561903,False,outputs_camera_ready/s2_no_shaping/seed_42,outputs_camera_ready/s2_no_shaping/seed_42/eval/best_model.zip
s2_no_shaping,42,76,123,16098.216219902039,1000,True,8,8,11.274373232178744,-0.47789617003306034,2.104185846038385,2.133236773864076,False,outputs_camera_ready/s2_no_shaping/seed_42,outputs_camera_ready/s2_no_shaping/seed_42/eval/best_model.zip
s2_no_shaping,42,77,123,1432.3863406181335,105,False,0,8,-0.6227349284149091,0.6617486483557324,0.9906877770729853,1.4296258196817921,True,outputs_camera_ready/s2_no_shaping/seed_42,outputs_camera_ready/s2_no_shaping/seed_42/eval/best_model.zip
s2_no_shaping,42,78,123,15926.664209365845,1000,True,8,8,10.660204124873875,-1.001084969756268,2.125564089069604,2.1404319062803046,False,outputs_camera_ready/s2_no_shaping/seed_42,outputs_camera_ready/s2_no_shaping/seed_42/eval/best_model.zip
s2_no_shaping,42,79,123,16028.392463684082,1000,True,8,8,10.87742928488773,-0.5901483553804552,2.11583436507944,2.1366744004770224,False,outputs_camera_ready/s2_no_shaping/seed_42,outputs_camera_ready/s2_no_shaping/seed_42/eval/best_model.zip
s2_no_shaping,42,80,123,940.4981126189232,65,False,0,8,0.03673153262723371,0.4032393961854864,0.9770267467354683,1.4265390818435415,True,outputs_camera_ready/s2_no_shaping/seed_42,outputs_camera_ready/s2_no_shaping/seed_42/eval/best_model.zip
s2_no_shaping,42,81,123,15810.638177871704,1000,True,8,8,9.147492518294433,-0.5036649160303112,2.1127522010031003,2.116978550631205,False,outputs_camera_ready/s2_no_shaping/seed_42,outputs_camera_ready/s2_no_shaping/seed_42/eval/best_model.zip
s2_no_shaping,42,82,123,15846.793042182922,1000,True,8,8,9.889172490910825,-0.673776280721089,2.1141854341747575,2.1368746233214644,False,outputs_camera_ready/s2_no_shaping/seed_42,outputs_camera_ready/s2_no_shaping/seed_42/eval/best_model.zip
s2_no_shaping,42,83,123,15861.848543167114,1000,True,8,8,9.663915266537327,-0.5971623096988178,2.12079318868078,2.132674143002729,False,outputs_camera_ready/s2_no_shaping/seed_42,outputs_camera_ready/s2_no_shaping/seed_42/eval/best_model.zip
s2_no_shaping,42,84,123,15795.572100639343,1000,True,8,8,9.201422657901267,-0.423619622695321,2.1301755483187974,2.1301755483187974,False,outputs_camera_ready/s2_no_shaping/seed_42,outputs_camera_ready/s2_no_shaping/seed_42/eval/best_model.zip
s2_no_shaping,42,85,123,15878.108226776123,1000,True,8,8,9.315495763651963,-0.17148514856612007,2.123275225665949,2.131664472387593,False,outputs_camera_ready/s2_no_shaping/seed_42,outputs_camera_ready/s2_no_shaping/seed_42/eval/best_model.zip
s2_no_shaping,42,86,123,566.0279114246368,39,False,0,8,0.05161851182500201,0.15618528657187478,0.9717972201720624,1.420588674573093,True,outputs_camera_ready/s2_no_shaping/seed_42,outputs_camera_ready/s2_no_shaping/seed_42/eval/best_model.zip
s2_no_shaping,42,87,123,853.2702427282929,59,False,0,8,0.03989443995075427,0.5706658437239843,0.9869681042018549,1.4264017106795528,True,outputs_camera_ready/s2_no_shaping/seed_42,outputs_camera_ready/s2_no_shaping/seed_42/eval/best_model.zip
s2_no_shaping,42,88,123,15762.634302139282,1000,True,8,8,9.150723788579992,-0.7252913435092428,2.103593769100783,2.1061295942847527,False,outputs_camera_ready/s2_no_shaping/seed_42,outputs_camera_ready/s2_no_shaping/seed_42/eval/best_model.zip
s2_no_shaping,42,89,123,1573.068175315857,107,False,0,8,0.23306267412766804,1.01739986816422,0.9719474343862791,1.4256538441793503,True,outputs_camera_ready/s2_no_shaping/seed_42,outputs_camera_ready/s2_no_shaping/seed_42/eval/best_model.zip
s2_no_shaping,42,90,123,724.4410036802292,49,False,0,8,0.1451163625850264,0.15131358313158275,0.9951212317362376,1.4252225242426997,True,outputs_camera_ready/s2_no_shaping/seed_42,outputs_camera_ready/s2_no_shaping/seed_42/eval/best_model.zip
s2_no_shaping,42,91,123,780.5695112347603,55,False,0,8,-0.05665403903711924,0.5921163119895735,0.9845688141918736,1.4262677686868592,True,outputs_camera_ready/s2_no_shaping/seed_42,outputs_camera_ready/s2_no_shaping/seed_42/eval/best_model.zip
s2_no_shaping,42,92,123,15884.9633436203,1000,True,8,8,9.401858039212119,-0.1607003819859864,2.115933911638689,2.1284347533156383,False,outputs_camera_ready/s2_no_shaping/seed_42,outputs_camera_ready/s2_no_shaping/seed_42/eval/best_model.zip
s2_no_shaping,42,93,123,15902.725244522095,1000,True,8,8,9.43339911640125,-0.12336360668120812,2.13087029204524,2.13087029204524,False,outputs_camera_ready/s2_no_shaping/seed_42,outputs_camera_ready/s2_no_shaping/seed_42/eval/best_model.zip
s2_no_shaping,42,94,123,15986.853638648987,1000,True,8,8,10.225045662578017,-0.2760241477093796,2.1135398277310595,2.1311181525182366,False,outputs_camera_ready/s2_no_shaping/seed_42,outputs_camera_ready/s2_no_shaping/seed_42/eval/best_model.zip
s2_no_shaping,42,95,123,956.0257876515388,66,False,0,8,0.0626270959244842,0.6602775419971014,0.9933172395901028,1.4232836438127954,True,outputs_camera_ready/s2_no_shaping/seed_42,outputs_camera_ready/s2_no_shaping/seed_42/eval/best_model.zip
s2_no_shaping,42,96,123,15862.639269828796,1000,True,8,8,9.8514528529873,-0.7498032188030566,2.1175633797522075,2.1339027349089292,False,outputs_camera_ready/s2_no_shaping/seed_42,outputs_camera_ready/s2_no_shaping/seed_42/eval/best_model.zip
s2_no_shaping,42,97,123,15796.89284992218,1000,True,8,8,9.153734347702239,-0.47290527978130087,2.1127227215454067,2.1127227215454067,False,outputs_camera_ready/s2_no_shaping/seed_42,outputs_camera_ready/s2_no_shaping/seed_42/eval/best_model.zip
s2_no_shaping,42,98,123,15690.574053764343,1000,True,8,8,9.472101727486631,-1.566630886718409,2.1251333166809823,2.1268382742933034,False,outputs_camera_ready/s2_no_shaping/seed_42,outputs_camera_ready/s2_no_shaping/seed_42/eval/best_model.zip
s2_no_shaping,42,99,123,15884.598649024963,1000,True,8,8,9.81281675330266,-0.6341151503833455,2.1211026409056903,2.1415840390331766,False,outputs_camera_ready/s2_no_shaping/seed_42,outputs_camera_ready/s2_no_shaping/seed_42/eval/best_model.zip
s2_no_shaping,42,100,123,15820.435740470886,1000,True,8,8,9.131400979428783,-0.28288646843857523,2.1162639661910796,2.118873946898442,False,outputs_camera_ready/s2_no_shaping/seed_42,outputs_camera_ready/s2_no_shaping/seed_42/eval/best_model.zip
s2_no_shaping,43,1,123,16285.494669914246,1000,True,8,8,12.276475562228976,-0.17745731647045382,2.1605439583069908,2.1728762911279835,False,outputs_camera_ready/s2_no_shaping/seed_43,outputs_camera_ready/s2_no_shaping/seed_43/eval/best_model.zip
s2_no_shaping,43,2,123,16268.103805541992,1000,True,8,8,12.476093428798263,-0.8544458258053949,2.175221781012538,2.1768293658951134,False,outputs_camera_ready/s2_no_shaping/seed_43,outputs_camera_ready/s2_no_shaping/seed_43/eval/best_model.zip
s2_no_shaping,43,3,123,16169.671698570251,1000,True,8,8,12.314299169222497,-0.9605064897637957,2.161078144092417,2.1762983765093575,False,outputs_camera_ready/s2_no_shaping/seed_43,outputs_camera_ready/s2_no_shaping/seed_43/eval/best_model.zip
s2_no_shaping,43,4,123,16262.218773841858,1000,True,8,8,12.610675984166123,-0.5018129265832998,2.165567670768872,2.1781136669921253,False,outputs_camera_ready/s2_no_shaping/seed_43,outputs_camera_ready/s2_no_shaping/seed_43/eval/best_model.zip
s2_no_shaping,43,5,123,2562.70059800148,175,False,0,8,0.34792873198863206,-1.6370318274605506,0.9856291326112946,1.4154922374160726,True,outputs_camera_ready/s2_no_shaping/seed_43,outputs_camera_ready/s2_no_shaping/seed_43/eval/best_model.zip
s2_no_shaping,43,6,123,16215.122929573059,1000,True,8,8,11.840395939201956,-0.6162382482678319,2.1697591530944447,2.1708874139040746,False,outputs_camera_ready/s2_no_shaping/seed_43,outputs_camera_ready/s2_no_shaping/seed_43/eval/best_model.zip
s2_no_shaping,43,7,123,16324.633339881897,1000,True,8,8,13.00706911809569,-0.9832530527358565,2.1422856093184546,2.1962357453483765,False,outputs_camera_ready/s2_no_shaping/seed_43,outputs_camera_ready/s2_no_shaping/seed_43/eval/best_model.zip
s2_no_shaping,43,8,123,16233.081308364868,1000,True,8,8,12.146227016615605,-0.6362875592099829,2.16102120037468,2.177441642178469,False,outputs_camera_ready/s2_no_shaping/seed_43,outputs_camera_ready/s2_no_shaping/seed_43/eval/best_model.zip
s2_no_shaping,43,9,123,16049.047344207764,1000,True,8,8,11.661718583461887,-1.165628318766469,2.163194754315815,2.1736721105067023,False,outputs_camera_ready/s2_no_shaping/seed_43,outputs_camera_ready/s2_no_shaping/seed_43/eval/best_model.zip
s2_no_shaping,43,10,123,14842.009314268827,947,True,8,8,10.145411401300104,-2.223803000815281,1.7674302444144812,2.1755781464894843,True,outputs_camera_ready/s2_no_shaping/seed_43,outputs_camera_ready/s2_no_shaping/seed_43/eval/best_model.zip
s2_no_shaping,43,11,123,16153.239665985107,1000,True,8,8,11.621000718001692,-0.4579059163941396,2.156006893301644,2.176660560044762,False,outputs_camera_ready/s2_no_shaping/seed_43,outputs_camera_ready/s2_no_shaping/seed_43/eval/best_model.zip
s2_no_shaping,43,12,123,16244.222230911255,1000,True,8,8,12.30845496851375,-0.7752662735579682,2.1602698424982334,2.1808298836549214,False,outputs_camera_ready/s2_no_shaping/seed_43,outputs_camera_ready/s2_no_shaping/seed_43/eval/best_model.zip
s2_no_shaping,43,13,123,16088.215208053589,1000,True,8,8,11.508736771064811,-0.9941317823294756,2.151181763226558,2.1829493577326744,False,outputs_camera_ready/s2_no_shaping/seed_43,outputs_camera_ready/s2_no_shaping/seed_43/eval/best_model.zip
s2_no_shaping,43,14,123,16250.57806301117,1000,True,8,8,12.348565205991314,-0.6599882223415384,2.157978605904727,2.1812627030063982,False,outputs_camera_ready/s2_no_shaping/seed_43,outputs_camera_ready/s2_no_shaping/seed_43/eval/best_model.zip
s2_no_shaping,43,15,123,16324.551617622375,1000,True,8,8,12.673506978554759,-0.4224411768301007,2.16919918305255,2.177758016456967,False,outputs_camera_ready/s2_no_shaping/seed_43,outputs_camera_ready/s2_no_shaping/seed_43/eval/best_model.zip
s2_no_shaping,43,16,123,16218.662690162659,1000,True,8,8,12.007292707968954,-0.6087748481777288,2.16696340229485,2.1762649923203417,False,outputs_camera_ready/s2_no_shaping/seed_43,outputs_camera_ready/s2_no_shaping/seed_43/eval/best_model.zip
s2_no_shaping,43,17,123,16302.758095741272,1000,True,8,8,12.4163939350962,-0.35720269200306315,2.158241410408149,2.1749958372099125,False,outputs_camera_ready/s2_no_shaping/seed_43,outputs_camera_ready/s2_no_shaping/seed_43/eval/best_model.zip
s2_no_shaping,43,18,123,16282.169662475586,1000,True,8,8,12.303912289546291,-0.14197212714178928,2.1586768653674357,2.1739121023724,False,outputs_camera_ready/s2_no_shaping/seed_43,outputs_camera_ready/s2_no_shaping/seed_43/eval/best_model.zip
s2_no_shaping,43,19,123,16317.584842681885,1000,True,8,8,12.60354187720901,-0.5264854322017003,2.1595522018344524,2.176111150274852,False,outputs_camera_ready/s2_no_shaping/seed_43,outputs_camera_ready/s2_no_shaping/seed_43/eval/best_model.zip
s2_no_shaping,43,20,123,16254.43620300293,1000,True,8,8,12.305534209877447,-0.7202270186864849,2.166579126678529,2.178960210622874,False,outputs_camera_ready/s2_no_shaping/seed_43,outputs_camera_ready/s2_no_shaping/seed_43/eval/best_model.zip
s2_no_shaping,43,21,123,16152.213550567627,1000,True,8,8,11.466389703425303,-0.5968406057469678,2.1650934931634804,2.175721451014414,False,outputs_camera_ready/s2_no_shaping/seed_43,outputs_camera_ready/s2_no_shaping/seed_43/eval/best_model.zip
s2_no_shaping,43,22,123,16171.018823623657,1000,True,8,8,11.673427187907008,-0.4548265669906046,2.177612865908146,2.177947572416529,False,outputs_camera_ready/s2_no_shaping/seed_43,outputs_camera_ready/s2_no_shaping/seed_43/eval/best_model.zip
s2_no_shaping,43,23,123,16264.198686599731,1000,True,8,8,12.302691193758177,-0.09921442833463096,2.164742717473309,2.175990252262774,False,outputs_camera_ready/s2_no_shaping/seed_43,outputs_camera_ready/s2_no_shaping/seed_43/eval/best_model.zip
s2_no_shaping,43,24,123,16315.866306304932,1000,True,8,8,12.84773266229354,-0.943506972226011,2.1662211487786664,2.185954571422443,False,outputs_camera_ready/s2_no_shaping/seed_43,outputs_camera_ready/s2_no_shaping/seed_43/eval/best_model.zip
s2_no_shaping,43,25,123,16243.626734733582,1000,True,8,8,12.093865162721508,-0.4937728213266516,2.1600190480937456,2.1750937016406997,False,outputs_camera_ready/s2_no_shaping/seed_43,outputs_camera_ready/s2_no_shaping/seed_43/eval/best_model.zip
s2_no_shaping,43,26,123,16329.696374893188,1000,True,8,8,12.639688043217655,-0.6002249223498393,2.1519286858697217,2.1758256961139333,False,outputs_camera_ready/s2_no_shaping/seed_43,outputs_camera_ready/s2_no_shaping/seed_43/eval/best_model.zip
s2_no_shaping,43,27,123,16077.076437950134,1000,True,8,8,11.657125164148514,-1.1728128918661573,2.160389617787352,2.1721965264013634,False,outputs_camera_ready/s2_no_shaping/seed_43,outputs_camera_ready/s2_no_shaping/seed_43/eval/best_model.zip
s2_no_shaping,43,28,123,16187.242849349976,1000,True,8,8,11.925675640026746,-0.7462769648815158,2.155350882513879,2.1729215578693157,False,outputs_camera_ready/s2_no_shaping/seed_43,outputs_camera_ready/s2_no_shaping/seed_43/eval/best_model.zip
s2_no_shaping,43,29,123,16081.316497802734,1000,True,8,8,11.560790294595265,-1.0254973412371178,2.155361133267793,2.173727417461982,False,outputs_camera_ready/s2_no_shaping/seed_43,outputs_camera_ready/s2_no_shaping/seed_43/eval/best_model.zip
s2_no_shaping,43,30,123,16261.689072608948,1000,True,8,8,12.301655599313138,-0.45870718390913584,2.1516467058589295,2.1789851789115224,False,outputs_camera_ready/s2_no_shaping/seed_43,outputs_camera_ready/s2_no_shaping/seed_43/eval/best_model.zip
s2_no_shaping,43,31,123,1423.0776234865189,99,False,0,8,-0.05226399342400427,-1.150166838558535,0.9849420604273444,1.4112478941460707,True,outputs_camera_ready/s2_no_shaping/seed_43,outputs_camera_ready/s2_no_shaping/seed_43/eval/best_model.zip
s2_no_shaping,43,32,123,16203.097241401672,1000,True,8,8,11.805506107564609,-0.6319614374039555,2.155030591611097,2.1766004959320053,False,outputs_camera_ready/s2_no_shaping/seed_43,outputs_camera_ready/s2_no_shaping/seed_43/eval/best_model.zip
s2_no_shaping,43,33,123,16350.05208683014,1000,True,8,8,13.153702420188438,-0.7295668993274219,2.1700217962317025,2.1766885040705666,False,outputs_camera_ready/s2_no_shaping/seed_43,outputs_camera_ready/s2_no_shaping/seed_43/eval/best_model.zip
s2_no_shaping,43,34,123,16188.983179092407,1000,True,8,8,11.766467252450084,-0.5930549703070136,2.170375558455836,2.1754183781258343,False,outputs_camera_ready/s2_no_shaping/seed_43,outputs_camera_ready/s2_no_shaping/seed_43/eval/best_model.zip
s2_no_shaping,43,35,123,15883.65289592743,1000,True,8,8,11.051254636037292,-1.9492941928269023,2.165237687710176,2.174283961409875,False,outputs_camera_ready/s2_no_shaping/seed_43,outputs_camera_ready/s2_no_shaping/seed_43/eval/best_model.zip
s2_no_shaping,43,36,123,16217.340933799744,1000,True,8,8,12.752428467308489,-1.1366196992493505,2.162406803132638,2.185691958707714,False,outputs_camera_ready/s2_no_shaping/seed_43,outputs_camera_ready/s2_no_shaping/seed_43/eval/best_model.zip
s2_no_shaping,43,37,123,16129.559844970703,1000,True,8,8,11.829857012613857,-1.1363585947741779,2.1564131817371215,2.17475029303041,False,outputs_camera_ready/s2_no_shaping/seed_43,outputs_camera_ready/s2_no_shaping/seed_43/eval/best_model.zip
s2_no_shaping,43,38,123,16268.192196846008,1000,True,8,8,12.460543923156905,-0.9033544304645552,2.163542640810971,2.1796936574018857,False,outputs_camera_ready/s2_no_shaping/seed_43,outputs_camera_ready/s2_no_shaping/seed_43/eval/best_model.zip
s2_no_shaping,43,39,123,16221.145092010498,1000,True,8,8,12.22651296369858,-0.8239153300513946,2.1597059394996534,2.1726033354381333,False,outputs_camera_ready/s2_no_shaping/seed_43,outputs_camera_ready/s2_no_shaping/seed_43/eval/best_model.zip
s2_no_shaping,43,40,123,16240.162056922913,1000,True,8,8,12.17573485812471,-0.6499798341070955,2.1576295462722266,2.1719094055467916,False,outputs_camera_ready/s2_no_shaping/seed_43,outputs_camera_ready/s2_no_shaping/seed_43/eval/best_model.zip
s2_no_shaping,43,41,123,16266.603518486023,1000,True,8,8,12.383505323401623,-0.65062458384994,2.1644506997888806,2.175042581193282,False,outputs_camera_ready/s2_no_shaping/seed_43,outputs_camera_ready/s2_no_shaping/seed_43/eval/best_model.zip
s2_no_shaping,43,42,123,16119.17301273346,1000,True,8,8,11.735175709667464,-0.773973682724063,2.152919947536012,2.17400216455129,False,outputs_camera_ready/s2_no_shaping/seed_43,outputs_camera_ready/s2_no_shaping/seed_43/eval/best_model.zip
s2_no_shaping,43,43,123,16101.49576473236,1000,True,8,8,11.641389394663733,-0.8522498245877919,2.159433099058949,2.171874624718488,False,outputs_camera_ready/s2_no_shaping/seed_43,outputs_camera_ready/s2_no_shaping/seed_43/eval/best_model.zip
s2_no_shaping,43,44,123,16206.346323013306,1000,True,8,8,12.272613444604934,-0.7705521776060212,2.1531133565422738,2.171089531935551,False,outputs_camera_ready/s2_no_shaping/seed_43,outputs_camera_ready/s2_no_shaping/seed_43/eval/best_model.zip
s2_no_shaping,43,45,123,16391.756695747375,1000,True,8,8,13.271076383637935,-0.6746977039000425,2.15005954551133,2.1794726194476977,False,outputs_camera_ready/s2_no_shaping/seed_43,outputs_camera_ready/s2_no_shaping/seed_43/eval/best_model.zip
s2_no_shaping,43,46,123,16289.959949493408,1000,True,8,8,12.343984165605928,-0.3664935819644816,2.1556571290345756,2.1792121956426844,False,outputs_camera_ready/s2_no_shaping/seed_43,outputs_camera_ready/s2_no_shaping/seed_43/eval/best_model.zip
s2_no_shaping,43,47,123,16164.343029022217,1000,True,8,8,12.050616080840484,-0.8270266482701076,2.160622909591556,2.174077683631045,False,outputs_camera_ready/s2_no_shaping/seed_43,outputs_camera_ready/s2_no_shaping/seed_43/eval/best_model.zip
s2_no_shaping,43,48,123,16252.652132034302,1000,True,8,8,12.500251846983273,-0.9101794500637319,2.1539289197191276,2.191383538350758,False,outputs_camera_ready/s2_no_shaping/seed_43,outputs_camera_ready/s2_no_shaping/seed_43/eval/best_model.zip
s2_no_shaping,43,49,123,16236.030466079712,1000,True,8,8,12.21900924097182,-0.7818677534268454,2.1553699087772573,2.1721773332038006,False,outputs_camera_ready/s2_no_shaping/seed_43,outputs_camera_ready/s2_no_shaping/seed_43/eval/best_model.zip
s2_no_shaping,43,50,123,16193.104621887207,1000,True,8,8,12.26605042331897,-0.7081513668474299,2.171853033821378,2.172695318520059,False,outputs_camera_ready/s2_no_shaping/seed_43,outputs_camera_ready/s2_no_shaping/seed_43/eval/best_model.zip
s2_no_shaping,43,51,123,16333.617044448853,1000,True,8,8,12.723445899121216,-0.11228501510100757,2.1611482402687003,2.1801337349775722,False,outputs_camera_ready/s2_no_shaping/seed_43,outputs_camera_ready/s2_no_shaping/seed_43/eval/best_model.zip
s2_no_shaping,43,52,123,16268.368608474731,1000,True,8,8,12.196089402817599,-0.27600001778094513,2.165673115991478,2.1722577581870017,False,outputs_camera_ready/s2_no_shaping/seed_43,outputs_camera_ready/s2_no_shaping/seed_43/eval/best_model.zip
s2_no_shaping,43,53,123,16369.151032447815,1000,True,8,8,12.952432494699075,-0.22843502176652986,2.158902030707993,2.1726112315047867,False,outputs_camera_ready/s2_no_shaping/seed_43,outputs_camera_ready/s2_no_shaping/seed_43/eval/best_model.zip
s2_no_shaping,43,54,123,16286.966976165771,1000,True,8,8,12.472280224335426,-0.7733765553305746,2.165003853774328,2.1751796297671198,False,outputs_camera_ready/s2_no_shaping/seed_43,outputs_camera_ready/s2_no_shaping/seed_43/eval/best_model.zip
s2_no_shaping,43,55,123,16264.731539726257,1000,True,8,8,12.438985901245895,-0.5522543255133667,2.159982420787803,2.176300689161741,False,outputs_camera_ready/s2_no_shaping/seed_43,outputs_camera_ready/s2_no_shaping/seed_43/eval/best_model.zip
s2_no_shaping,43,56,123,16295.602635383606,1000,True,8,8,12.547361199451377,-0.524438450538497,2.1543125079729126,2.175518370652225,False,outputs_camera_ready/s2_no_shaping/seed_43,outputs_camera_ready/s2_no_shaping/seed_43/eval/best_model.zip
s2_no_shaping,43,57,123,16300.937281608582,1000,True,8,8,12.555989855894135,-0.46155055219272034,2.1669315749491247,2.1746035108067003,False,outputs_camera_ready/s2_no_shaping/seed_43,outputs_camera_ready/s2_no_shaping/seed_43/eval/best_model.zip
s2_no_shaping,43,58,123,2115.119956398383,142,False,0,8,0.5218029056418411,-1.9209850976471656,0.9706421872601362,1.4107019237910243,True,outputs_camera_ready/s2_no_shaping/seed_43,outputs_camera_ready/s2_no_shaping/seed_43/eval/best_model.zip
s2_no_shaping,43,59,123,16237.535137176514,1000,True,8,8,12.050508475207202,-0.15702754027912924,2.1624061307230185,2.180681859104658,False,outputs_camera_ready/s2_no_shaping/seed_43,outputs_camera_ready/s2_no_shaping/seed_43/eval/best_model.zip
s2_no_shaping,43,60,123,16317.141779899597,1000,True,8,8,12.63466687529119,-0.6209673201811783,2.172060306985368,2.1781393491862477,False,outputs_camera_ready/s2_no_shaping/seed_43,outputs_camera_ready/s2_no_shaping/seed_43/eval/best_model.zip
s2_no_shaping,43,61,123,16298.406618118286,1000,True,8,8,12.416875703917587,-0.2812645476222892,2.160949992072894,2.1773510751125706,False,outputs_camera_ready/s2_no_shaping/seed_43,outputs_camera_ready/s2_no_shaping/seed_43/eval/best_model.zip
s2_no_shaping,43,62,123,16259.776424407959,1000,True,8,8,12.683672585424382,-0.8440558521460079,2.1606988543727,2.1745304969307337,False,outputs_camera_ready/s2_no_shaping/seed_43,outputs_camera_ready/s2_no_shaping/seed_43/eval/best_model.zip
s2_no_shaping,43,63,123,16271.516701698303,1000,True,8,8,13.038802087795233,-1.2468632536697741,2.1643572828811064,2.170289635043733,False,outputs_camera_ready/s2_no_shaping/seed_43,outputs_camera_ready/s2_no_shaping/seed_43/eval/best_model.zip
s2_no_shaping,43,64,123,16250.736172676086,1000,True,8,8,12.284273831897847,-0.7011777473544898,2.1589217042096607,2.1790620387790303,False,outputs_camera_ready/s2_no_shaping/seed_43,outputs_camera_ready/s2_no_shaping/seed_43/eval/best_model.zip
s2_no_shaping,43,65,123,16343.181984901428,1000,True,8,8,12.72662198271777,-0.382936426740698,2.1571142492603865,2.174117825275869,False,outputs_camera_ready/s2_no_shaping/seed_43,outputs_camera_ready/s2_no_shaping/seed_43/eval/best_model.zip
s2_no_shaping,43,66,123,16256.22015285492,1000,True,8,8,12.230227427484696,-0.8243954491372444,2.1591420006067525,2.175981951737556,False,outputs_camera_ready/s2_no_shaping/seed_43,outputs_camera_ready/s2_no_shaping/seed_43/eval/best_model.zip
s2_no_shaping,43,67,123,16260.637313842773,1000,True,8,8,12.471998427959136,-0.6340531824899638,2.151556095028201,2.1734401543680373,False,outputs_camera_ready/s2_no_shaping/seed_43,outputs_camera_ready/s2_no_shaping/seed_43/eval/best_model.zip
s2_no_shaping,43,68,123,16335.533903121948,1000,True,8,8,13.074537805415378,-0.4135778204727396,2.1600622674190766,2.179526469613863,False,outputs_camera_ready/s2_no_shaping/seed_43,outputs_camera_ready/s2_no_shaping/seed_43/eval/best_model.zip
s2_no_shaping,43,69,123,16262.784026145935,1000,True,8,8,12.771128250279657,-1.280244413797802,2.142036434100967,2.1782578177175136,False,outputs_camera_ready/s2_no_shaping/seed_43,outputs_camera_ready/s2_no_shaping/seed_43/eval/best_model.zip
s2_no_shaping,43,70,123,16308.559049606323,1000,True,8,8,12.527858024453478,-0.19759397562928574,2.1616295073639447,2.174079616720486,False,outputs_camera_ready/s2_no_shaping/seed_43,outputs_camera_ready/s2_no_shaping/seed_43/eval/best_model.zip
s2_no_shaping,43,71,123,16323.430702209473,1000,True,8,8,12.654845102716768,-0.20644093666502744,2.16422229210236,2.1742582969430093,False,outputs_camera_ready/s2_no_shaping/seed_43,outputs_camera_ready/s2_no_shaping/seed_43/eval/best_model.zip
s2_no_shaping,43,72,123,16222.432344436646,1000,True,8,8,12.2264497690686,-0.7140739734301615,2.1643707440480715,2.1708305346322883,False,outputs_camera_ready/s2_no_shaping/seed_43,outputs_camera_ready/s2_no_shaping/seed_43/eval/best_model.zip
s2_no_shaping,43,73,123,16184.09393787384,1000,True,8,8,11.854089705941465,-0.8533189196732905,2.1518535313968354,2.175961554724762,False,outputs_camera_ready/s2_no_shaping/seed_43,outputs_camera_ready/s2_no_shaping/seed_43/eval/best_model.zip
s2_no_shaping,43,74,123,16224.761571884155,1000,True,8,8,12.607031411281362,-1.2191614227333494,2.160997770522079,2.1734579930142113,False,outputs_camera_ready/s2_no_shaping/seed_43,outputs_camera_ready/s2_no_shaping/seed_43/eval/best_model.zip
s2_no_shaping,43,75,123,16262.500982284546,1000,True,8,8,12.191434779283217,-0.28187495248976185,2.161628590283601,2.178973842207089,False,outputs_camera_ready/s2_no_shaping/seed_43,outputs_camera_ready/s2_no_shaping/seed_43/eval/best_model.zip
s2_no_shaping,43,76,123,16224.523645401001,1000,True,8,8,12.153352940192795,-0.745520864751386,2.169066137519202,2.183063168408823,False,outputs_camera_ready/s2_no_shaping/seed_43,outputs_camera_ready/s2_no_shaping/seed_43/eval/best_model.zip
s2_no_shaping,43,77,123,16306.08653831482,1000,True,8,8,12.534387922176453,-0.39388802212296364,2.15717980554696,2.180232036111829,False,outputs_camera_ready/s2_no_shaping/seed_43,outputs_camera_ready/s2_no_shaping/seed_43/eval/best_model.zip
s2_no_shaping,43,78,123,16193.702751159668,1000,True,8,8,12.765553456497978,-1.1069358669748222,2.155294480331553,2.17729836329016,False,outputs_camera_ready/s2_no_shaping/seed_43,outputs_camera_ready/s2_no_shaping/seed_43/eval/best_model.zip
s2_no_shaping,43,79,123,16071.969613075256,1000,True,8,8,11.425006137113096,-1.0097833279697976,2.1497963938725553,2.1754932194020786,False,outputs_camera_ready/s2_no_shaping/seed_43,outputs_camera_ready/s2_no_shaping/seed_43/eval/best_model.zip
s2_no_shaping,43,80,123,16218.176454544067,1000,True,8,8,11.72627542868312,-0.414846372489568,2.163293132666587,2.174321966794933,False,outputs_camera_ready/s2_no_shaping/seed_43,outputs_camera_ready/s2_no_shaping/seed_43/eval/best_model.zip
s2_no_shaping,43,81,123,16184.687881469727,1000,True,8,8,12.060389293726999,-0.8849289721680892,2.153220631500557,2.177959587326224,False,outputs_camera_ready/s2_no_shaping/seed_43,outputs_camera_ready/s2_no_shaping/seed_43/eval/best_model.zip
s2_no_shaping,43,82,123,16244.829724311829,1000,True,8,8,12.321207691254314,-0.8090297690004636,2.1663690716425537,2.1769623306212935,False,outputs_camera_ready/s2_no_shaping/seed_43,outputs_camera_ready/s2_no_shaping/seed_43/eval/best_model.zip
s2_no_shaping,43,83,123,16260.617806434631,1000,True,8,8,12.880111406609046,-1.1972304894819188,2.1524637370611392,2.172048259356555,False,outputs_camera_ready/s2_no_shaping/seed_43,outputs_camera_ready/s2_no_shaping/seed_43/eval/best_model.zip
s2_no_shaping,43,84,123,16252.400951385498,1000,True,8,8,12.673038349912945,-0.9534119047822802,2.1581610765009502,2.176279730584345,False,outputs_camera_ready/s2_no_shaping/seed_43,outputs_camera_ready/s2_no_shaping/seed_43/eval/best_model.zip
s2_no_shaping,43,85,123,16338.041905403137,1000,True,8,8,12.66486399429578,-0.4844439891686601,2.1547513951658526,2.172840321944006,False,outputs_camera_ready/s2_no_shaping/seed_43,outputs_camera_ready/s2_no_shaping/seed_43/eval/best_model.zip
s2_no_shaping,43,86,123,3318.723551750183,214,False,0,8,1.843110595901429,-2.522022918060125,0.9809813286583725,1.4090691046921802,True,outputs_camera_ready/s2_no_shaping/seed_43,outputs_camera_ready/s2_no_shaping/seed_43/eval/best_model.zip
s2_no_shaping,43,87,123,16299.68256855011,1000,True,8,8,12.421828368498595,-0.3498746675730225,2.162839274492395,2.1889327467976067,False,outputs_camera_ready/s2_no_shaping/seed_43,outputs_camera_ready/s2_no_shaping/seed_43/eval/best_model.zip
s2_no_shaping,43,88,123,16164.397528648376,1000,True,8,8,11.839112500087847,-0.7377002306212327,2.1582329529621727,2.174773986171488,False,outputs_camera_ready/s2_no_shaping/seed_43,outputs_camera_ready/s2_no_shaping/seed_43/eval/best_model.zip
s2_no_shaping,43,89,123,16294.899391174316,1000,True,8,8,12.37051182323797,-0.6004356642406001,2.1646188283270735,2.1742428184355203,False,outputs_camera_ready/s2_no_shaping/seed_43,outputs_camera_ready/s2_no_shaping/seed_43/eval/best_model.zip
s2_no_shaping,43,90,123,16162.978890419006,1000,True,8,8,12.100613015004594,-1.0511698674041634,2.162251825429471,2.176565898549375,False,outputs_camera_ready/s2_no_shaping/seed_43,outputs_camera_ready/s2_no_shaping/seed_43/eval/best_model.zip
s2_no_shaping,43,91,123,16246.72977733612,1000,True,8,8,12.236546726678336,-0.8640220207492484,2.1693097169129434,2.172495663592883,False,outputs_camera_ready/s2_no_shaping/seed_43,outputs_camera_ready/s2_no_shaping/seed_43/eval/best_model.zip
s2_no_shaping,43,92,123,16247.768911361694,1000,True,8,8,12.319556101368253,-0.8768571991529748,2.1675049310383594,2.1863945308019517,False,outputs_camera_ready/s2_no_shaping/seed_43,outputs_camera_ready/s2_no_shaping/seed_43/eval/best_model.zip
s2_no_shaping,43,93,123,16230.101641654968,1000,True,8,8,12.047115769511025,-0.35905880859284944,2.1668899668324504,2.1806411285470815,False,outputs_camera_ready/s2_no_shaping/seed_43,outputs_camera_ready/s2_no_shaping/seed_43/eval/best_model.zip
s2_no_shaping,43,94,123,16171.29481124878,1000,True,8,8,11.976409471938362,-1.015373366063218,2.1544127359964085,2.1855764924745698,False,outputs_camera_ready/s2_no_shaping/seed_43,outputs_camera_ready/s2_no_shaping/seed_43/eval/best_model.zip
s2_no_shaping,43,95,123,7181.452955842018,446,False,4,8,5.04227400996983,0.705708441958666,1.2957403954687867,1.5911704703728848,True,outputs_camera_ready/s2_no_shaping/seed_43,outputs_camera_ready/s2_no_shaping/seed_43/eval/best_model.zip
s2_no_shaping,43,96,123,15940.8146982193,1000,True,8,8,11.007605500091861,-1.43570455899362,2.157503341863888,2.170978227854183,False,outputs_camera_ready/s2_no_shaping/seed_43,outputs_camera_ready/s2_no_shaping/seed_43/eval/best_model.zip
s2_no_shaping,43,97,123,16065.767434120178,1000,True,8,8,11.69331099037768,-1.0390231444589528,2.163184611136365,2.179242487667427,False,outputs_camera_ready/s2_no_shaping/seed_43,outputs_camera_ready/s2_no_shaping/seed_43/eval/best_model.zip
s2_no_shaping,43,98,123,16146.816623687744,1000,True,8,8,12.748929009968917,-1.5071573284626938,2.166306493670028,2.1787522805494155,False,outputs_camera_ready/s2_no_shaping/seed_43,outputs_camera_ready/s2_no_shaping/seed_43/eval/best_model.zip
s2_no_shaping,43,99,123,16074.380411148071,1000,True,8,8,12.134126690895894,-1.542776667592911,2.157135938692477,2.173884969630634,False,outputs_camera_ready/s2_no_shaping/seed_43,outputs_camera_ready/s2_no_shaping/seed_43/eval/best_model.zip
s2_no_shaping,43,100,123,2886.8232460021973,188,False,0,8,1.4535524302577225,-2.557522286306609,0.9934739383870039,1.4120119497536483,True,outputs_camera_ready/s2_no_shaping/seed_43,outputs_camera_ready/s2_no_shaping/seed_43/eval/best_model.zip
s2_no_shaping,44,1,123,15094.189141273499,944,True,8,8,10.371621266917371,0.37174684554623566,1.7808785052559886,2.1018431976097274,True,outputs_camera_ready/s2_no_shaping/seed_44,outputs_camera_ready/s2_no_shaping/seed_44/eval/best_model.zip
s2_no_shaping,44,2,123,13942.181293010712,888,True,8,8,7.818784913036412,0.2459777630776288,1.6818786753949404,2.1107755941085666,True,outputs_camera_ready/s2_no_shaping/seed_44,outputs_camera_ready/s2_no_shaping/seed_44/eval/best_model.zip
s2_no_shaping,44,3,123,15754.755862236023,1000,True,8,8,8.983812573503254,0.1379502263277622,2.1840755597840578,2.214531521789548,False,outputs_camera_ready/s2_no_shaping/seed_44,outputs_camera_ready/s2_no_shaping/seed_44/eval/best_model.zip
s2_no_shaping,44,4,123,9169.986840248108,567,True,8,8,7.642941533879657,-1.2246180085428775,1.658636412160793,1.7590787454479053,True,outputs_camera_ready/s2_no_shaping/seed_44,outputs_camera_ready/s2_no_shaping/seed_44/eval/best_model.zip
s2_no_shaping,44,5,123,15675.9959897995,1000,True,8,8,8.445129384016662,0.47864247950362865,2.0566908337439984,2.085227601510404,False,outputs_camera_ready/s2_no_shaping/seed_44,outputs_camera_ready/s2_no_shaping/seed_44/eval/best_model.zip
s2_no_shaping,44,6,123,6727.80380654335,417,False,4,8,5.019192075457313,-1.494152411157324,1.2940052012018006,1.5340424358497722,True,outputs_camera_ready/s2_no_shaping/seed_44,outputs_camera_ready/s2_no_shaping/seed_44/eval/best_model.zip
s2_no_shaping,44,7,123,15183.602106623352,964,True,8,8,9.56660016195151,2.728537793094258,1.795124621880543,2.218503784184512,True,outputs_camera_ready/s2_no_shaping/seed_44,outputs_camera_ready/s2_no_shaping/seed_44/eval/best_model.zip
s2_no_shaping,44,8,123,15655.37270450592,1000,True,8,8,8.264808585609357,-0.4152203574611446,2.071150515984125,2.1015845839862,False,outputs_camera_ready/s2_no_shaping/seed_44,outputs_camera_ready/s2_no_shaping/seed_44/eval/best_model.zip
s2_no_shaping,44,9,123,15451.307779312134,1000,True,8,8,8.751584956289838,-0.7196714990288875,2.1971155080311577,2.210002608715061,False,outputs_camera_ready/s2_no_shaping/seed_44,outputs_camera_ready/s2_no_shaping/seed_44/eval/best_model.zip
s2_no_shaping,44,10,123,15669.79300403595,1000,True,8,8,8.793152565929578,-0.843095511294732,2.1791416762741926,2.19704785796035,False,outputs_camera_ready/s2_no_shaping/seed_44,outputs_camera_ready/s2_no_shaping/seed_44/eval/best_model.zip
s2_no_shaping,44,11,123,9801.360996961594,625,False,5,8,5.768395097111458,-0.14408524096657616,1.3807446785433168,1.7471660526955715,True,outputs_camera_ready/s2_no_shaping/seed_44,outputs_camera_ready/s2_no_shaping/seed_44/eval/best_model.zip
s2_no_shaping,44,12,123,12268.810009479523,774,True,8,8,7.821017773773535,-0.25910526993648664,1.6806236451462362,1.8938546429870493,True,outputs_camera_ready/s2_no_shaping/seed_44,outputs_camera_ready/s2_no_shaping/seed_44/eval/best_model.zip
s2_no_shaping,44,13,123,15976.502039909363,1000,True,8,8,10.646116564460055,-0.5507471177795937,2.177873982296715,2.239778984656562,False,outputs_camera_ready/s2_no_shaping/seed_44,outputs_camera_ready/s2_no_shaping/seed_44/eval/best_model.zip
s2_no_shaping,44,14,123,15577.768591880798,1000,True,8,8,7.928190780944504,-0.8617953431849948,2.058619703094558,2.1068400090464867,False,outputs_camera_ready/s2_no_shaping/seed_44,outputs_camera_ready/s2_no_shaping/seed_44/eval/best_model.zip
s2_no_shaping,44,15,123,15815.239100456238,1000,True,8,8,9.085021765925347,0.12197325260268982,2.1931777415255103,2.2153787306059605,False,outputs_camera_ready/s2_no_shaping/seed_44,outputs_camera_ready/s2_no_shaping/seed_44/eval/best_model.zip
s2_no_shaping,44,16,123,15474.139163017273,1000,True,8,8,8.422992820528462,-1.3453713794610842,2.119352506161467,2.119352506161467,False,outputs_camera_ready/s2_no_shaping/seed_44,outputs_camera_ready/s2_no_shaping/seed_44/eval/best_model.zip
s2_no_shaping,44,17,123,15579.155038833618,1000,False,7,8,7.5422135046056935,0.3908719425175104,1.9855797336636556,1.9871800179107983,False,outputs_camera_ready/s2_no_shaping/seed_44,outputs_camera_ready/s2_no_shaping/seed_44/eval/best_model.zip
s2_no_shaping,44,18,123,9883.718771755695,632,False,5,8,5.499839311912802,-0.09016141472864844,1.3885898399861976,1.8185609752788472,True,outputs_camera_ready/s2_no_shaping/seed_44,outputs_camera_ready/s2_no_shaping/seed_44/eval/best_model.zip
s2_no_shaping,44,19,123,15793.689338684082,1000,True,8,8,9.023789402471921,0.8388113381228242,2.1957344726654444,2.202707795240503,False,outputs_camera_ready/s2_no_shaping/seed_44,outputs_camera_ready/s2_no_shaping/seed_44/eval/best_model.zip
s2_no_shaping,44,20,123,15726.886772155762,1000,True,8,8,8.998404937992342,0.2952141659639801,2.191583301842529,2.2030983036841882,False,outputs_camera_ready/s2_no_shaping/seed_44,outputs_camera_ready/s2_no_shaping/seed_44/eval/best_model.zip
s2_no_shaping,44,21,123,15746.335063934326,1000,True,8,8,8.981775793965502,-0.33346940813179987,2.173955623599138,2.1900408350709313,False,outputs_camera_ready/s2_no_shaping/seed_44,outputs_camera_ready/s2_no_shaping/seed_44/eval/best_model.zip
s2_no_shaping,44,22,123,15655.501761436462,1000,True,8,8,8.405642108955673,-0.9593936464244602,2.0859601716257385,2.0859601716257385,False,outputs_camera_ready/s2_no_shaping/seed_44,outputs_camera_ready/s2_no_shaping/seed_44/eval/best_model.zip
s2_no_shaping,44,23,123,11237.335069179535,710,False,7,8,7.063225554723202,0.1893520998645919,1.5970227398078054,1.8070515925626187,True,outputs_camera_ready/s2_no_shaping/seed_44,outputs_camera_ready/s2_no_shaping/seed_44/eval/best_model.zip
s2_no_shaping,44,24,123,15607.828121185303,1000,True,8,8,8.461777897558584,-0.9305061726741156,2.0894772984793666,2.0894772984793666,False,outputs_camera_ready/s2_no_shaping/seed_44,outputs_camera_ready/s2_no_shaping/seed_44/eval/best_model.zip
s2_no_shaping,44,25,123,15574.841733932495,1000,True,8,8,7.963923466630011,-0.9473645290348962,2.062374727839912,2.0747993922628685,False,outputs_camera_ready/s2_no_shaping/seed_44,outputs_camera_ready/s2_no_shaping/seed_44/eval/best_model.zip
s2_no_shaping,44,26,123,12799.48478603363,815,False,7,8,7.157511810709548,-1.8324894478730092,1.5835780398203358,1.9522951514266016,True,outputs_camera_ready/s2_no_shaping/seed_44,outputs_camera_ready/s2_no_shaping/seed_44/eval/best_model.zip
s2_no_shaping,44,27,123,15903.249229431152,1000,True,8,8,10.426356159837018,0.013028939534435244,2.1704555992566728,2.1955399148086028,False,outputs_camera_ready/s2_no_shaping/seed_44,outputs_camera_ready/s2_no_shaping/seed_44/eval/best_model.zip
s2_no_shaping,44,28,123,7332.7129871845245,468,False,4,8,4.422992402429747,-1.1939431807144905,1.1913981619443483,1.4872437344580907,True,outputs_camera_ready/s2_no_shaping/seed_44,outputs_camera_ready/s2_no_shaping/seed_44/eval/best_model.zip
s2_no_shaping,44,29,123,15738.925217628479,1000,True,8,8,10.086178781850064,-0.9038634838867636,2.1897551711129584,2.1941755812963817,False,outputs_camera_ready/s2_no_shaping/seed_44,outputs_camera_ready/s2_no_shaping/seed_44/eval/best_model.zip
s2_no_shaping,44,30,123,15669.737944602966,1000,True,8,8,9.286461313204072,-1.1614346636460091,2.1879067721313126,2.1948639585252434,False,outputs_camera_ready/s2_no_shaping/seed_44,outputs_camera_ready/s2_no_shaping/seed_44/eval/best_model.zip
s2_no_shaping,44,31,123,9954.40783905983,626,False,6,8,6.430678964163132,1.053967609662288,1.483644246059709,1.7858557155396293,True,outputs_camera_ready/s2_no_shaping/seed_44,outputs_camera_ready/s2_no_shaping/seed_44/eval/best_model.zip
s2_no_shaping,44,32,123,5776.962163090706,367,False,2,8,3.5142554933669308,0.3835471037386037,1.079174432384284,1.490574282242078,True,outputs_camera_ready/s2_no_shaping/seed_44,outputs_camera_ready/s2_no_shaping/seed_44/eval/best_model.zip
s2_no_shaping,44,33,123,15609.71905040741,1000,True,8,8,8.350119724859512,-0.8389176788308429,2.0608688126604564,2.0829655824759943,False,outputs_camera_ready/s2_no_shaping/seed_44,outputs_camera_ready/s2_no_shaping/seed_44/eval/best_model.zip
s2_no_shaping,44,34,123,9860.754530906677,635,False,4,8,4.607916287435638,1.1690083453922553,1.2963421980257488,1.7344787161633783,True,outputs_camera_ready/s2_no_shaping/seed_44,outputs_camera_ready/s2_no_shaping/seed_44/eval/best_model.zip
s2_no_shaping,44,35,123,15656.554880142212,1000,True,8,8,8.541787620880942,0.4935769713900131,2.151770104331426,2.151770104331426,False,outputs_camera_ready/s2_no_shaping/seed_44,outputs_camera_ready/s2_no_shaping/seed_44/eval/best_model.zip
s2_no_shaping,44,36,123,8648.79476621747,542,False,5,8,5.683972108959727,1.0927462695801147,1.368709799160864,1.7091450781357762,True,outputs_camera_ready/s2_no_shaping/seed_44,outputs_camera_ready/s2_no_shaping/seed_44/eval/best_model.zip
s2_no_shaping,44,37,123,11307.53167438507,745,False,5,8,4.112911779679015,-1.5836871262316323,1.194825945262983,1.7572367087608194,True,outputs_camera_ready/s2_no_shaping/seed_44,outputs_camera_ready/s2_no_shaping/seed_44/eval/best_model.zip
s2_no_shaping,44,38,123,15693.006768226624,1000,True,8,8,9.022006131897506,-0.18282588524291807,2.184921126615561,2.205569694396494,False,outputs_camera_ready/s2_no_shaping/seed_44,outputs_camera_ready/s2_no_shaping/seed_44/eval/best_model.zip
s2_no_shaping,44,39,123,9531.03163433075,602,False,6,8,5.859738089603764,1.7105566790036402,1.3854528232627885,1.8460173710349717,True,outputs_camera_ready/s2_no_shaping/seed_44,outputs_camera_ready/s2_no_shaping/seed_44/eval/best_model.zip
s2_no_shaping,44,40,123,11742.080034255981,740,False,7,8,7.031185371152009,0.7112452475686718,1.5971245737890019,1.8457998344673328,True,outputs_camera_ready/s2_no_shaping/seed_44,outputs_camera_ready/s2_no_shaping/seed_44/eval/best_model.zip
s2_no_shaping,44,41,123,16197.394760131836,1000,True,8,8,12.67633677348218,0.08331150824656378,2.177821039576302,2.206367102176276,False,outputs_camera_ready/s2_no_shaping/seed_44,outputs_camera_ready/s2_no_shaping/seed_44/eval/best_model.zip
s2_no_shaping,44,42,123,6135.932112663984,389,False,3,8,3.9676046486194663,-2.174371127218237,1.1911020988840408,1.576696134555321,True,outputs_camera_ready/s2_no_shaping/seed_44,outputs_camera_ready/s2_no_shaping/seed_44/eval/best_model.zip
s2_no_shaping,44,43,123,15765.217065811157,1000,True,8,8,9.421386388745773,1.5811161903613344,2.1868795546860826,2.2077564154596394,False,outputs_camera_ready/s2_no_shaping/seed_44,outputs_camera_ready/s2_no_shaping/seed_44/eval/best_model.zip
s2_no_shaping,44,44,123,15788.519043922424,1000,True,8,8,8.89388578087147,0.7371532194247128,2.1540215873818624,2.1707994437549902,False,outputs_camera_ready/s2_no_shaping/seed_44,outputs_camera_ready/s2_no_shaping/seed_44/eval/best_model.zip
s2_no_shaping,44,45,123,15646.298991203308,1000,True,8,8,8.203273956591687,0.49851662342749214,2.0587942751986112,2.1070129468004084,False,outputs_camera_ready/s2_no_shaping/seed_44,outputs_camera_ready/s2_no_shaping/seed_44/eval/best_model.zip
s2_no_shaping,44,46,123,15589.960580825806,1000,True,8,8,8.093468805038773,-1.0849511829190508,2.0559879951038296,2.063347479695628,False,outputs_camera_ready/s2_no_shaping/seed_44,outputs_camera_ready/s2_no_shaping/seed_44/eval/best_model.zip
s2_no_shaping,44,47,123,15576.63943862915,1000,True,8,8,8.380243467526228,0.341686738836228,2.05428882218604,2.1370502569740886,False,outputs_camera_ready/s2_no_shaping/seed_44,outputs_camera_ready/s2_no_shaping/seed_44/eval/best_model.zip
s2_no_shaping,44,48,123,15707.323824882507,1000,True,8,8,8.65017167101362,-0.12008752749785567,2.213499883058342,2.213499883058342,False,outputs_camera_ready/s2_no_shaping/seed_44,outputs_camera_ready/s2_no_shaping/seed_44/eval/best_model.zip
s2_no_shaping,44,49,123,15844.30397605896,1000,True,8,8,9.71685942102232,0.39981140949082133,2.1837990149295243,2.207368073967562,False,outputs_camera_ready/s2_no_shaping/seed_44,outputs_camera_ready/s2_no_shaping/seed_44/eval/best_model.zip
s2_no_shaping,44,50,123,15880.309775352478,1000,True,8,8,9.93285207916851,-0.37266308482738547,2.178220218172452,2.221841981306321,False,outputs_camera_ready/s2_no_shaping/seed_44,outputs_camera_ready/s2_no_shaping/seed_44/eval/best_model.zip
s2_no_shaping,44,51,123,12336.679582357407,773,True,8,8,8.56136221016411,2.3946685171141167,1.7972890759810884,2.0484719263468603,True,outputs_camera_ready/s2_no_shaping/seed_44,outputs_camera_ready/s2_no_shaping/seed_44/eval/best_model.zip
s2_no_shaping,44,52,123,15498.256679534912,1000,True,8,8,7.880167005377801,-0.7238118616316698,2.060049816233275,2.0603655595158417,False,outputs_camera_ready/s2_no_shaping/seed_44,outputs_camera_ready/s2_no_shaping/seed_44/eval/best_model.zip
s2_no_shaping,44,53,123,15661.189742088318,1000,True,8,8,9.146797120495863,-0.4796333772085829,2.1823804925689694,2.197032897608539,False,outputs_camera_ready/s2_no_shaping/seed_44,outputs_camera_ready/s2_no_shaping/seed_44/eval/best_model.zip
s2_no_shaping,44,54,123,15736.339664459229,1000,True,8,8,9.35180916299971,0.33158261260407257,2.1842174572877435,2.1944634421187157,False,outputs_camera_ready/s2_no_shaping/seed_44,outputs_camera_ready/s2_no_shaping/seed_44/eval/best_model.zip
s2_no_shaping,44,55,123,15765.852843284607,1000,True,8,8,9.077895912002456,-0.5335473043263314,2.182955536337499,2.1906710948843804,False,outputs_camera_ready/s2_no_shaping/seed_44,outputs_camera_ready/s2_no_shaping/seed_44/eval/best_model.zip
s2_no_shaping,44,56,123,15796.904928207397,1000,True,8,8,9.420963919808859,0.7554195114855944,2.176853187775867,2.216633670639647,False,outputs_camera_ready/s2_no_shaping/seed_44,outputs_camera_ready/s2_no_shaping/seed_44/eval/best_model.zip
s2_no_shaping,44,57,123,15713.353154182434,1000,True,8,8,9.300464158469445,0.7544310852081736,2.178824673261514,2.215947927847638,False,outputs_camera_ready/s2_no_shaping/seed_44,outputs_camera_ready/s2_no_shaping/seed_44/eval/best_model.zip
s2_no_shaping,44,58,123,15505.928288459778,1000,True,8,8,8.871928657982311,-1.1617895147423678,2.180318336226448,2.2068374805349142,False,outputs_camera_ready/s2_no_shaping/seed_44,outputs_camera_ready/s2_no_shaping/seed_44/eval/best_model.zip
s2_no_shaping,44,59,123,13136.70759344101,851,False,7,8,7.083358737939696,-2.4947836008591757,1.59450586942161,1.9316335753659175,True,outputs_camera_ready/s2_no_shaping/seed_44,outputs_camera_ready/s2_no_shaping/seed_44/eval/best_model.zip
s2_no_shaping,44,60,123,15754.222303390503,1000,True,8,8,8.89227698681612,-0.235037657753533,2.1796271454524674,2.198980274628641,False,outputs_camera_ready/s2_no_shaping/seed_44,outputs_camera_ready/s2_no_shaping/seed_44/eval/best_model.zip
s2_no_shaping,44,61,123,15738.001407623291,1000,True,8,8,8.909916510211529,-0.487550727300679,2.1759524387769544,2.190248113210304,False,outputs_camera_ready/s2_no_shaping/seed_44,outputs_camera_ready/s2_no_shaping/seed_44/eval/best_model.zip
s2_no_shaping,44,62,123,8752.994925737381,552,False,5,8,5.840236787621611,1.0867647681048165,1.3937043189859004,1.7059347678035337,True,outputs_camera_ready/s2_no_shaping/seed_44,outputs_camera_ready/s2_no_shaping/seed_44/eval/best_model.zip
s2_no_shaping,44,63,123,15717.175651550293,1000,True,8,8,8.846131600833614,0.574877925823532,2.224753511398071,2.224753511398071,False,outputs_camera_ready/s2_no_shaping/seed_44,outputs_camera_ready/s2_no_shaping/seed_44/eval/best_model.zip
s2_no_shaping,44,64,123,15703.552391052246,1000,True,8,8,9.159592789797287,0.6354973460176999,2.1934314050457906,2.2067340564853692,False,outputs_camera_ready/s2_no_shaping/seed_44,outputs_camera_ready/s2_no_shaping/seed_44/eval/best_model.zip
s2_no_shaping,44,65,123,15868.457509994507,1000,True,8,8,9.8266435337899,0.106808351923969,2.180873100568644,2.2329089768236425,False,outputs_camera_ready/s2_no_shaping/seed_44,outputs_camera_ready/s2_no_shaping/seed_44/eval/best_model.zip
s2_no_shaping,44,66,123,15671.82242679596,1000,True,8,8,9.02788925268222,1.711763340501136,2.1848980812956116,2.197769760492687,False,outputs_camera_ready/s2_no_shaping/seed_44,outputs_camera_ready/s2_no_shaping/seed_44/eval/best_model.zip
s2_no_shaping,44,67,123,15703.399636268616,1000,True,8,8,9.08109689293,-0.8228727518198041,2.1848871604774507,2.210315876059373,False,outputs_camera_ready/s2_no_shaping/seed_44,outputs_camera_ready/s2_no_shaping/seed_44/eval/best_model.zip
s2_no_shaping,44,68,123,15897.244325637817,1000,True,8,8,11.40065863817222,1.3154740519993287,2.1825549573829575,2.239345773556017,False,outputs_camera_ready/s2_no_shaping/seed_44,outputs_camera_ready/s2_no_shaping/seed_44/eval/best_model.zip
s2_no_shaping,44,69,123,7151.0477504730225,454,False,3,8,4.316895526873758,0.20040463196147354,1.177885327614995,1.6123642354608356,True,outputs_camera_ready/s2_no_shaping/seed_44,outputs_camera_ready/s2_no_shaping/seed_44/eval/best_model.zip
s2_no_shaping,44,70,123,15638.628509521484,1000,True,8,8,8.216184230959769,-0.46060472845515443,2.0642264190585897,2.0982843670674587,False,outputs_camera_ready/s2_no_shaping/seed_44,outputs_camera_ready/s2_no_shaping/seed_44/eval/best_model.zip
s2_no_shaping,44,71,123,7374.2784378528595,482,False,3,8,2.998757152601327,-1.3572938522592095,1.0994537391458705,1.5751193122498155,True,outputs_camera_ready/s2_no_shaping/seed_44,outputs_camera_ready/s2_no_shaping/seed_44/eval/best_model.zip
s2_no_shaping,44,72,123,15642.500272750854,1000,True,8,8,9.40477852222845,-0.400656240169271,2.1913006046123367,2.2011465680371116,False,outputs_camera_ready/s2_no_shaping/seed_44,outputs_camera_ready/s2_no_shaping/seed_44/eval/best_model.zip
s2_no_shaping,44,73,123,15681.848058700562,1000,True,8,8,8.900385284802882,-0.34817289678767965,2.179534072116003,2.2206845585674366,False,outputs_camera_ready/s2_no_shaping/seed_44,outputs_camera_ready/s2_no_shaping/seed_44/eval/best_model.zip
s2_no_shaping,44,74,123,14216.702778339386,875,True,8,8,11.304439765002666,1.6971540641369782,1.76797643358832,2.197635040288036,True,outputs_camera_ready/s2_no_shaping/seed_44,outputs_camera_ready/s2_no_shaping/seed_44/eval/best_model.zip
s2_no_shaping,44,75,123,1538.1395545005798,109,False,0,8,-0.2948097677917098,-0.22874401934072275,0.9908983761958555,1.4172589960842807,True,outputs_camera_ready/s2_no_shaping/seed_44,outputs_camera_ready/s2_no_shaping/seed_44/eval/best_model.zip
s2_no_shaping,44,76,123,15782.907051086426,1000,True,8,8,9.142616875988494,-0.28288780806983216,2.1825250448737354,2.190989398896987,False,outputs_camera_ready/s2_no_shaping/seed_44,outputs_camera_ready/s2_no_shaping/seed_44/eval/best_model.zip
s2_no_shaping,44,77,123,8128.213842630386,518,False,4,8,4.713525286694079,0.0914485561158775,1.2831464738080791,1.590244034763948,True,outputs_camera_ready/s2_no_shaping/seed_44,outputs_camera_ready/s2_no_shaping/seed_44/eval/best_model.zip
s2_no_shaping,44,78,123,15452.111485481262,1000,True,8,8,7.632849046721721,-0.888533716967243,1.930399220168322,1.9966155560913204,False,outputs_camera_ready/s2_no_shaping/seed_44,outputs_camera_ready/s2_no_shaping/seed_44/eval/best_model.zip
s2_no_shaping,44,79,123,15601.426313400269,1000,True,8,8,7.705053880953931,-0.45339154630246997,2.0430208016433653,2.0638149673221973,False,outputs_camera_ready/s2_no_shaping/seed_44,outputs_camera_ready/s2_no_shaping/seed_44/eval/best_model.zip
s2_no_shaping,44,80,123,15687.037720680237,1000,True,8,8,8.43292903688753,0.6932014739633579,2.0929723214356195,2.0929723214356195,False,outputs_camera_ready/s2_no_shaping/seed_44,outputs_camera_ready/s2_no_shaping/seed_44/eval/best_model.zip
s2_no_shaping,44,81,123,15782.106706619263,1000,True,8,8,9.056732713301782,0.009034879797127185,2.184868601943588,2.1922956936996343,False,outputs_camera_ready/s2_no_shaping/seed_44,outputs_camera_ready/s2_no_shaping/seed_44/eval/best_model.zip
s2_no_shaping,44,82,123,15668.335596084595,1000,True,8,8,8.123613166932605,0.7199586801149572,2.0588125984744967,2.084528339105025,False,outputs_camera_ready/s2_no_shaping/seed_44,outputs_camera_ready/s2_no_shaping/seed_44/eval/best_model.zip
s2_no_shaping,44,83,123,15805.762588500977,1000,True,8,8,8.976431343979753,-0.041103752026930666,2.1760782149668967,2.1941313044558672,False,outputs_camera_ready/s2_no_shaping/seed_44,outputs_camera_ready/s2_no_shaping/seed_44/eval/best_model.zip
s2_no_shaping,44,84,123,15629.169848442078,1000,True,8,8,8.554748431870665,-0.10850716784588371,2.139157957058748,2.139157957058748,False,outputs_camera_ready/s2_no_shaping/seed_44,outputs_camera_ready/s2_no_shaping/seed_44/eval/best_model.zip
s2_no_shaping,44,85,123,15607.8032913208,1000,True,8,8,8.501601273756082,-0.8005256847374284,2.0807187203982664,2.0807187203982664,False,outputs_camera_ready/s2_no_shaping/seed_44,outputs_camera_ready/s2_no_shaping/seed_44/eval/best_model.zip
s2_no_shaping,44,86,123,15988.731740951538,1000,True,8,8,10.872087744266903,-0.3664503693204336,2.1862161960000166,2.1966776588630514,False,outputs_camera_ready/s2_no_shaping/seed_44,outputs_camera_ready/s2_no_shaping/seed_44/eval/best_model.zip
s2_no_shaping,44,87,123,15868.656728744507,1000,True,8,8,9.912418956757753,0.7596752268671259,2.1890378444510024,2.214513639366872,False,outputs_camera_ready/s2_no_shaping/seed_44,outputs_camera_ready/s2_no_shaping/seed_44/eval/best_model.zip
s2_no_shaping,44,88,123,15737.105931282043,1000,True,8,8,8.847749008745204,-0.34303343853580487,2.1381948016896253,2.1381948016896253,False,outputs_camera_ready/s2_no_shaping/seed_44,outputs_camera_ready/s2_no_shaping/seed_44/eval/best_model.zip
s2_no_shaping,44,89,123,15703.896014213562,1000,True,8,8,9.074318253272583,-0.5310620061495018,2.177814996479984,2.19977804341115,False,outputs_camera_ready/s2_no_shaping/seed_44,outputs_camera_ready/s2_no_shaping/seed_44/eval/best_model.zip
s2_no_shaping,44,90,123,15467.96068763733,1000,False,7,8,7.2538396752960255,-1.4144598513151632,1.9509630422678608,2.0319278530044054,False,outputs_camera_ready/s2_no_shaping/seed_44,outputs_camera_ready/s2_no_shaping/seed_44/eval/best_model.zip
s2_no_shaping,44,91,123,15653.347829818726,1000,True,8,8,9.211987720867464,2.4800128597443343,1.8350968544372355,2.213012028584541,False,outputs_camera_ready/s2_no_shaping/seed_44,outputs_camera_ready/s2_no_shaping/seed_44/eval/best_model.zip
s2_no_shaping,44,92,123,15574.225651741028,1000,True,8,8,8.42340534760744,-0.0921955969517109,2.108878764132025,2.108878764132025,False,outputs_camera_ready/s2_no_shaping/seed_44,outputs_camera_ready/s2_no_shaping/seed_44/eval/best_model.zip
s2_no_shaping,44,93,123,15700.102717399597,1000,True,8,8,9.096459238120403,0.03637590744205383,2.190823014174293,2.192879459726856,False,outputs_camera_ready/s2_no_shaping/seed_44,outputs_camera_ready/s2_no_shaping/seed_44/eval/best_model.zip
s2_no_shaping,44,94,123,15276.322867780924,992,True,8,8,8.090766632807167,-2.4865065946130986,1.6814491909622729,2.0676006361299093,True,outputs_camera_ready/s2_no_shaping/seed_44,outputs_camera_ready/s2_no_shaping/seed_44/eval/best_model.zip
s2_no_shaping,44,95,123,15584.591987609863,1000,True,8,8,7.744016646189982,-0.7836502313621435,1.98137942822421,1.98137942822421,False,outputs_camera_ready/s2_no_shaping/seed_44,outputs_camera_ready/s2_no_shaping/seed_44/eval/best_model.zip
s2_no_shaping,44,96,123,15641.17854976654,1000,True,8,8,9.073078211950351,-0.6690303243415324,2.1350260553702323,2.168945919772717,False,outputs_camera_ready/s2_no_shaping/seed_44,outputs_camera_ready/s2_no_shaping/seed_44/eval/best_model.zip
s2_no_shaping,44,97,123,8213.366918563843,535,False,3,8,4.252278159255942,-2.637656269682208,1.1902883409116731,1.6099903450740927,True,outputs_camera_ready/s2_no_shaping/seed_44,outputs_camera_ready/s2_no_shaping/seed_44/eval/best_model.zip
s2_no_shaping,44,98,123,1317.943678855896,94,False,0,8,-0.3250818388434254,0.20663006887967864,0.9976411828876031,1.425063377881202,True,outputs_camera_ready/s2_no_shaping/seed_44,outputs_camera_ready/s2_no_shaping/seed_44/eval/best_model.zip
s2_no_shaping,44,99,123,12944.212255597115,818,True,8,8,8.475247947814806,0.32394815903847635,1.7938404353959558,2.1004663047797276,True,outputs_camera_ready/s2_no_shaping/seed_44,outputs_camera_ready/s2_no_shaping/seed_44/eval/best_model.zip
s2_no_shaping,44,100,123,15634.174632072449,1000,True,8,8,8.760243757490013,-0.27536017626877723,2.1811773181089693,2.1966170554985274,False,outputs_camera_ready/s2_no_shaping/seed_44,outputs_camera_ready/s2_no_shaping/seed_44/eval/best_model.zip
s2_no_shaping,45,1,123,15587.168898582458,1000,False,7,8,7.431968493882005,-0.6472159958819845,1.9475869030796082,1.9745429654775737,False,outputs_camera_ready/s2_no_shaping/seed_45,outputs_camera_ready/s2_no_shaping/seed_45/eval/best_model.zip
s2_no_shaping,45,2,123,15512.779376983643,1000,False,7,8,7.576025586169039,-1.164478875851727,1.955160308753951,1.9613682907293108,False,outputs_camera_ready/s2_no_shaping/seed_45,outputs_camera_ready/s2_no_shaping/seed_45/eval/best_model.zip
s2_no_shaping,45,3,123,15525.186350822449,1000,True,8,8,7.725387791925898,-1.1685400429720072,2.0389470110041725,2.0389470110041725,False,outputs_camera_ready/s2_no_shaping/seed_45,outputs_camera_ready/s2_no_shaping/seed_45/eval/best_model.zip
s2_no_shaping,45,4,123,15474.7150888443,1000,False,7,8,6.845494468646233,-0.4793467100776975,1.831382610270168,1.861180141373439,False,outputs_camera_ready/s2_no_shaping/seed_45,outputs_camera_ready/s2_no_shaping/seed_45/eval/best_model.zip
s2_no_shaping,45,5,123,15667.838661193848,1000,True,8,8,7.781364415852274,-0.06424612627637818,2.0316297594181636,2.0316297594181636,False,outputs_camera_ready/s2_no_shaping/seed_45,outputs_camera_ready/s2_no_shaping/seed_45/eval/best_model.zip
s2_no_shaping,45,6,123,15622.714369773865,1000,True,8,8,8.183979804233482,-1.132042341524526,2.0442719982374746,2.0697758674904656,False,outputs_camera_ready/s2_no_shaping/seed_45,outputs_camera_ready/s2_no_shaping/seed_45/eval/best_model.zip
s2_no_shaping,45,7,123,15529.059743881226,1000,True,8,8,7.619986361859017,-1.083957933562533,1.9311736373126076,1.9534613331989017,False,outputs_camera_ready/s2_no_shaping/seed_45,outputs_camera_ready/s2_no_shaping/seed_45/eval/best_model.zip
s2_no_shaping,45,8,123,15535.241863250732,1000,False,7,8,7.4222223944050825,-0.7991372383672187,1.9444589681785505,1.9548525460080346,False,outputs_camera_ready/s2_no_shaping/seed_45,outputs_camera_ready/s2_no_shaping/seed_45/eval/best_model.zip
s2_no_shaping,45,9,123,15588.204975128174,1000,True,8,8,7.834733904828594,-0.875856364777643,2.034143540538036,2.039087999925172,False,outputs_camera_ready/s2_no_shaping/seed_45,outputs_camera_ready/s2_no_shaping/seed_45/eval/best_model.zip
s2_no_shaping,45,10,123,15708.981321334839,1000,True,8,8,8.768037349506987,-0.9609095873998796,2.156543498397361,2.1959108460310226,False,outputs_camera_ready/s2_no_shaping/seed_45,outputs_camera_ready/s2_no_shaping/seed_45/eval/best_model.zip
s2_no_shaping,45,11,123,15622.836515426636,1000,True,8,8,7.6814018658944,-0.6268915712347535,1.966070351996628,1.9668398084836058,False,outputs_camera_ready/s2_no_shaping/seed_45,outputs_camera_ready/s2_no_shaping/seed_45/eval/best_model.zip
s2_no_shaping,45,12,123,15538.451333999634,1000,False,7,8,7.5434977772980245,-0.9688817899250559,1.9630880978769265,1.965794732492148,False,outputs_camera_ready/s2_no_shaping/seed_45,outputs_camera_ready/s2_no_shaping/seed_45/eval/best_model.zip
s2_no_shaping,45,13,123,15650.351112365723,1000,True,8,8,7.937388909912326,-0.4072858661709129,2.0182750237692066,2.044194774486445,False,outputs_camera_ready/s2_no_shaping/seed_45,outputs_camera_ready/s2_no_shaping/seed_45/eval/best_model.zip
s2_no_shaping,45,14,123,15538.76411151886,1000,True,8,8,7.695546251232684,-1.0020076624718124,1.9436189936658226,1.9628040353230607,False,outputs_camera_ready/s2_no_shaping/seed_45,outputs_camera_ready/s2_no_shaping/seed_45/eval/best_model.zip
s2_no_shaping,45,15,123,15422.881513595581,1000,False,6,8,6.765533839818364,-1.0293090261379585,1.8525169131450472,1.862971862858009,False,outputs_camera_ready/s2_no_shaping/seed_45,outputs_camera_ready/s2_no_shaping/seed_45/eval/best_model.zip
s2_no_shaping,45,16,123,15570.57613658905,1000,True,8,8,8.219562028804273,-2.1192411071652257,1.9981127569791188,2.052476605274606,False,outputs_camera_ready/s2_no_shaping/seed_45,outputs_camera_ready/s2_no_shaping/seed_45/eval/best_model.zip
s2_no_shaping,45,17,123,15648.835202217102,1000,True,8,8,8.066523082197943,-0.9792841860652203,2.0306141877811483,2.059417252966978,False,outputs_camera_ready/s2_no_shaping/seed_45,outputs_camera_ready/s2_no_shaping/seed_45/eval/best_model.zip
s2_no_shaping,45,18,123,15638.734209060669,1000,True,8,8,7.711648430071723,-0.3324778413192325,2.0031379100569255,2.0031379100569255,False,outputs_camera_ready/s2_no_shaping/seed_45,outputs_camera_ready/s2_no_shaping/seed_45/eval/best_model.zip
s2_no_shaping,45,19,123,15497.556844711304,1000,True,8,8,7.629444155920901,-1.4243118111069388,1.92951881966339,1.9599910093900919,False,outputs_camera_ready/s2_no_shaping/seed_45,outputs_camera_ready/s2_no_shaping/seed_45/eval/best_model.zip
s2_no_shaping,45,20,123,15661.714752197266,1000,True,8,8,7.981389767093006,-0.5401917933145709,2.0584922662851715,2.0584922662851715,False,outputs_camera_ready/s2_no_shaping/seed_45,outputs_camera_ready/s2_no_shaping/seed_45/eval/best_model.zip
s2_no_shaping,45,21,123,15611.189458847046,1000,True,8,8,7.714269674972462,-0.49285300533247767,1.9160337967963839,1.9594375989311452,False,outputs_camera_ready/s2_no_shaping/seed_45,outputs_camera_ready/s2_no_shaping/seed_45/eval/best_model.zip
s2_no_shaping,45,22,123,15601.8784532547,1000,True,8,8,7.653298022439873,-0.5491935573579464,1.9601359602378647,1.9676948923944695,False,outputs_camera_ready/s2_no_shaping/seed_45,outputs_camera_ready/s2_no_shaping/seed_45/eval/best_model.zip
s2_no_shaping,45,23,123,15670.476585388184,1000,True,8,8,8.308111590628702,-0.9100120964898976,2.048357976198356,2.050810145945141,False,outputs_camera_ready/s2_no_shaping/seed_45,outputs_camera_ready/s2_no_shaping/seed_45/eval/best_model.zip
s2_no_shaping,45,24,123,15647.69253730774,1000,False,7,8,7.590392619592976,-0.09094324238585845,1.951162140947371,1.966186588564328,False,outputs_camera_ready/s2_no_shaping/seed_45,outputs_camera_ready/s2_no_shaping/seed_45/eval/best_model.zip
s2_no_shaping,45,25,123,15625.569952964783,1000,True,8,8,8.168613130318883,-1.1518423119431274,2.0504809682924097,2.0652909596813123,False,outputs_camera_ready/s2_no_shaping/seed_45,outputs_camera_ready/s2_no_shaping/seed_45/eval/best_model.zip
s2_no_shaping,45,26,123,15548.415672302246,1000,True,8,8,7.919256831765418,-1.2405537203967498,2.0603285519304166,2.071368167600846,False,outputs_camera_ready/s2_no_shaping/seed_45,outputs_camera_ready/s2_no_shaping/seed_45/eval/best_model.zip
s2_no_shaping,45,27,123,15680.565787315369,1000,True,8,8,8.023896403090449,-0.4319253627846771,2.00692048281817,2.0446079126113177,False,outputs_camera_ready/s2_no_shaping/seed_45,outputs_camera_ready/s2_no_shaping/seed_45/eval/best_model.zip
s2_no_shaping,45,28,123,15642.653244972229,1000,True,8,8,8.448723804426807,-1.1463730863078812,2.036026990584701,2.061929186120577,False,outputs_camera_ready/s2_no_shaping/seed_45,outputs_camera_ready/s2_no_shaping/seed_45/eval/best_model.zip
s2_no_shaping,45,29,123,15409.68184375763,1000,False,7,8,7.305752724236937,-1.378536605947487,1.9450951854062042,1.9510128565667308,False,outputs_camera_ready/s2_no_shaping/seed_45,outputs_camera_ready/s2_no_shaping/seed_45/eval/best_model.zip
s2_no_shaping,45,30,123,15615.885892868042,1000,True,8,8,8.03368645893674,-1.2334954980410509,2.0546377626511223,2.0546377626511223,False,outputs_camera_ready/s2_no_shaping/seed_45,outputs_camera_ready/s2_no_shaping/seed_45/eval/best_model.zip
s2_no_shaping,45,31,123,15704.460600852966,1000,True,8,8,8.786952703474427,-0.9413096424052625,2.1089061987172144,2.1238978489627693,False,outputs_camera_ready/s2_no_shaping/seed_45,outputs_camera_ready/s2_no_shaping/seed_45/eval/best_model.zip
s2_no_shaping,45,32,123,15582.769226074219,1000,True,8,8,8.129328899066273,-1.2645498958842725,2.0313188958761805,2.0492171767954237,False,outputs_camera_ready/s2_no_shaping/seed_45,outputs_camera_ready/s2_no_shaping/seed_45/eval/best_model.zip
s2_no_shaping,45,33,123,15677.041781425476,1000,True,8,8,8.330509294670328,-1.0485997850985969,2.0553290118207515,2.0557933905104298,False,outputs_camera_ready/s2_no_shaping/seed_45,outputs_camera_ready/s2_no_shaping/seed_45/eval/best_model.zip
s2_no_shaping,45,34,123,15725.478814125061,1000,True,8,8,8.232592725859837,-0.26661291293277173,2.034306371231278,2.056376546492533,False,outputs_camera_ready/s2_no_shaping/seed_45,outputs_camera_ready/s2_no_shaping/seed_45/eval/best_model.zip
s2_no_shaping,45,35,123,15619.52961730957,1000,True,8,8,7.750801005468252,-0.8871649700832202,2.058504193631401,2.060160404888488,False,outputs_camera_ready/s2_no_shaping/seed_45,outputs_camera_ready/s2_no_shaping/seed_45/eval/best_model.zip
s2_no_shaping,45,36,123,15582.298819541931,1000,True,8,8,7.717449015618527,-1.1327864435717991,1.9992069565708412,1.9992069565708412,False,outputs_camera_ready/s2_no_shaping/seed_45,outputs_camera_ready/s2_no_shaping/seed_45/eval/best_model.zip
s2_no_shaping,45,37,123,15618.983603477478,1000,True,8,8,8.073809029255935,-0.8998555326991836,2.0495099847479845,2.0602292946319274,False,outputs_camera_ready/s2_no_shaping/seed_45,outputs_camera_ready/s2_no_shaping/seed_45/eval/best_model.zip
s2_no_shaping,45,38,123,15682.702513694763,1000,True,8,8,8.46241077834969,-0.9248173350260565,2.0099918055330286,2.082863992673314,False,outputs_camera_ready/s2_no_shaping/seed_45,outputs_camera_ready/s2_no_shaping/seed_45/eval/best_model.zip
s2_no_shaping,45,39,123,15565.90937423706,1000,True,8,8,7.617661015922981,-0.8150242640357052,1.9459194457500029,1.9617166008945555,False,outputs_camera_ready/s2_no_shaping/seed_45,outputs_camera_ready/s2_no_shaping/seed_45/eval/best_model.zip
s2_no_shaping,45,40,123,15585.7443151474,1000,True,8,8,7.952707617122126,-1.1562319949167341,2.02701317238116,2.0312916720162497,False,outputs_camera_ready/s2_no_shaping/seed_45,outputs_camera_ready/s2_no_shaping/seed_45/eval/best_model.zip
s2_no_shaping,45,41,123,15608.534699440002,1000,True,8,8,7.936545267748723,-1.0641099727088135,2.0407210204589825,2.043412482195556,False,outputs_camera_ready/s2_no_shaping/seed_45,outputs_camera_ready/s2_no_shaping/seed_45/eval/best_model.zip
s2_no_shaping,45,42,123,15649.168232917786,1000,True,8,8,8.689193009894742,-1.2746887064646775,2.1922695215757604,2.1922695215757604,False,outputs_camera_ready/s2_no_shaping/seed_45,outputs_camera_ready/s2_no_shaping/seed_45/eval/best_model.zip
s2_no_shaping,45,43,123,15715.189969062805,1000,True,8,8,8.160943311180963,-0.5199666286637455,2.0460082598580187,2.068420985507354,False,outputs_camera_ready/s2_no_shaping/seed_45,outputs_camera_ready/s2_no_shaping/seed_45/eval/best_model.zip
s2_no_shaping,45,44,123,15543.676509857178,1000,False,7,8,7.472479286541618,-0.6607455092158836,1.9372138374093173,1.9507399175058981,False,outputs_camera_ready/s2_no_shaping/seed_45,outputs_camera_ready/s2_no_shaping/seed_45/eval/best_model.zip
s2_no_shaping,45,45,123,15564.794637680054,1000,True,8,8,8.051020257481232,-1.3394782900662665,2.0576713224088,2.061338316532861,False,outputs_camera_ready/s2_no_shaping/seed_45,outputs_camera_ready/s2_no_shaping/seed_45/eval/best_model.zip
s2_no_shaping,45,46,123,15706.820586204529,1000,True,8,8,8.25219541112332,-0.6489374119990899,2.0464401711186553,2.0990938272598534,False,outputs_camera_ready/s2_no_shaping/seed_45,outputs_camera_ready/s2_no_shaping/seed_45/eval/best_model.zip
s2_no_shaping,45,47,123,15558.88994026184,1000,False,7,8,7.121529519935216,-0.5027931415302562,1.9336408701874832,1.9824682315113755,False,outputs_camera_ready/s2_no_shaping/seed_45,outputs_camera_ready/s2_no_shaping/seed_45/eval/best_model.zip
s2_no_shaping,45,48,123,15629.31611251831,1000,True,8,8,8.182256701778629,-1.0938376695640109,2.0378199869541382,2.0588232774016295,False,outputs_camera_ready/s2_no_shaping/seed_45,outputs_camera_ready/s2_no_shaping/seed_45/eval/best_model.zip
s2_no_shaping,45,49,123,15572.27748966217,1000,True,8,8,7.954517599514046,-1.0497049785637664,2.045537578582306,2.054695483133456,False,outputs_camera_ready/s2_no_shaping/seed_45,outputs_camera_ready/s2_no_shaping/seed_45/eval/best_model.zip
s2_no_shaping,45,50,123,15533.390229225159,1000,False,7,8,7.116083953062069,-0.5520726637313002,1.9253902426619203,1.939732906980408,False,outputs_camera_ready/s2_no_shaping/seed_45,outputs_camera_ready/s2_no_shaping/seed_45/eval/best_model.zip
s2_no_shaping,45,51,123,15535.660390853882,1000,False,7,8,7.413580061860527,-1.015773721200485,1.9323890878167953,1.9524432820048294,False,outputs_camera_ready/s2_no_shaping/seed_45,outputs_camera_ready/s2_no_shaping/seed_45/eval/best_model.zip
s2_no_shaping,45,52,123,15621.001001358032,1000,True,8,8,8.175845970733143,-0.9389862372233243,2.0370077808642835,2.071198592827458,False,outputs_camera_ready/s2_no_shaping/seed_45,outputs_camera_ready/s2_no_shaping/seed_45/eval/best_model.zip
s2_no_shaping,45,53,123,15548.736445426941,1000,True,8,8,7.800381427442604,-1.2657044675785794,2.0464463918376574,2.0584883069718147,False,outputs_camera_ready/s2_no_shaping/seed_45,outputs_camera_ready/s2_no_shaping/seed_45/eval/best_model.zip
s2_no_shaping,45,54,123,12106.256238222122,769,False,7,8,7.195279388485039,-2.0871497355153448,1.5923699911332356,1.8491696241544822,True,outputs_camera_ready/s2_no_shaping/seed_45,outputs_camera_ready/s2_no_shaping/seed_45/eval/best_model.zip
s2_no_shaping,45,55,123,15643.106943130493,1000,True,8,8,8.179922881150185,-0.947618040101413,2.0442847608326304,2.066101604228478,False,outputs_camera_ready/s2_no_shaping/seed_45,outputs_camera_ready/s2_no_shaping/seed_45/eval/best_model.zip
s2_no_shaping,45,56,123,15592.376041412354,1000,False,7,8,7.578830922531239,-0.7716383434241763,1.9427372266496434,1.9641833769996075,False,outputs_camera_ready/s2_no_shaping/seed_45,outputs_camera_ready/s2_no_shaping/seed_45/eval/best_model.zip
s2_no_shaping,45,57,123,15548.187851905823,1000,False,7,8,7.247717118074457,-0.7341277928060835,1.9441364310070173,2.0051894110678865,False,outputs_camera_ready/s2_no_shaping/seed_45,outputs_camera_ready/s2_no_shaping/seed_45/eval/best_model.zip
s2_no_shaping,45,58,123,15538.614303588867,1000,False,7,8,7.558253937911459,-0.9544524389157902,1.961285857869492,1.969714400118494,False,outputs_camera_ready/s2_no_shaping/seed_45,outputs_camera_ready/s2_no_shaping/seed_45/eval/best_model.zip
s2_no_shaping,45,59,123,15607.8878698349,1000,True,8,8,8.150783548259502,-1.101433086338362,2.050355167077858,2.0731588523899367,False,outputs_camera_ready/s2_no_shaping/seed_45,outputs_camera_ready/s2_no_shaping/seed_45/eval/best_model.zip
s2_no_shaping,45,60,123,15557.580122947693,1000,False,7,8,7.375370374684075,-0.4348259290328705,1.961398057215398,1.961398057215398,False,outputs_camera_ready/s2_no_shaping/seed_45,outputs_camera_ready/s2_no_shaping/seed_45/eval/best_model.zip
s2_no_shaping,45,61,123,15570.813139915466,1000,False,7,8,7.318262922834453,-0.6802991354190717,1.9402769012411851,1.9753114636312503,False,outputs_camera_ready/s2_no_shaping/seed_45,outputs_camera_ready/s2_no_shaping/seed_45/eval/best_model.zip
s2_no_shaping,45,62,123,15693.421992301941,1000,True,8,8,8.249104619724545,0.309113001303131,2.046398295973391,2.058798902241215,False,outputs_camera_ready/s2_no_shaping/seed_45,outputs_camera_ready/s2_no_shaping/seed_45/eval/best_model.zip
s2_no_shaping,45,63,123,15625.045015335083,1000,True,8,8,8.187236039554767,-1.0515258661370523,2.0511097509654537,2.063517965923561,False,outputs_camera_ready/s2_no_shaping/seed_45,outputs_camera_ready/s2_no_shaping/seed_45/eval/best_model.zip
s2_no_shaping,45,64,123,15636.558757781982,1000,True,8,8,8.122789689654725,-0.5188593823399275,2.036652032844772,2.0455679112611187,False,outputs_camera_ready/s2_no_shaping/seed_45,outputs_camera_ready/s2_no_shaping/seed_45/eval/best_model.zip
s2_no_shaping,45,65,123,15623.781726837158,1000,True,8,8,7.805839342650142,-1.0872854619004564,2.0426670270136595,2.0593405491679277,False,outputs_camera_ready/s2_no_shaping/seed_45,outputs_camera_ready/s2_no_shaping/seed_45/eval/best_model.zip
s2_no_shaping,45,66,123,15718.562458992004,1000,True,8,8,8.542092935777728,-0.7560799143857042,1.9862292079896475,2.0588978149119534,False,outputs_camera_ready/s2_no_shaping/seed_45,outputs_camera_ready/s2_no_shaping/seed_45/eval/best_model.zip
s2_no_shaping,45,67,123,15685.513094902039,1000,True,8,8,7.983226554596807,-0.6438303265394745,2.0433144750690726,2.054282098215255,False,outputs_camera_ready/s2_no_shaping/seed_45,outputs_camera_ready/s2_no_shaping/seed_45/eval/best_model.zip
s2_no_shaping,45,68,123,15612.203148841858,1000,True,8,8,7.993929992254703,-1.063046217316078,2.041650828620567,2.0482663254561686,False,outputs_camera_ready/s2_no_shaping/seed_45,outputs_camera_ready/s2_no_shaping/seed_45/eval/best_model.zip
s2_no_shaping,45,69,123,15749.009428024292,1000,True,8,8,8.723181639636355,-1.0544625744631326,2.1775980316011223,2.1821590695431192,False,outputs_camera_ready/s2_no_shaping/seed_45,outputs_camera_ready/s2_no_shaping/seed_45/eval/best_model.zip
s2_no_shaping,45,70,123,15541.31967163086,1000,False,7,8,7.257208551029162,-0.8427881634218441,1.9441338434334332,1.969637337711856,False,outputs_camera_ready/s2_no_shaping/seed_45,outputs_camera_ready/s2_no_shaping/seed_45/eval/best_model.zip
s2_no_shaping,45,71,123,15542.242321014404,1000,False,7,8,6.999750090661005,-0.5513251243103587,1.9492536238136136,1.961135458335966,False,outputs_camera_ready/s2_no_shaping/seed_45,outputs_camera_ready/s2_no_shaping/seed_45/eval/best_model.zip
s2_no_shaping,45,72,123,15570.522044181824,1000,True,8,8,8.10795401005896,-1.3399704646995643,2.0409182107284924,2.070434048500235,False,outputs_camera_ready/s2_no_shaping/seed_45,outputs_camera_ready/s2_no_shaping/seed_45/eval/best_model.zip
s2_no_shaping,45,73,123,15604.563293457031,1000,True,8,8,7.732889931161442,-0.7688949088185355,2.0545147542347304,2.0545147542347304,False,outputs_camera_ready/s2_no_shaping/seed_45,outputs_camera_ready/s2_no_shaping/seed_45/eval/best_model.zip
s2_no_shaping,45,74,123,15696.254574775696,1000,True,8,8,8.018691654637854,-0.2103844730111184,2.03238217055865,2.049416496562809,False,outputs_camera_ready/s2_no_shaping/seed_45,outputs_camera_ready/s2_no_shaping/seed_45/eval/best_model.zip
s2_no_shaping,45,75,123,15466.830203056335,1000,False,7,8,7.26912703007337,-1.0733346103590304,1.93786451700389,1.948403038235462,False,outputs_camera_ready/s2_no_shaping/seed_45,outputs_camera_ready/s2_no_shaping/seed_45/eval/best_model.zip
s2_no_shaping,45,76,123,15553.741966247559,1000,True,8,8,8.117489563345687,-1.1748010024582132,2.052599173881861,2.052599173881861,False,outputs_camera_ready/s2_no_shaping/seed_45,outputs_camera_ready/s2_no_shaping/seed_45/eval/best_model.zip
s2_no_shaping,45,77,123,15527.203448295593,1000,False,7,8,7.430679470387121,-1.1475295043341873,1.938000645107784,1.9511937668001371,False,outputs_camera_ready/s2_no_shaping/seed_45,outputs_camera_ready/s2_no_shaping/seed_45/eval/best_model.zip
s2_no_shaping,45,78,123,15637.972641944885,1000,True,8,8,8.220514125119962,-0.5906097232513001,2.0609195458778617,2.073849499159467,False,outputs_camera_ready/s2_no_shaping/seed_45,outputs_camera_ready/s2_no_shaping/seed_45/eval/best_model.zip
s2_no_shaping,45,79,123,15561.630957603455,1000,True,8,8,8.120794881481299,-1.3824384339897853,2.0540263571113946,2.070195870308106,False,outputs_camera_ready/s2_no_shaping/seed_45,outputs_camera_ready/s2_no_shaping/seed_45/eval/best_model.zip
s2_no_shaping,45,80,123,15540.857200622559,1000,True,8,8,7.801246825104229,-1.1100893548803807,2.019353198547826,2.019353198547826,False,outputs_camera_ready/s2_no_shaping/seed_45,outputs_camera_ready/s2_no_shaping/seed_45/eval/best_model.zip
s2_no_shaping,45,81,123,15701.530455589294,1000,True,8,8,8.460509062584569,-0.7450704899400338,2.0376860898415585,2.0564851638923387,False,outputs_camera_ready/s2_no_shaping/seed_45,outputs_camera_ready/s2_no_shaping/seed_45/eval/best_model.zip
s2_no_shaping,45,82,123,15632.470875740051,1000,True,8,8,8.315716487396005,-1.268372376929865,2.055282811124502,2.0610447408494594,False,outputs_camera_ready/s2_no_shaping/seed_45,outputs_camera_ready/s2_no_shaping/seed_45/eval/best_model.zip
s2_no_shaping,45,83,123,15430.31748867035,1000,False,7,8,7.330685486041527,-1.6877087544374032,1.961168426980073,1.9700255234490036,False,outputs_camera_ready/s2_no_shaping/seed_45,outputs_camera_ready/s2_no_shaping/seed_45/eval/best_model.zip
s2_no_shaping,45,84,123,15762.30145072937,1000,True,8,8,8.891339965714264,-0.9760487131529466,2.17297412430446,2.181320937223727,False,outputs_camera_ready/s2_no_shaping/seed_45,outputs_camera_ready/s2_no_shaping/seed_45/eval/best_model.zip
s2_no_shaping,45,85,123,15706.88784790039,1000,True,8,8,8.49167515486685,-0.7155973152098345,2.0130073617312543,2.060430608373887,False,outputs_camera_ready/s2_no_shaping/seed_45,outputs_camera_ready/s2_no_shaping/seed_45/eval/best_model.zip
s2_no_shaping,45,86,123,15663.396244049072,1000,True,8,8,8.309410667558039,-1.216760500319487,2.0598299653638468,2.0598299653638468,False,outputs_camera_ready/s2_no_shaping/seed_45,outputs_camera_ready/s2_no_shaping/seed_45/eval/best_model.zip
s2_no_shaping,45,87,123,15618.12187385559,1000,False,7,8,7.444976105212487,-0.3131901977638983,1.9443079671626586,1.9652863140351635,False,outputs_camera_ready/s2_no_shaping/seed_45,outputs_camera_ready/s2_no_shaping/seed_45/eval/best_model.zip
s2_no_shaping,45,88,123,15526.885472297668,1000,False,7,8,7.347927285421555,-1.0288205876844754,1.9432452703102192,1.9896674189565067,False,outputs_camera_ready/s2_no_shaping/seed_45,outputs_camera_ready/s2_no_shaping/seed_45/eval/best_model.zip
s2_no_shaping,45,89,123,8739.899427831173,559,False,4,8,4.474868787542876,-0.04422620567704261,1.2847344475011713,1.632624369057664,True,outputs_camera_ready/s2_no_shaping/seed_45,outputs_camera_ready/s2_no_shaping/seed_45/eval/best_model.zip
s2_no_shaping,45,90,123,11209.15752696991,717,False,5,8,5.9455265417824625,-2.238818223351147,1.3844913056734478,1.7692835835226695,True,outputs_camera_ready/s2_no_shaping/seed_45,outputs_camera_ready/s2_no_shaping/seed_45/eval/best_model.zip
s2_no_shaping,45,91,123,15600.118185043335,1000,True,8,8,7.64446226658929,-0.6686961168746111,1.9464799866225933,1.9610988801239935,False,outputs_camera_ready/s2_no_shaping/seed_45,outputs_camera_ready/s2_no_shaping/seed_45/eval/best_model.zip
s2_no_shaping,45,92,123,15705.656190872192,1000,True,8,8,8.51707740194562,-0.4660865315113952,2.0232111518374953,2.066044509233871,False,outputs_camera_ready/s2_no_shaping/seed_45,outputs_camera_ready/s2_no_shaping/seed_45/eval/best_model.zip
s2_no_shaping,45,93,123,15573.734892845154,1000,True,8,8,8.060686277003246,-0.9144842665967248,2.039910210162072,2.045652066967385,False,outputs_camera_ready/s2_no_shaping/seed_45,outputs_camera_ready/s2_no_shaping/seed_45/eval/best_model.zip
s2_no_shaping,45,94,123,15553.131578445435,1000,True,8,8,7.996184975143962,-1.183554381404835,2.0480418967682374,2.0599364239429576,False,outputs_camera_ready/s2_no_shaping/seed_45,outputs_camera_ready/s2_no_shaping/seed_45/eval/best_model.zip
s2_no_shaping,45,95,123,15584.190634727478,1000,True,8,8,8.15978104202889,-0.9413421580127913,2.032549546361775,2.085168558724666,False,outputs_camera_ready/s2_no_shaping/seed_45,outputs_camera_ready/s2_no_shaping/seed_45/eval/best_model.zip
s2_no_shaping,45,96,123,15611.499926567078,1000,True,8,8,7.792686523193629,-0.6791233937888327,2.0379814982543727,2.0428299360460804,False,outputs_camera_ready/s2_no_shaping/seed_45,outputs_camera_ready/s2_no_shaping/seed_45/eval/best_model.zip
s2_no_shaping,45,97,123,15628.95194530487,1000,True,8,8,8.345205487447926,-1.3675888303123032,2.0449035100563044,2.0562539425022814,False,outputs_camera_ready/s2_no_shaping/seed_45,outputs_camera_ready/s2_no_shaping/seed_45/eval/best_model.zip
s2_no_shaping,45,98,123,15579.98909854889,1000,True,8,8,7.71093970746516,-0.9734782953682866,2.038221563095767,2.038221563095767,False,outputs_camera_ready/s2_no_shaping/seed_45,outputs_camera_ready/s2_no_shaping/seed_45/eval/best_model.zip
s2_no_shaping,45,99,123,15517.553025245667,1000,False,7,8,6.97581729466118,-0.6203356791186125,1.9974250134191578,2.002415813694993,False,outputs_camera_ready/s2_no_shaping/seed_45,outputs_camera_ready/s2_no_shaping/seed_45/eval/best_model.zip
s2_no_shaping,45,100,123,15517.551181793213,1000,True,8,8,8.029325722561243,-1.44658660147247,2.039727756830827,2.055140519795991,False,outputs_camera_ready/s2_no_shaping/seed_45,outputs_camera_ready/s2_no_shaping/seed_45/eval/best_model.zip
s2_no_shaping,46,1,123,6202.606155633926,385,False,4,8,4.418460143912976,-1.074459563200644,1.2388377492861458,1.4066768983647406,True,outputs_camera_ready/s2_no_shaping/seed_46,outputs_camera_ready/s2_no_shaping/seed_46/eval/best_model.zip
s2_no_shaping,46,2,123,15889.825224876404,1000,True,8,8,9.432134139565063,-0.2788527084430383,2.0990664677493704,2.1244343802222976,False,outputs_camera_ready/s2_no_shaping/seed_46,outputs_camera_ready/s2_no_shaping/seed_46/eval/best_model.zip
s2_no_shaping,46,3,123,7628.85489821434,468,False,6,8,6.005740077898651,-0.22939170121669364,1.4429500310558012,1.6004608322842826,True,outputs_camera_ready/s2_no_shaping/seed_46,outputs_camera_ready/s2_no_shaping/seed_46/eval/best_model.zip
s2_no_shaping,46,4,123,15917.297876358032,1000,True,8,8,9.75950462218026,-0.38118654151287973,2.0914072758618296,2.1305276259027788,False,outputs_camera_ready/s2_no_shaping/seed_46,outputs_camera_ready/s2_no_shaping/seed_46/eval/best_model.zip
s2_no_shaping,46,5,123,6105.322647571564,370,False,5,8,5.304839307951855,0.43022093959934665,1.396635413496986,1.5146368955199916,True,outputs_camera_ready/s2_no_shaping/seed_46,outputs_camera_ready/s2_no_shaping/seed_46/eval/best_model.zip
s2_no_shaping,46,6,123,16230.035638809204,1000,True,8,8,12.581054115803457,0.8269836136208568,2.1242832042086923,2.160105288046912,False,outputs_camera_ready/s2_no_shaping/seed_46,outputs_camera_ready/s2_no_shaping/seed_46/eval/best_model.zip
s2_no_shaping,46,7,123,16024.817011833191,1000,True,8,8,10.501776406041028,-0.4559551315680978,2.103912097141067,2.118414848449085,False,outputs_camera_ready/s2_no_shaping/seed_46,outputs_camera_ready/s2_no_shaping/seed_46/eval/best_model.zip
s2_no_shaping,46,8,123,16073.600636482239,1000,True,8,8,10.679620309001972,-0.18901154643269624,2.085015386607662,2.119781887384164,False,outputs_camera_ready/s2_no_shaping/seed_46,outputs_camera_ready/s2_no_shaping/seed_46/eval/best_model.zip
s2_no_shaping,46,9,123,16035.658939361572,1000,True,8,8,10.632479829127941,-0.15737457272388267,2.1091927945170514,2.12671720198391,False,outputs_camera_ready/s2_no_shaping/seed_46,outputs_camera_ready/s2_no_shaping/seed_46/eval/best_model.zip
s2_no_shaping,46,10,123,16151.630136489868,1000,True,8,8,11.527631932525741,-1.082867394728235,2.0874473669026608,2.118051570146376,False,outputs_camera_ready/s2_no_shaping/seed_46,outputs_camera_ready/s2_no_shaping/seed_46/eval/best_model.zip
s2_no_shaping,46,11,123,16105.31020450592,1000,True,8,8,11.422972909072175,0.06452911619517748,2.116256137255598,2.135701879228628,False,outputs_camera_ready/s2_no_shaping/seed_46,outputs_camera_ready/s2_no_shaping/seed_46/eval/best_model.zip
s2_no_shaping,46,12,123,15933.817916870117,1000,True,8,8,10.373210634679035,1.073989110388467,2.0784590313418043,2.1398649425056706,False,outputs_camera_ready/s2_no_shaping/seed_46,outputs_camera_ready/s2_no_shaping/seed_46/eval/best_model.zip
s2_no_shaping,46,13,123,16040.884440422058,1000,True,8,8,10.54710324866561,-0.4591594868983589,2.0939839888128637,2.1210589584154915,False,outputs_camera_ready/s2_no_shaping/seed_46,outputs_camera_ready/s2_no_shaping/seed_46/eval/best_model.zip
s2_no_shaping,46,14,123,8475.39602971077,527,False,5,8,5.789479100426793,0.18025496114593426,1.3837077909309774,1.5748776754988518,True,outputs_camera_ready/s2_no_shaping/seed_46,outputs_camera_ready/s2_no_shaping/seed_46/eval/best_model.zip
s2_no_shaping,46,15,123,14373.887575030327,897,True,8,8,9.381461560244743,0.9055756771863734,1.7775974575397357,2.1028693958484057,True,outputs_camera_ready/s2_no_shaping/seed_46,outputs_camera_ready/s2_no_shaping/seed_46/eval/best_model.zip
s2_no_shaping,46,16,123,7495.58518576622,466,False,5,8,5.220664323540021,-0.8292866978526382,1.3812777080601464,1.496171103201338,True,outputs_camera_ready/s2_no_shaping/seed_46,outputs_camera_ready/s2_no_shaping/seed_46/eval/best_model.zip
s2_no_shaping,46,17,123,15995.447470664978,1000,True,8,8,10.233701678485284,0.2476203502928086,2.1018037261562226,2.1167996750273055,False,outputs_camera_ready/s2_no_shaping/seed_46,outputs_camera_ready/s2_no_shaping/seed_46/eval/best_model.zip
s2_no_shaping,46,18,123,15988.764949798584,1000,True,8,8,10.688955108020838,-0.6992557322362446,2.0951233124082824,2.113943271708245,False,outputs_camera_ready/s2_no_shaping/seed_46,outputs_camera_ready/s2_no_shaping/seed_46/eval/best_model.zip
s2_no_shaping,46,19,123,16060.8737449646,1000,True,8,8,10.804996393142439,0.05343446523930412,2.0995505271773305,2.121202147852585,False,outputs_camera_ready/s2_no_shaping/seed_46,outputs_camera_ready/s2_no_shaping/seed_46/eval/best_model.zip
s2_no_shaping,46,20,123,16110.682276725769,1000,True,8,8,11.421375885067345,-0.5227264095665642,2.1034433992967583,2.125003973748782,False,outputs_camera_ready/s2_no_shaping/seed_46,outputs_camera_ready/s2_no_shaping/seed_46/eval/best_model.zip
s2_no_shaping,46,21,123,6964.835120201111,430,False,4,8,5.038936447721301,0.1506583933481828,1.2927458581640505,1.493931525287445,True,outputs_camera_ready/s2_no_shaping/seed_46,outputs_camera_ready/s2_no_shaping/seed_46/eval/best_model.zip
s2_no_shaping,46,22,123,15924.48821926117,1000,True,8,8,9.957595971264077,0.44786220153483836,2.0992058155780575,2.1206153562532113,False,outputs_camera_ready/s2_no_shaping/seed_46,outputs_camera_ready/s2_no_shaping/seed_46/eval/best_model.zip
s2_no_shaping,46,23,123,15961.220435142517,1000,True,8,8,10.386911871518958,-0.9803073617077831,2.1040408241745165,2.1211911575911966,False,outputs_camera_ready/s2_no_shaping/seed_46,outputs_camera_ready/s2_no_shaping/seed_46/eval/best_model.zip
s2_no_shaping,46,24,123,15988.754076004028,1000,True,8,8,10.282844274784322,-0.4596331423979339,2.0940766130318185,2.1369346126259208,False,outputs_camera_ready/s2_no_shaping/seed_46,outputs_camera_ready/s2_no_shaping/seed_46/eval/best_model.zip
s2_no_shaping,46,25,123,16080.373374938965,1000,True,8,8,10.980429413755932,0.08660290436593764,2.097882994419175,2.1350414076560296,False,outputs_camera_ready/s2_no_shaping/seed_46,outputs_camera_ready/s2_no_shaping/seed_46/eval/best_model.zip
s2_no_shaping,46,26,123,8470.977388381958,525,False,6,8,6.000217398681239,0.6577058826800498,1.433827034099587,1.6613890256918515,True,outputs_camera_ready/s2_no_shaping/seed_46,outputs_camera_ready/s2_no_shaping/seed_46/eval/best_model.zip
s2_no_shaping,46,27,123,13023.252071678638,819,True,8,8,8.017389481932945,-1.5207166780427417,1.6923964103055433,1.9833572567431998,True,outputs_camera_ready/s2_no_shaping/seed_46,outputs_camera_ready/s2_no_shaping/seed_46/eval/best_model.zip
s2_no_shaping,46,28,123,16145.258646011353,1000,True,8,8,11.332192871748832,-0.22329042858070794,2.096332738564868,2.118826835521665,False,outputs_camera_ready/s2_no_shaping/seed_46,outputs_camera_ready/s2_no_shaping/seed_46/eval/best_model.zip
s2_no_shaping,46,29,123,8281.10242319107,539,False,3,8,3.185850900752493,0.44510972179095915,1.0884465051963188,1.5457310041417136,True,outputs_camera_ready/s2_no_shaping/seed_46,outputs_camera_ready/s2_no_shaping/seed_46/eval/best_model.zip
s2_no_shaping,46,30,123,10909.953444182873,693,False,6,8,6.006713808648812,-0.6224247323073764,1.4926188808637173,1.7152186938448135,True,outputs_camera_ready/s2_no_shaping/seed_46,outputs_camera_ready/s2_no_shaping/seed_46/eval/best_model.zip
s2_no_shaping,46,31,123,15932.798462867737,1000,True,8,8,9.820725207344374,-0.8658870222007504,2.1042905634529174,2.120475431292161,False,outputs_camera_ready/s2_no_shaping/seed_46,outputs_camera_ready/s2_no_shaping/seed_46/eval/best_model.zip
s2_no_shaping,46,32,123,8912.938940048218,545,False,7,8,7.339405922157009,-0.8986250101441383,1.5969455606881993,1.7040437885496715,True,outputs_camera_ready/s2_no_shaping/seed_46,outputs_camera_ready/s2_no_shaping/seed_46/eval/best_model.zip
s2_no_shaping,46,33,123,15987.55565071106,1000,True,8,8,10.049146709083463,0.0016271573170844131,2.105122961620707,2.1192076028322204,False,outputs_camera_ready/s2_no_shaping/seed_46,outputs_camera_ready/s2_no_shaping/seed_46/eval/best_model.zip
s2_no_shaping,46,34,123,16044.275156974792,1000,True,8,8,10.859404589629673,-0.36949408408527806,2.093948859355375,2.1110678019111244,False,outputs_camera_ready/s2_no_shaping/seed_46,outputs_camera_ready/s2_no_shaping/seed_46/eval/best_model.zip
s2_no_shaping,46,35,123,15933.68814086914,1000,True,8,8,10.052853537491098,0.19907902633817176,2.1130735996417638,2.1219575243738675,False,outputs_camera_ready/s2_no_shaping/seed_46,outputs_camera_ready/s2_no_shaping/seed_46/eval/best_model.zip
s2_no_shaping,46,36,123,15948.778763771057,1000,True,8,8,11.018726853496032,0.6885207258737841,2.1197741174407843,2.143899648282932,False,outputs_camera_ready/s2_no_shaping/seed_46,outputs_camera_ready/s2_no_shaping/seed_46/eval/best_model.zip
s2_no_shaping,46,37,123,15991.666954994202,1000,True,8,8,10.790821301714441,0.4465838097653898,2.091830830742126,2.1565881266255023,False,outputs_camera_ready/s2_no_shaping/seed_46,outputs_camera_ready/s2_no_shaping/seed_46/eval/best_model.zip
s2_no_shaping,46,38,123,15994.315477371216,1000,True,8,8,10.381103250961704,-0.6496652582993895,2.090920532448843,2.1262355291013235,False,outputs_camera_ready/s2_no_shaping/seed_46,outputs_camera_ready/s2_no_shaping/seed_46/eval/best_model.zip
s2_no_shaping,46,39,123,16129.172588348389,1000,True,8,8,11.18462107085224,-0.38915627153597326,2.1142700282612092,2.117381069678762,False,outputs_camera_ready/s2_no_shaping/seed_46,outputs_camera_ready/s2_no_shaping/seed_46/eval/best_model.zip
s2_no_shaping,46,40,123,8826.829325675964,544,False,6,8,6.548253778920148,-0.542488922176083,1.494035784858775,1.638868775811629,True,outputs_camera_ready/s2_no_shaping/seed_46,outputs_camera_ready/s2_no_shaping/seed_46/eval/best_model.zip
s2_no_shaping,46,41,123,15836.945868492126,1000,True,8,8,9.138950637452064,-0.206477255513618,2.0923587253201035,2.1367372503650306,False,outputs_camera_ready/s2_no_shaping/seed_46,outputs_camera_ready/s2_no_shaping/seed_46/eval/best_model.zip
s2_no_shaping,46,42,123,11767.227677106857,731,True,8,8,7.963863250862299,0.11566966171058438,1.697950714582833,1.891019359985887,True,outputs_camera_ready/s2_no_shaping/seed_46,outputs_camera_ready/s2_no_shaping/seed_46/eval/best_model.zip
s2_no_shaping,46,43,123,12939.135491535068,812,True,8,8,8.322452125499522,1.4732184265660777,1.6768993744642688,1.9302305743332782,True,outputs_camera_ready/s2_no_shaping/seed_46,outputs_camera_ready/s2_no_shaping/seed_46/eval/best_model.zip
s2_no_shaping,46,44,123,15972.615849494934,1000,True,8,8,9.89559219969285,-0.4280976148312619,2.0969370037997717,2.1133002431469325,False,outputs_camera_ready/s2_no_shaping/seed_46,outputs_camera_ready/s2_no_shaping/seed_46/eval/best_model.zip
s2_no_shaping,46,45,123,16068.18124294281,1000,True,8,8,10.848924495334867,-0.6154948478317982,2.109404881119546,2.1190741265111623,False,outputs_camera_ready/s2_no_shaping/seed_46,outputs_camera_ready/s2_no_shaping/seed_46/eval/best_model.zip
s2_no_shaping,46,46,123,15875.024728775024,1000,True,8,8,9.562798313693806,-0.592763709830279,2.0979931752753163,2.116943408327148,False,outputs_camera_ready/s2_no_shaping/seed_46,outputs_camera_ready/s2_no_shaping/seed_46/eval/best_model.zip
s2_no_shaping,46,47,123,16133.081364631653,1000,True,8,8,11.444266373446148,-0.3733331667911658,2.1003830408646613,2.1241271448858527,False,outputs_camera_ready/s2_no_shaping/seed_46,outputs_camera_ready/s2_no_shaping/seed_46/eval/best_model.zip
s2_no_shaping,46,48,123,16051.822160720825,1000,True,8,8,10.789236255607216,-0.39415639444137623,2.09785066836877,2.1147280010532623,False,outputs_camera_ready/s2_no_shaping/seed_46,outputs_camera_ready/s2_no_shaping/seed_46/eval/best_model.zip
s2_no_shaping,46,49,123,15929.726663589478,1000,True,8,8,10.32988918166405,0.08775561123645026,2.0967478736458163,2.109743161473741,False,outputs_camera_ready/s2_no_shaping/seed_46,outputs_camera_ready/s2_no_shaping/seed_46/eval/best_model.zip
s2_no_shaping,46,50,123,16380.925032615662,1000,True,8,8,13.141336902104875,0.08679826752217105,2.0944938241652973,2.1198366638945383,False,outputs_camera_ready/s2_no_shaping/seed_46,outputs_camera_ready/s2_no_shaping/seed_46/eval/best_model.zip
s2_no_shaping,46,51,123,9175.497071743011,572,False,6,8,6.4231614925724285,1.1972539922813143,1.4971091732826098,1.653804409500967,True,outputs_camera_ready/s2_no_shaping/seed_46,outputs_camera_ready/s2_no_shaping/seed_46/eval/best_model.zip
s2_no_shaping,46,52,123,16059.567840576172,1000,True,8,8,10.894417818089082,-0.675271745911301,2.092311194267336,2.115635613230586,False,outputs_camera_ready/s2_no_shaping/seed_46,outputs_camera_ready/s2_no_shaping/seed_46/eval/best_model.zip
s2_no_shaping,46,53,123,16148.908427238464,1000,True,8,8,11.429008767093247,-0.38501936068603776,2.0884626356782054,2.135771088914104,False,outputs_camera_ready/s2_no_shaping/seed_46,outputs_camera_ready/s2_no_shaping/seed_46/eval/best_model.zip
s2_no_shaping,46,54,123,16090.123109817505,1000,True,8,8,11.026974229414522,0.23049277944943591,2.0843287891495432,2.1498029491919426,False,outputs_camera_ready/s2_no_shaping/seed_46,outputs_camera_ready/s2_no_shaping/seed_46/eval/best_model.zip
s2_no_shaping,46,55,123,6101.1482228040695,384,False,3,8,3.6489848182769706,-0.14705800427743146,1.1991075424047277,1.4033836412301726,True,outputs_camera_ready/s2_no_shaping/seed_46,outputs_camera_ready/s2_no_shaping/seed_46/eval/best_model.zip
s2_no_shaping,46,56,123,16200.717458724976,1000,True,8,8,11.72116541856022,-0.4323419364705263,2.0963228446331574,2.124404139321096,False,outputs_camera_ready/s2_no_shaping/seed_46,outputs_camera_ready/s2_no_shaping/seed_46/eval/best_model.zip
s2_no_shaping,46,57,123,15951.470170974731,1000,True,8,8,10.659103846834615,-0.9665567367622552,2.1016830950898915,2.118076104767178,False,outputs_camera_ready/s2_no_shaping/seed_46,outputs_camera_ready/s2_no_shaping/seed_46/eval/best_model.zip
s2_no_shaping,46,58,123,16047.299465179443,1000,True,8,8,10.563871650910563,0.09227148927013243,2.0941264290002217,2.115333092072663,False,outputs_camera_ready/s2_no_shaping/seed_46,outputs_camera_ready/s2_no_shaping/seed_46/eval/best_model.zip
s2_no_shaping,46,59,123,15973.351758003235,1000,True,8,8,10.05372663975439,-0.43008306803687213,2.102892995407678,2.1379036825229463,False,outputs_camera_ready/s2_no_shaping/seed_46,outputs_camera_ready/s2_no_shaping/seed_46/eval/best_model.zip
s2_no_shaping,46,60,123,15889.69916343689,1000,True,8,8,9.930347210707977,-0.7573730701487497,2.0866252830057,2.114466473613766,False,outputs_camera_ready/s2_no_shaping/seed_46,outputs_camera_ready/s2_no_shaping/seed_46/eval/best_model.zip
s2_no_shaping,46,61,123,15935.975034713745,1000,True,8,8,9.92045871402704,-0.3883064293060123,2.1035919140070334,2.116492385497554,False,outputs_camera_ready/s2_no_shaping/seed_46,outputs_camera_ready/s2_no_shaping/seed_46/eval/best_model.zip
s2_no_shaping,46,62,123,15982.458221435547,1000,True,8,8,10.17877929336984,-0.2578546493002192,2.0947564854165033,2.1265638557953572,False,outputs_camera_ready/s2_no_shaping/seed_46,outputs_camera_ready/s2_no_shaping/seed_46/eval/best_model.zip
s2_no_shaping,46,63,123,15998.376477241516,1000,True,8,8,10.47798765772019,-1.1087193672760052,2.1098822688661696,2.121945345060792,False,outputs_camera_ready/s2_no_shaping/seed_46,outputs_camera_ready/s2_no_shaping/seed_46/eval/best_model.zip
s2_no_shaping,46,64,123,16082.940174102783,1000,True,8,8,10.9510357806153,-0.10831544641860498,2.0954306248450867,2.1486665662996405,False,outputs_camera_ready/s2_no_shaping/seed_46,outputs_camera_ready/s2_no_shaping/seed_46/eval/best_model.zip
s2_no_shaping,46,65,123,15879.716287612915,1000,True,8,8,9.38723673422247,-0.13692587396552383,2.10632646096212,2.1117607468000394,False,outputs_camera_ready/s2_no_shaping/seed_46,outputs_camera_ready/s2_no_shaping/seed_46/eval/best_model.zip
s2_no_shaping,46,66,123,10419.395517349243,651,False,7,8,6.8578010086665016,0.21651337399770001,1.597493136157879,1.7214815338771459,True,outputs_camera_ready/s2_no_shaping/seed_46,outputs_camera_ready/s2_no_shaping/seed_46/eval/best_model.zip
s2_no_shaping,46,67,123,15921.755650520325,1000,True,8,8,9.70071865521511,-0.6697431604775729,2.1059283864914033,2.1172157569631285,False,outputs_camera_ready/s2_no_shaping/seed_46,outputs_camera_ready/s2_no_shaping/seed_46/eval/best_model.zip
s2_no_shaping,46,68,123,11016.7642390728,681,True,8,8,8.071746299573766,0.4724997254294071,1.6979798897064087,1.9809751683922325,True,outputs_camera_ready/s2_no_shaping/seed_46,outputs_camera_ready/s2_no_shaping/seed_46/eval/best_model.zip
s2_no_shaping,46,69,123,16020.193845748901,1000,True,8,8,10.974078722100252,0.8583316710917995,2.1098114751559587,2.1139511492822085,False,outputs_camera_ready/s2_no_shaping/seed_46,outputs_camera_ready/s2_no_shaping/seed_46/eval/best_model.zip
s2_no_shaping,46,70,123,7422.184220790863,479,False,3,8,3.2188411336429232,0.3125181667279473,1.0843983295384365,1.5258457810019284,True,outputs_camera_ready/s2_no_shaping/seed_46,outputs_camera_ready/s2_no_shaping/seed_46/eval/best_model.zip
s2_no_shaping,46,71,123,16118.1200466156,1000,True,8,8,12.330392833355466,1.4931592338200421,2.082871254458376,2.1233082229769424,False,outputs_camera_ready/s2_no_shaping/seed_46,outputs_camera_ready/s2_no_shaping/seed_46/eval/best_model.zip
s2_no_shaping,46,72,123,16119.837911605835,1000,True,8,8,11.401960904169943,0.029340152631175665,2.114089118761043,2.1168047287925877,False,outputs_camera_ready/s2_no_shaping/seed_46,outputs_camera_ready/s2_no_shaping/seed_46/eval/best_model.zip
s2_no_shaping,46,73,123,6756.850920200348,411,False,5,8,5.611768765240515,-0.21599734189920652,1.3955703912313584,1.510298058145049,True,outputs_camera_ready/s2_no_shaping/seed_46,outputs_camera_ready/s2_no_shaping/seed_46/eval/best_model.zip
s2_no_shaping,46,74,123,14902.147978305817,931,True,8,8,9.546437522119609,-1.1639440743984946,1.7927473277773307,2.1262004896946576,True,outputs_camera_ready/s2_no_shaping/seed_46,outputs_camera_ready/s2_no_shaping/seed_46/eval/best_model.zip
s2_no_shaping,46,75,123,15982.991617202759,1000,True,8,8,10.165688060970474,-0.24309977894719426,2.1007031261875304,2.1282247526051865,False,outputs_camera_ready/s2_no_shaping/seed_46,outputs_camera_ready/s2_no_shaping/seed_46/eval/best_model.zip
s2_no_shaping,46,76,123,16107.533185958862,1000,True,8,8,10.88721760184337,-0.24312356695760248,2.1061245811294618,2.117365388425295,False,outputs_camera_ready/s2_no_shaping/seed_46,outputs_camera_ready/s2_no_shaping/seed_46/eval/best_model.zip
s2_no_shaping,46,77,123,16065.934762001038,1000,True,8,8,11.29976577560754,-0.8922384488537841,2.0920906825788235,2.124464195920443,False,outputs_camera_ready/s2_no_shaping/seed_46,outputs_camera_ready/s2_no_shaping/seed_46/eval/best_model.zip
s2_no_shaping,46,78,123,15974.138411521912,1000,True,8,8,10.31870095182562,-1.0109017493103316,2.0977876873366594,2.1290658864432848,False,outputs_camera_ready/s2_no_shaping/seed_46,outputs_camera_ready/s2_no_shaping/seed_46/eval/best_model.zip
s2_no_shaping,46,79,123,16001.813588142395,1000,True,8,8,10.344020550329892,0.16131489351612077,2.1062858932970596,2.1664610054701288,False,outputs_camera_ready/s2_no_shaping/seed_46,outputs_camera_ready/s2_no_shaping/seed_46/eval/best_model.zip
s2_no_shaping,46,80,123,15960.89671421051,1000,True,8,8,10.003990825497286,-0.5342368693436274,2.106457297689342,2.1174145663693267,False,outputs_camera_ready/s2_no_shaping/seed_46,outputs_camera_ready/s2_no_shaping/seed_46/eval/best_model.zip
s2_no_shaping,46,81,123,11394.836420059204,710,True,8,8,7.893513229652727,0.47746650386185097,1.6966956828866662,1.8112991826791884,True,outputs_camera_ready/s2_no_shaping/seed_46,outputs_camera_ready/s2_no_shaping/seed_46/eval/best_model.zip
s2_no_shaping,46,82,123,16116.275215148926,1000,True,8,8,11.600080313050942,-1.0796299546670844,2.098991825113394,2.1186543620500236,False,outputs_camera_ready/s2_no_shaping/seed_46,outputs_camera_ready/s2_no_shaping/seed_46/eval/best_model.zip
s2_no_shaping,46,83,123,16002.149467468262,1000,True,8,8,10.660427844096574,-0.8909928692158612,2.1007591822411147,2.122146017721162,False,outputs_camera_ready/s2_no_shaping/seed_46,outputs_camera_ready/s2_no_shaping/seed_46/eval/best_model.zip
s2_no_shaping,46,84,123,5697.400321006775,348,False,4,8,4.669223467632921,0.5127793504663073,1.2988512783140433,1.4047719439471946,True,outputs_camera_ready/s2_no_shaping/seed_46,outputs_camera_ready/s2_no_shaping/seed_46/eval/best_model.zip
s2_no_shaping,46,85,123,16004.268000602722,1000,True,8,8,10.379121514056495,-0.22732368724115096,2.1073419921208236,2.1439390543969408,False,outputs_camera_ready/s2_no_shaping/seed_46,outputs_camera_ready/s2_no_shaping/seed_46/eval/best_model.zip
s2_no_shaping,46,86,123,9547.658346176147,596,False,6,8,6.338191063694454,-0.6020161789916134,1.4964648642238216,1.6804264218140703,True,outputs_camera_ready/s2_no_shaping/seed_46,outputs_camera_ready/s2_no_shaping/seed_46/eval/best_model.zip
s2_no_shaping,46,87,123,15961.989916801453,1000,True,8,8,9.964118492526366,0.37075928590173285,2.069724820435989,2.110257207033034,False,outputs_camera_ready/s2_no_shaping/seed_46,outputs_camera_ready/s2_no_shaping/seed_46/eval/best_model.zip
s2_no_shaping,46,88,123,12532.48163318634,772,True,8,8,9.378092884568321,-0.858686169273322,1.7981839250197769,2.178251371275582,True,outputs_camera_ready/s2_no_shaping/seed_46,outputs_camera_ready/s2_no_shaping/seed_46/eval/best_model.zip
s2_no_shaping,46,89,123,16017.89086341858,1000,True,8,8,10.393237688764941,-0.27048595440231255,2.090872195804941,2.117906677963747,False,outputs_camera_ready/s2_no_shaping/seed_46,outputs_camera_ready/s2_no_shaping/seed_46/eval/best_model.zip
s2_no_shaping,46,90,123,16088.504948616028,1000,True,8,8,10.863671694632451,-0.19153912965740036,2.107360128689605,2.121715205812659,False,outputs_camera_ready/s2_no_shaping/seed_46,outputs_camera_ready/s2_no_shaping/seed_46/eval/best_model.zip
s2_no_shaping,46,91,123,9078.848841190338,559,False,7,8,6.816420566100029,-0.7100842555905297,1.523880167245645,1.7037338777560913,True,outputs_camera_ready/s2_no_shaping/seed_46,outputs_camera_ready/s2_no_shaping/seed_46/eval/best_model.zip
s2_no_shaping,46,92,123,16077.466939926147,1000,True,8,8,10.888035286622477,-0.2233556661190616,2.1056074643260803,2.1134330901060125,False,outputs_camera_ready/s2_no_shaping/seed_46,outputs_camera_ready/s2_no_shaping/seed_46/eval/best_model.zip
s2_no_shaping,46,93,123,16020.43387889862,1000,True,8,8,10.61210051240356,-0.897189187736065,2.0940549554690278,2.124167905542312,False,outputs_camera_ready/s2_no_shaping/seed_46,outputs_camera_ready/s2_no_shaping/seed_46/eval/best_model.zip
s2_no_shaping,46,94,123,16006.52653503418,1000,True,8,8,10.43101301111523,-0.50627200296329,2.1226546118006118,2.1226546118006118,False,outputs_camera_ready/s2_no_shaping/seed_46,outputs_camera_ready/s2_no_shaping/seed_46/eval/best_model.zip
s2_no_shaping,46,95,123,16037.56141281128,1000,True,8,8,10.893573688242956,-0.3725124273807714,2.099747475901786,2.136210550116635,False,outputs_camera_ready/s2_no_shaping/seed_46,outputs_camera_ready/s2_no_shaping/seed_46/eval/best_model.zip
s2_no_shaping,46,96,123,15896.079780578613,1000,True,8,8,9.475140106212251,-0.23581793035144055,2.1005259704739845,2.124990719187685,False,outputs_camera_ready/s2_no_shaping/seed_46,outputs_camera_ready/s2_no_shaping/seed_46/eval/best_model.zip
s2_no_shaping,46,97,123,16116.116080284119,1000,True,8,8,11.09504234596788,0.0035079893503882956,2.1047487160115548,2.1139480227603102,False,outputs_camera_ready/s2_no_shaping/seed_46,outputs_camera_ready/s2_no_shaping/seed_46/eval/best_model.zip
s2_no_shaping,46,98,123,16124.064868927002,1000,True,8,8,11.489934482569012,-0.5087761596380396,2.1042005760120577,2.1348704342397236,False,outputs_camera_ready/s2_no_shaping/seed_46,outputs_camera_ready/s2_no_shaping/seed_46/eval/best_model.zip
s2_no_shaping,46,99,123,16012.632676124573,1000,True,8,8,10.311787737297959,-0.4231323733731715,2.1005671302925175,2.114482700024521,False,outputs_camera_ready/s2_no_shaping/seed_46,outputs_camera_ready/s2_no_shaping/seed_46/eval/best_model.zip
s2_no_shaping,46,100,123,16022.068189620972,1000,True,8,8,10.406274188316571,0.23494437191371875,2.0968451583177887,2.1332810386908547,False,outputs_camera_ready/s2_no_shaping/seed_46,outputs_camera_ready/s2_no_shaping/seed_46/eval/best_model.zip
