stage,arm,seed,checkpoint_step,model_path,vecnorm_path,episodes,success_rate,mean_reward,std_reward,mean_length,mean_max_step_reached,mean_final_x
coarse,s2_base,42,1000000,outputs_best/2025-12-06/17-36-50/checkpoints/model_1000000.zip,outputs_best/2025-12-06/17-36-50/checkpoints/vecnormalize_1000000.pkl,10,0.0,1455.9193919651211,359.6916185333216,103.7,0.0,-0.49240184294507294
coarse,s2_base,42,2000000,outputs_best/2025-12-06/17-36-50/checkpoints/model_2000000.zip,outputs_best/2025-12-06/17-36-50/checkpoints/vecnormalize_2000000.pkl,10,0.0,1624.8053431928158,258.80952408379846,106.7,0.0,0.46692267686816724
coarse,s2_base,42,3000000,outputs_best/2025-12-06/17-36-50/checkpoints/model_3000000.zip,outputs_best/2025-12-06/17-36-50/checkpoints/vecnormalize_3000000.pkl,10,0.0,1576.2702007651328,385.93297164634174,102.2,0.0,0.6012656157065507
coarse,s2_base,42,4000000,outputs_best/2025-12-06/17-36-50/checkpoints/model_4000000.zip,outputs_best/2025-12-06/17-36-50/checkpoints/vecnormalize_4000000.pkl,10,0.0,1776.2143094182015,267.3586252989611,111.8,0.0,1.0584255275524515
coarse,s2_base,42,5000000,outputs_best/2025-12-06/17-36-50/checkpoints/model_5000000.zip,outputs_best/2025-12-06/17-36-50/checkpoints/vecnormalize_5000000.pkl,10,0.0,2495.8976955235003,352.66657737490937,155.0,0.3,1.7048687742574191
coarse,s2_base,42,6000000,outputs_best/2025-12-06/17-36-50/checkpoints/model_6000000.zip,outputs_best/2025-12-06/17-36-50/checkpoints/vecnormalize_6000000.pkl,10,0.0,3673.906562834978,451.69142441606914,228.9,1.1,2.4514690882931243
coarse,s2_base,42,7000000,outputs_best/2025-12-06/17-36-50/checkpoints/model_7000000.zip,outputs_best/2025-12-06/17-36-50/checkpoints/vecnormalize_7000000.pkl,10,0.0,4767.948185868561,339.71428881600895,292.5,2.5,3.6038186862777932
coarse,s2_base,42,8000000,outputs_best/2025-12-06/17-36-50/checkpoints/model_8000000.zip,outputs_best/2025-12-06/17-36-50/checkpoints/vecnormalize_8000000.pkl,10,0.0,5794.669361919165,617.7066931891053,361.7,2.7,3.6681849070499815
coarse,s2_base,42,9000000,outputs_best/2025-12-06/17-36-50/checkpoints/model_9000000.zip,outputs_best/2025-12-06/17-36-50/checkpoints/vecnormalize_9000000.pkl,10,0.0,5263.717947143316,1076.116600219419,331.1,2.1,3.0961327991669036
coarse,s2_base,42,10000000,outputs_best/2025-12-06/17-36-50/checkpoints/model_10000000.zip,outputs_best/2025-12-06/17-36-50/checkpoints/vecnormalize_10000000.pkl,10,0.0,7063.242066007852,838.0957155404191,448.0,2.7,3.7551739313519734
coarse,s2_base,42,11000000,outputs_best/2025-12-06/17-36-50/checkpoints/model_11000000.zip,outputs_best/2025-12-06/17-36-50/checkpoints/vecnormalize_11000000.pkl,10,0.0,8237.961408503354,1124.7796236346164,522.9,3.4,4.431725924389292
coarse,s2_base,42,12000000,outputs_best/2025-12-06/17-36-50/checkpoints/model_12000000.zip,outputs_best/2025-12-06/17-36-50/checkpoints/vecnormalize_12000000.pkl,10,0.0,8624.058109185566,1387.5930155047115,545.2,4.1,4.7994054093716745
coarse,s2_base,42,13000000,outputs_best/2025-12-06/17-36-50/checkpoints/model_13000000.zip,outputs_best/2025-12-06/17-36-50/checkpoints/vecnormalize_13000000.pkl,10,0.0,9018.676386398078,1391.739725263019,572.7,4.0,4.784308812001253
coarse,s2_base,42,14000000,outputs_best/2025-12-06/17-36-50/checkpoints/model_14000000.zip,outputs_best/2025-12-06/17-36-50/checkpoints/vecnormalize_14000000.pkl,10,0.0,10275.090172483027,1444.4143837189647,662.7,3.8,4.38523560945453
coarse,s2_base,42,15000000,outputs_best/2025-12-06/17-36-50/checkpoints/model_15000000.zip,outputs_best/2025-12-06/17-36-50/checkpoints/vecnormalize_15000000.pkl,10,30.0,12273.12627555132,2569.969653347121,783.6,5.6,5.988364954016481
coarse,s2_base,42,16000000,outputs_best/2025-12-06/17-36-50/checkpoints/model_16000000.zip,outputs_best/2025-12-06/17-36-50/checkpoints/vecnormalize_16000000.pkl,10,10.0,11839.982707202435,2886.0385947654495,763.1,4.7,5.233156514704204
coarse,s2_base,42,17000000,outputs_best/2025-12-06/17-36-50/checkpoints/model_17000000.zip,outputs_best/2025-12-06/17-36-50/checkpoints/vecnormalize_17000000.pkl,10,10.0,11670.171049320697,2846.224705344959,752.2,4.7,4.999871826058856
coarse,s2_base,42,18000000,outputs_best/2025-12-06/17-36-50/checkpoints/model_18000000.zip,outputs_best/2025-12-06/17-36-50/checkpoints/vecnormalize_18000000.pkl,10,30.0,13829.589349347352,2416.4248052308853,886.1,6.1,6.360743827366401
coarse,s2_base,42,19000000,outputs_best/2025-12-06/17-36-50/checkpoints/model_19000000.zip,outputs_best/2025-12-06/17-36-50/checkpoints/vecnormalize_19000000.pkl,10,0.0,14412.271779894829,1715.4107059048267,929.1,5.5,5.886805828781592
coarse,s2_base,42,20000000,outputs_best/2025-12-06/17-36-50/checkpoints/model_20000000.zip,outputs_best/2025-12-06/17-36-50/checkpoints/vecnormalize_20000000.pkl,10,20.0,15068.27620060444,1479.6506969267475,965.7,6.6,6.963173818272615
coarse,s2_base,42,21000000,outputs_best/2025-12-06/17-36-50/checkpoints/model_21000000.zip,outputs_best/2025-12-06/17-36-50/checkpoints/vecnormalize_21000000.pkl,10,0.0,15495.643718624115,82.97010966343917,1000.0,6.4,6.615279898831514
coarse,s2_base,42,22000000,outputs_best/2025-12-06/17-36-50/checkpoints/model_22000000.zip,outputs_best/2025-12-06/17-36-50/checkpoints/vecnormalize_22000000.pkl,10,60.0,13566.898339693062,4668.533248057954,864.5,6.6,6.87847439589149
coarse,s2_base,42,23000000,outputs_best/2025-12-06/17-36-50/checkpoints/model_23000000.zip,outputs_best/2025-12-06/17-36-50/checkpoints/vecnormalize_23000000.pkl,10,100.0,15732.69801416397,107.93606507683266,1000.0,8.0,8.5806062662563
coarse,s2_base,42,24000000,outputs_best/2025-12-06/17-36-50/checkpoints/model_24000000.zip,outputs_best/2025-12-06/17-36-50/checkpoints/vecnormalize_24000000.pkl,10,100.0,15388.031065511703,842.6198500553193,981.2,8.0,8.145080718312311
coarse,s2_base,42,25000000,outputs_best/2025-12-06/17-36-50/checkpoints/model_25000000.zip,outputs_best/2025-12-06/17-36-50/checkpoints/vecnormalize_25000000.pkl,10,100.0,15603.736783325672,620.01165508135,987.3,8.0,9.01421416593912
coarse,s2_base,42,26000000,outputs_best/2025-12-06/17-36-50/checkpoints/model_26000000.zip,outputs_best/2025-12-06/17-36-50/checkpoints/vecnormalize_26000000.pkl,10,100.0,15663.166124677658,955.1315416122382,979.7,8.0,10.005081485068521
coarse,s2_base,42,27000000,outputs_best/2025-12-06/17-36-50/checkpoints/model_27000000.zip,outputs_best/2025-12-06/17-36-50/checkpoints/vecnormalize_27000000.pkl,10,90.0,15553.379377305508,2098.485623133884,953.6,7.9,11.854137765221047
coarse,s2_base,42,28000000,outputs_best/2025-12-06/17-36-50/checkpoints/model_28000000.zip,outputs_best/2025-12-06/17-36-50/checkpoints/vecnormalize_28000000.pkl,10,100.0,15665.485240364074,1445.206909561856,958.0,8.0,12.250883246790867
coarse,s2_base,42,29000000,outputs_best/2025-12-06/17-36-50/checkpoints/model_29000000.zip,outputs_best/2025-12-06/17-36-50/checkpoints/vecnormalize_29000000.pkl,10,100.0,15252.323766577243,2289.6461096563885,928.2,8.0,12.33341370117942
coarse,s2_base,42,30000000,outputs_best/2025-12-06/17-36-50/checkpoints/model_30000000.zip,outputs_best/2025-12-06/17-36-50/checkpoints/vecnormalize_30000000.pkl,10,90.0,14873.402636134624,2645.194970559534,899.4,7.9,12.617134788596745
refine,s2_base,42,28000000,outputs_best/2025-12-06/17-36-50/checkpoints/model_28000000.zip,outputs_best/2025-12-06/17-36-50/checkpoints/vecnormalize_28000000.pkl,20,95.0,15725.323334467412,1604.6411640566291,961.2,7.95,12.339819687106333
refine,s2_base,42,28250000,outputs_best/2025-12-06/17-36-50/checkpoints/model_28250000.zip,outputs_best/2025-12-06/17-36-50/checkpoints/vecnormalize_28250000.pkl,20,95.0,15695.84251140356,2174.0416335023147,962.65,7.85,12.177174599234775
refine,s2_base,42,28500000,outputs_best/2025-12-06/17-36-50/checkpoints/model_28500000.zip,outputs_best/2025-12-06/17-36-50/checkpoints/vecnormalize_28500000.pkl,20,95.0,15242.789636445046,2439.6587645014665,934.3,7.95,11.869641618440678
refine,s2_base,42,28750000,outputs_best/2025-12-06/17-36-50/checkpoints/model_28750000.zip,outputs_best/2025-12-06/17-36-50/checkpoints/vecnormalize_28750000.pkl,20,100.0,16042.02061971426,1195.763697316103,978.5,8.0,12.969305674703914
refine,s2_base,42,29000000,outputs_best/2025-12-06/17-36-50/checkpoints/model_29000000.zip,outputs_best/2025-12-06/17-36-50/checkpoints/vecnormalize_29000000.pkl,20,100.0,15762.220507729053,1698.9806461210903,962.55,8.0,12.39882485532502
refine,s2_base,42,29250000,outputs_best/2025-12-06/17-36-50/checkpoints/model_29250000.zip,outputs_best/2025-12-06/17-36-50/checkpoints/vecnormalize_29250000.pkl,20,100.0,15650.190183876455,1842.2101721820338,953.85,8.0,12.584480684134864
refine,s2_base,42,29500000,outputs_best/2025-12-06/17-36-50/checkpoints/model_29500000.zip,outputs_best/2025-12-06/17-36-50/checkpoints/vecnormalize_29500000.pkl,20,90.0,14951.379606628418,2599.0474592616342,908.35,7.8,12.474656393574207
refine,s2_base,42,29750000,outputs_best/2025-12-06/17-36-50/checkpoints/model_29750000.zip,outputs_best/2025-12-06/17-36-50/checkpoints/vecnormalize_29750000.pkl,20,90.0,15133.54824962914,2385.9251270351438,918.6,7.85,12.702143157180252
refine,s2_base,42,30000000,outputs_best/2025-12-06/17-36-50/checkpoints/model_30000000.zip,outputs_best/2025-12-06/17-36-50/checkpoints/vecnormalize_30000000.pkl,20,95.0,15584.718009924889,2007.154949445208,944.7,7.95,13.070898898044007
coarse,s2_base,43,1000000,outputs_camera_ready/s2_base/seed_43/checkpoints/model_1000000.zip,outputs_camera_ready/s2_base/seed_43/checkpoints/vecnormalize_1000000.pkl,10,0.0,1445.848750348389,186.6883977638962,93.9,0.0,0.5078854528518225
coarse,s2_base,43,2000000,outputs_camera_ready/s2_base/seed_43/checkpoints/model_2000000.zip,outputs_camera_ready/s2_base/seed_43/checkpoints/vecnormalize_2000000.pkl,10,0.0,1484.8008837103844,144.47222130682698,93.5,0.0,0.8537325939752323
coarse,s2_base,43,3000000,outputs_camera_ready/s2_base/seed_43/checkpoints/model_3000000.zip,outputs_camera_ready/s2_base/seed_43/checkpoints/vecnormalize_3000000.pkl,10,0.0,1507.0679595470428,107.13819844409046,93.3,0.0,1.0391061955906333
coarse,s2_base,43,4000000,outputs_camera_ready/s2_base/seed_43/checkpoints/model_4000000.zip,outputs_camera_ready/s2_base/seed_43/checkpoints/vecnormalize_4000000.pkl,10,0.0,2114.866660785675,92.52631212666256,130.1,0.0,1.5474649470778215
coarse,s2_base,43,5000000,outputs_camera_ready/s2_base/seed_43/checkpoints/model_5000000.zip,outputs_camera_ready/s2_base/seed_43/checkpoints/vecnormalize_5000000.pkl,10,0.0,4100.813391399383,454.80379303351043,257.7,1.0,2.3922126459518185
coarse,s2_base,43,6000000,outputs_camera_ready/s2_base/seed_43/checkpoints/model_6000000.zip,outputs_camera_ready/s2_base/seed_43/checkpoints/vecnormalize_6000000.pkl,10,0.0,5791.215033531189,1654.0936320811343,371.7,1.0,2.521101476745645
coarse,s2_base,43,7000000,outputs_camera_ready/s2_base/seed_43/checkpoints/model_7000000.zip,outputs_camera_ready/s2_base/seed_43/checkpoints/vecnormalize_7000000.pkl,10,0.0,8765.63126335144,1912.918994678505,568.8,2.2,3.192991004002139
coarse,s2_base,43,8000000,outputs_camera_ready/s2_base/seed_43/checkpoints/model_8000000.zip,outputs_camera_ready/s2_base/seed_43/checkpoints/vecnormalize_8000000.pkl,10,0.0,13036.34065490961,1426.2572345038059,865.5,1.7,2.55894215727629
coarse,s2_base,43,9000000,outputs_camera_ready/s2_base/seed_43/checkpoints/model_9000000.zip,outputs_camera_ready/s2_base/seed_43/checkpoints/vecnormalize_9000000.pkl,10,0.0,13063.79786927253,1797.8080633267207,867.7,1.8,2.534823680784431
coarse,s2_base,43,10000000,outputs_camera_ready/s2_base/seed_43/checkpoints/model_10000000.zip,outputs_camera_ready/s2_base/seed_43/checkpoints/vecnormalize_10000000.pkl,10,0.0,14179.452892565727,1010.0704511752513,947.7,1.2,2.3589782578249423
coarse,s2_base,43,11000000,outputs_camera_ready/s2_base/seed_43/checkpoints/model_11000000.zip,outputs_camera_ready/s2_base/seed_43/checkpoints/vecnormalize_11000000.pkl,10,0.0,14410.097385370731,812.6709304280294,959.0,1.9,2.797995363887482
coarse,s2_base,43,12000000,outputs_camera_ready/s2_base/seed_43/checkpoints/model_12000000.zip,outputs_camera_ready/s2_base/seed_43/checkpoints/vecnormalize_12000000.pkl,10,0.0,14387.515517902375,1063.7811849294972,950.9,2.4,3.365661155235222
coarse,s2_base,43,13000000,outputs_camera_ready/s2_base/seed_43/checkpoints/model_13000000.zip,outputs_camera_ready/s2_base/seed_43/checkpoints/vecnormalize_13000000.pkl,10,0.0,14303.096350574493,1322.032802343041,946.0,2.4,3.453937969811117
coarse,s2_base,43,14000000,outputs_camera_ready/s2_base/seed_43/checkpoints/model_14000000.zip,outputs_camera_ready/s2_base/seed_43/checkpoints/vecnormalize_14000000.pkl,10,0.0,13592.548923322558,1700.526960295139,896.5,2.5,3.4692573965986804
coarse,s2_base,43,15000000,outputs_camera_ready/s2_base/seed_43/checkpoints/model_15000000.zip,outputs_camera_ready/s2_base/seed_43/checkpoints/vecnormalize_15000000.pkl,10,0.0,13534.591400673986,2352.1604743437806,891.3,2.7,3.5905159486498377
coarse,s2_base,43,16000000,outputs_camera_ready/s2_base/seed_43/checkpoints/model_16000000.zip,outputs_camera_ready/s2_base/seed_43/checkpoints/vecnormalize_16000000.pkl,10,0.0,14124.890536856652,1888.7473584198594,926.0,3.3,4.228862450726705
coarse,s2_base,43,17000000,outputs_camera_ready/s2_base/seed_43/checkpoints/model_17000000.zip,outputs_camera_ready/s2_base/seed_43/checkpoints/vecnormalize_17000000.pkl,10,0.0,13357.473360991478,1889.9671210568586,877.9,3.0,3.776930174781035
coarse,s2_base,43,18000000,outputs_camera_ready/s2_base/seed_43/checkpoints/model_18000000.zip,outputs_camera_ready/s2_base/seed_43/checkpoints/vecnormalize_18000000.pkl,10,0.0,13492.24964832738,2327.5837480020014,885.3,3.0,3.9591607588197903
coarse,s2_base,43,19000000,outputs_camera_ready/s2_base/seed_43/checkpoints/model_19000000.zip,outputs_camera_ready/s2_base/seed_43/checkpoints/vecnormalize_19000000.pkl,10,0.0,14848.403451931477,1341.1146794164265,970.5,3.9,4.656835615242793
coarse,s2_base,43,20000000,outputs_camera_ready/s2_base/seed_43/checkpoints/model_20000000.zip,outputs_camera_ready/s2_base/seed_43/checkpoints/vecnormalize_20000000.pkl,10,0.0,13889.798624569177,1982.4156594400615,910.2,3.5,4.220365698949723
coarse,s2_base,43,21000000,outputs_camera_ready/s2_base/seed_43/checkpoints/model_21000000.zip,outputs_camera_ready/s2_base/seed_43/checkpoints/vecnormalize_21000000.pkl,10,0.0,13675.273485745489,2583.5392631142972,894.1,3.5,4.273175112835651
coarse,s2_base,43,22000000,outputs_camera_ready/s2_base/seed_43/checkpoints/model_22000000.zip,outputs_camera_ready/s2_base/seed_43/checkpoints/vecnormalize_22000000.pkl,10,0.0,14086.635599705576,2429.056935838706,920.1,3.7,4.539763834158654
coarse,s2_base,43,23000000,outputs_camera_ready/s2_base/seed_43/checkpoints/model_23000000.zip,outputs_camera_ready/s2_base/seed_43/checkpoints/vecnormalize_23000000.pkl,10,0.0,14893.766945236921,1267.1369293636526,969.2,4.6,5.178126663449255
coarse,s2_base,43,24000000,outputs_camera_ready/s2_base/seed_43/checkpoints/model_24000000.zip,outputs_camera_ready/s2_base/seed_43/checkpoints/vecnormalize_24000000.pkl,10,0.0,14327.484260129928,2400.3692544919895,930.4,4.5,5.181479673282649
coarse,s2_base,43,25000000,outputs_camera_ready/s2_base/seed_43/checkpoints/model_25000000.zip,outputs_camera_ready/s2_base/seed_43/checkpoints/vecnormalize_25000000.pkl,10,0.0,15460.772385501861,63.705780013848575,1000.0,5.6,6.073153335388439
coarse,s2_base,43,26000000,outputs_camera_ready/s2_base/seed_43/checkpoints/model_26000000.zip,outputs_camera_ready/s2_base/seed_43/checkpoints/vecnormalize_26000000.pkl,10,0.0,15159.68707780838,815.7428380957946,983.9,5.5,5.850492637346016
coarse,s2_base,43,27000000,outputs_camera_ready/s2_base/seed_43/checkpoints/model_27000000.zip,outputs_camera_ready/s2_base/seed_43/checkpoints/vecnormalize_27000000.pkl,10,0.0,15446.1181391716,85.80962750918776,1000.0,5.9,6.41524042164734
coarse,s2_base,43,28000000,outputs_camera_ready/s2_base/seed_43/checkpoints/model_28000000.zip,outputs_camera_ready/s2_base/seed_43/checkpoints/vecnormalize_28000000.pkl,10,10.0,15051.406017923355,1372.8528598251742,964.4,6.8,6.90383002733342
coarse,s2_base,43,29000000,outputs_camera_ready/s2_base/seed_43/checkpoints/model_29000000.zip,outputs_camera_ready/s2_base/seed_43/checkpoints/vecnormalize_29000000.pkl,10,60.0,15675.278443050385,62.30411321817808,1000.0,7.6,7.578227612959788
coarse,s2_base,43,30000000,outputs_camera_ready/s2_base/seed_43/checkpoints/model_30000000.zip,outputs_camera_ready/s2_base/seed_43/checkpoints/vecnormalize_30000000.pkl,10,100.0,15687.265860676765,346.7805422091117,994.2,8.0,8.326312829978772
refine,s2_base,43,29000000,outputs_camera_ready/s2_base/seed_43/checkpoints/model_29000000.zip,outputs_camera_ready/s2_base/seed_43/checkpoints/vecnormalize_29000000.pkl,20,60.0,15360.079273748397,1300.8396332930197,980.4,7.4,7.484428183076157
refine,s2_base,43,29250000,outputs_camera_ready/s2_base/seed_43/checkpoints/model_29250000.zip,outputs_camera_ready/s2_base/seed_43/checkpoints/vecnormalize_29250000.pkl,20,60.0,15344.961832261086,1012.9487901163692,978.8,7.4,7.427579377631233
refine,s2_base,43,29500000,outputs_camera_ready/s2_base/seed_43/checkpoints/model_29500000.zip,outputs_camera_ready/s2_base/seed_43/checkpoints/vecnormalize_29500000.pkl,20,65.0,15280.337085202336,1262.7270100518758,974.7,7.45,7.580549115830226
refine,s2_base,43,29750000,outputs_camera_ready/s2_base/seed_43/checkpoints/model_29750000.zip,outputs_camera_ready/s2_base/seed_43/checkpoints/vecnormalize_29750000.pkl,20,65.0,15206.272699832916,1873.019471819337,970.55,7.35,7.460317290623372
refine,s2_base,43,30000000,outputs_camera_ready/s2_base/seed_43/checkpoints/model_30000000.zip,outputs_camera_ready/s2_base/seed_43/checkpoints/vecnormalize_30000000.pkl,20,85.0,15255.877399802208,2106.355145464153,966.3,7.65,8.1774819868271
coarse,s2_base,44,1000000,outputs_camera_ready/s2_base/seed_44/checkpoints/model_1000000.zip,outputs_camera_ready/s2_base/seed_44/checkpoints/vecnormalize_1000000.pkl,10,0.0,1075.4063863039016,55.96724623100606,76.9,0.0,-0.35123872945821105
coarse,s2_base,44,2000000,outputs_camera_ready/s2_base/seed_44/checkpoints/model_2000000.zip,outputs_camera_ready/s2_base/seed_44/checkpoints/vecnormalize_2000000.pkl,10,0.0,1580.8257837414742,210.8568610439386,113.4,0.0,-0.5680108626288145
coarse,s2_base,44,3000000,outputs_camera_ready/s2_base/seed_44/checkpoints/model_3000000.zip,outputs_camera_ready/s2_base/seed_44/checkpoints/vecnormalize_3000000.pkl,10,0.0,2481.357646590471,426.8886416334118,167.1,0.0,0.29682245335187263
coarse,s2_base,44,4000000,outputs_camera_ready/s2_base/seed_44/checkpoints/model_4000000.zip,outputs_camera_ready/s2_base/seed_44/checkpoints/vecnormalize_4000000.pkl,10,0.0,3531.496572160721,933.9095494344003,227.6,0.2,1.6588960851632073
coarse,s2_base,44,5000000,outputs_camera_ready/s2_base/seed_44/checkpoints/model_5000000.zip,outputs_camera_ready/s2_base/seed_44/checkpoints/vecnormalize_5000000.pkl,10,0.0,4155.271466684341,1499.275933741206,264.6,0.9,2.2609578457341373
coarse,s2_base,44,6000000,outputs_camera_ready/s2_base/seed_44/checkpoints/model_6000000.zip,outputs_camera_ready/s2_base/seed_44/checkpoints/vecnormalize_6000000.pkl,10,0.0,6567.835137998312,862.4437850042824,428.7,1.4,2.465825522577811
coarse,s2_base,44,7000000,outputs_camera_ready/s2_base/seed_44/checkpoints/model_7000000.zip,outputs_camera_ready/s2_base/seed_44/checkpoints/vecnormalize_7000000.pkl,10,0.0,7258.591820979118,2146.23070701724,477.5,1.3,2.281783094716519
coarse,s2_base,44,8000000,outputs_camera_ready/s2_base/seed_44/checkpoints/model_8000000.zip,outputs_camera_ready/s2_base/seed_44/checkpoints/vecnormalize_8000000.pkl,10,0.0,8706.41315510422,2578.486992759029,574.6,1.6,2.529369527455798
coarse,s2_base,44,9000000,outputs_camera_ready/s2_base/seed_44/checkpoints/model_9000000.zip,outputs_camera_ready/s2_base/seed_44/checkpoints/vecnormalize_9000000.pkl,10,0.0,10732.115902125835,827.1776824847515,718.6,1.3,2.4519605734236527
coarse,s2_base,44,10000000,outputs_camera_ready/s2_base/seed_44/checkpoints/model_10000000.zip,outputs_camera_ready/s2_base/seed_44/checkpoints/vecnormalize_10000000.pkl,10,0.0,12231.728230341896,1336.941589057345,819.7,1.4,2.4640202681654975
coarse,s2_base,44,11000000,outputs_camera_ready/s2_base/seed_44/checkpoints/model_11000000.zip,outputs_camera_ready/s2_base/seed_44/checkpoints/vecnormalize_11000000.pkl,10,0.0,13602.857425089926,546.62543219112,920.5,1.1,2.301036760043792
coarse,s2_base,44,12000000,outputs_camera_ready/s2_base/seed_44/checkpoints/model_12000000.zip,outputs_camera_ready/s2_base/seed_44/checkpoints/vecnormalize_12000000.pkl,10,0.0,14727.484147453308,311.34119647900263,992.2,1.1,2.414292496414312
coarse,s2_base,44,13000000,outputs_camera_ready/s2_base/seed_44/checkpoints/model_13000000.zip,outputs_camera_ready/s2_base/seed_44/checkpoints/vecnormalize_13000000.pkl,10,0.0,14263.145175525546,1302.540222908747,961.3,1.3,2.4988541705983547
coarse,s2_base,44,14000000,outputs_camera_ready/s2_base/seed_44/checkpoints/model_14000000.zip,outputs_camera_ready/s2_base/seed_44/checkpoints/vecnormalize_14000000.pkl,10,0.0,14662.867025077343,312.4959988915497,988.4,1.2,2.6485980241945137
coarse,s2_base,44,15000000,outputs_camera_ready/s2_base/seed_44/checkpoints/model_15000000.zip,outputs_camera_ready/s2_base/seed_44/checkpoints/vecnormalize_15000000.pkl,10,0.0,14201.42504005432,1938.5256617810562,954.6,1.2,2.6622271335976704
coarse,s2_base,44,16000000,outputs_camera_ready/s2_base/seed_44/checkpoints/model_16000000.zip,outputs_camera_ready/s2_base/seed_44/checkpoints/vecnormalize_16000000.pkl,10,0.0,13786.528241790458,2319.8595830865524,919.2,1.8,2.8238188351289457
coarse,s2_base,44,17000000,outputs_camera_ready/s2_base/seed_44/checkpoints/model_17000000.zip,outputs_camera_ready/s2_base/seed_44/checkpoints/vecnormalize_17000000.pkl,10,0.0,14419.455606353284,1618.7667934604583,963.8,1.9,2.7982679416752716
coarse,s2_base,44,18000000,outputs_camera_ready/s2_base/seed_44/checkpoints/model_18000000.zip,outputs_camera_ready/s2_base/seed_44/checkpoints/vecnormalize_18000000.pkl,10,0.0,15008.300965595245,23.529241034671568,1000.0,2.0,2.783920040664979
coarse,s2_base,44,19000000,outputs_camera_ready/s2_base/seed_44/checkpoints/model_19000000.zip,outputs_camera_ready/s2_base/seed_44/checkpoints/vecnormalize_19000000.pkl,10,0.0,14970.508047771455,27.573576073530703,1000.0,2.0,2.783728688089178
coarse,s2_base,44,20000000,outputs_camera_ready/s2_base/seed_44/checkpoints/model_20000000.zip,outputs_camera_ready/s2_base/seed_44/checkpoints/vecnormalize_20000000.pkl,10,0.0,15002.538949775695,19.453765166108557,1000.0,2.0,2.7856950134008835
coarse,s2_base,44,21000000,outputs_camera_ready/s2_base/seed_44/checkpoints/model_21000000.zip,outputs_camera_ready/s2_base/seed_44/checkpoints/vecnormalize_21000000.pkl,10,0.0,15005.620756340028,33.77720644799863,1000.0,2.0,2.7913247911024675
coarse,s2_base,44,22000000,outputs_camera_ready/s2_base/seed_44/checkpoints/model_22000000.zip,outputs_camera_ready/s2_base/seed_44/checkpoints/vecnormalize_22000000.pkl,10,0.0,14997.128228759766,32.69728595223013,1000.0,2.0,2.78556192977145
coarse,s2_base,44,23000000,outputs_camera_ready/s2_base/seed_44/checkpoints/model_23000000.zip,outputs_camera_ready/s2_base/seed_44/checkpoints/vecnormalize_23000000.pkl,10,0.0,15034.357493114472,14.33277885733868,1000.0,2.0,2.8029437413780425
coarse,s2_base,44,24000000,outputs_camera_ready/s2_base/seed_44/checkpoints/model_24000000.zip,outputs_camera_ready/s2_base/seed_44/checkpoints/vecnormalize_24000000.pkl,10,0.0,15006.818046092987,30.927071468766844,1000.0,2.0,2.8036535888497633
coarse,s2_base,44,25000000,outputs_camera_ready/s2_base/seed_44/checkpoints/model_25000000.zip,outputs_camera_ready/s2_base/seed_44/checkpoints/vecnormalize_25000000.pkl,10,0.0,15019.125964927673,18.643735696562338,1000.0,2.0,2.8075726827410845
coarse,s2_base,44,26000000,outputs_camera_ready/s2_base/seed_44/checkpoints/model_26000000.zip,outputs_camera_ready/s2_base/seed_44/checkpoints/vecnormalize_26000000.pkl,10,0.0,15002.786439132691,29.9373603003077,1000.0,2.0,2.815294082181013
coarse,s2_base,44,27000000,outputs_camera_ready/s2_base/seed_44/checkpoints/model_27000000.zip,outputs_camera_ready/s2_base/seed_44/checkpoints/vecnormalize_27000000.pkl,10,0.0,14949.763059139252,55.515581017897404,1000.0,2.0,2.8228888580749696
coarse,s2_base,44,28000000,outputs_camera_ready/s2_base/seed_44/checkpoints/model_28000000.zip,outputs_camera_ready/s2_base/seed_44/checkpoints/vecnormalize_28000000.pkl,10,0.0,14934.91780948639,51.731873655814816,1000.0,2.0,2.837944565365826
coarse,s2_base,44,29000000,outputs_camera_ready/s2_base/seed_44/checkpoints/model_29000000.zip,outputs_camera_ready/s2_base/seed_44/checkpoints/vecnormalize_29000000.pkl,10,0.0,14908.855879402161,43.53325332138278,1000.0,2.0,2.8580330155355123
coarse,s2_base,44,30000000,outputs_camera_ready/s2_base/seed_44/checkpoints/model_30000000.zip,outputs_camera_ready/s2_base/seed_44/checkpoints/vecnormalize_30000000.pkl,10,0.0,14043.399920287728,2848.347568302446,934.8,2.0,2.8989497208564825
refine,s2_base,44,29000000,outputs_camera_ready/s2_base/seed_44/checkpoints/model_29000000.zip,outputs_camera_ready/s2_base/seed_44/checkpoints/vecnormalize_29000000.pkl,20,0.0,14923.410157585144,40.6542335633104,1000.0,2.0,2.8531079042569254
refine,s2_base,44,29250000,outputs_camera_ready/s2_base/seed_44/checkpoints/model_29250000.zip,outputs_camera_ready/s2_base/seed_44/checkpoints/vecnormalize_29250000.pkl,20,0.0,14925.77791814804,34.13247777521868,1000.0,2.0,2.865631229138142
refine,s2_base,44,29500000,outputs_camera_ready/s2_base/seed_44/checkpoints/model_29500000.zip,outputs_camera_ready/s2_base/seed_44/checkpoints/vecnormalize_29500000.pkl,20,0.0,14976.608568572998,36.70213549101309,1000.0,2.0,2.8554645844181
refine,s2_base,44,29750000,outputs_camera_ready/s2_base/seed_44/checkpoints/model_29750000.zip,outputs_camera_ready/s2_base/seed_44/checkpoints/vecnormalize_29750000.pkl,20,0.0,15014.82191104889,31.424929230683208,1000.0,2.0,2.867376223009125
refine,s2_base,44,30000000,outputs_camera_ready/s2_base/seed_44/checkpoints/model_30000000.zip,outputs_camera_ready/s2_base/seed_44/checkpoints/vecnormalize_30000000.pkl,20,0.0,14523.570665080846,2070.6376625129683,967.4,2.0,2.88297372864833
coarse,s2_base,45,1000000,outputs_camera_ready/s2_base/seed_45/checkpoints/model_1000000.zip,outputs_camera_ready/s2_base/seed_45/checkpoints/vecnormalize_1000000.pkl,10,0.0,1278.1497371822595,373.4301659962643,84.2,0.0,0.33588544780275237
coarse,s2_base,45,2000000,outputs_camera_ready/s2_base/seed_45/checkpoints/model_2000000.zip,outputs_camera_ready/s2_base/seed_45/checkpoints/vecnormalize_2000000.pkl,10,0.0,1650.9313606396317,483.57884584788064,111.3,0.0,0.14948021000481135
coarse,s2_base,45,3000000,outputs_camera_ready/s2_base/seed_45/checkpoints/model_3000000.zip,outputs_camera_ready/s2_base/seed_45/checkpoints/vecnormalize_3000000.pkl,10,0.0,1702.6158372573555,328.1201148550771,111.5,0.0,0.5160086278333168
coarse,s2_base,45,4000000,outputs_camera_ready/s2_base/seed_45/checkpoints/model_4000000.zip,outputs_camera_ready/s2_base/seed_45/checkpoints/vecnormalize_4000000.pkl,10,0.0,1698.8408106446266,119.06641687463265,107.2,0.0,0.9611873345901166
coarse,s2_base,45,5000000,outputs_camera_ready/s2_base/seed_45/checkpoints/model_5000000.zip,outputs_camera_ready/s2_base/seed_45/checkpoints/vecnormalize_5000000.pkl,10,0.0,2020.5530767202376,84.6160638572972,126.3,0.0,1.284530072543379
coarse,s2_base,45,6000000,outputs_camera_ready/s2_base/seed_45/checkpoints/model_6000000.zip,outputs_camera_ready/s2_base/seed_45/checkpoints/vecnormalize_6000000.pkl,10,0.0,3235.3230804920195,267.2108899141466,199.6,0.8,2.295062555872493
coarse,s2_base,45,7000000,outputs_camera_ready/s2_base/seed_45/checkpoints/model_7000000.zip,outputs_camera_ready/s2_base/seed_45/checkpoints/vecnormalize_7000000.pkl,10,0.0,4326.773343610764,588.673625521217,265.2,2.2,3.2201098729359834
coarse,s2_base,45,8000000,outputs_camera_ready/s2_base/seed_45/checkpoints/model_8000000.zip,outputs_camera_ready/s2_base/seed_45/checkpoints/vecnormalize_8000000.pkl,10,0.0,5558.207655143738,928.0764002817587,347.6,2.4,3.4527139950191925
coarse,s2_base,45,9000000,outputs_camera_ready/s2_base/seed_45/checkpoints/model_9000000.zip,outputs_camera_ready/s2_base/seed_45/checkpoints/vecnormalize_9000000.pkl,10,0.0,7812.528385424614,929.5671074079283,506.0,2.0,3.0996703433617014
coarse,s2_base,45,10000000,outputs_camera_ready/s2_base/seed_45/checkpoints/model_10000000.zip,outputs_camera_ready/s2_base/seed_45/checkpoints/vecnormalize_10000000.pkl,10,0.0,9975.55815743804,1181.5481359775638,660.7,1.6,2.227583014164009
coarse,s2_base,45,11000000,outputs_camera_ready/s2_base/seed_45/checkpoints/model_11000000.zip,outputs_camera_ready/s2_base/seed_45/checkpoints/vecnormalize_11000000.pkl,10,0.0,11272.705774199963,2484.716531315799,742.0,1.9,2.916537135875185
coarse,s2_base,45,12000000,outputs_camera_ready/s2_base/seed_45/checkpoints/model_12000000.zip,outputs_camera_ready/s2_base/seed_45/checkpoints/vecnormalize_12000000.pkl,10,0.0,12830.771106057986,1414.408050620375,843.8,2.4,3.396735610634748
coarse,s2_base,45,13000000,outputs_camera_ready/s2_base/seed_45/checkpoints/model_13000000.zip,outputs_camera_ready/s2_base/seed_45/checkpoints/vecnormalize_13000000.pkl,10,0.0,13103.276894553192,1020.5553932906103,862.5,2.7,3.411581606233787
coarse,s2_base,45,14000000,outputs_camera_ready/s2_base/seed_45/checkpoints/model_14000000.zip,outputs_camera_ready/s2_base/seed_45/checkpoints/vecnormalize_14000000.pkl,10,0.0,13896.814435362816,1161.810030435661,922.7,1.7,2.8525996667728277
coarse,s2_base,45,15000000,outputs_camera_ready/s2_base/seed_45/checkpoints/model_15000000.zip,outputs_camera_ready/s2_base/seed_45/checkpoints/vecnormalize_15000000.pkl,10,0.0,13823.322402095795,1598.524163920629,912.6,2.3,3.480260686246024
coarse,s2_base,45,16000000,outputs_camera_ready/s2_base/seed_45/checkpoints/model_16000000.zip,outputs_camera_ready/s2_base/seed_45/checkpoints/vecnormalize_16000000.pkl,10,0.0,13513.744408428669,1632.8441599198152,883.2,3.1,4.128609979488845
coarse,s2_base,45,17000000,outputs_camera_ready/s2_base/seed_45/checkpoints/model_17000000.zip,outputs_camera_ready/s2_base/seed_45/checkpoints/vecnormalize_17000000.pkl,10,0.0,12721.98894200325,2064.113559923825,840.2,1.9,3.1659060541256094
coarse,s2_base,45,18000000,outputs_camera_ready/s2_base/seed_45/checkpoints/model_18000000.zip,outputs_camera_ready/s2_base/seed_45/checkpoints/vecnormalize_18000000.pkl,10,0.0,14393.375782060622,1305.9279021446248,957.6,1.5,2.826740996822236
coarse,s2_base,45,19000000,outputs_camera_ready/s2_base/seed_45/checkpoints/model_19000000.zip,outputs_camera_ready/s2_base/seed_45/checkpoints/vecnormalize_19000000.pkl,10,0.0,13535.857873350382,2340.6989067884324,886.2,3.2,4.170811890066117
coarse,s2_base,45,20000000,outputs_camera_ready/s2_base/seed_45/checkpoints/model_20000000.zip,outputs_camera_ready/s2_base/seed_45/checkpoints/vecnormalize_20000000.pkl,10,0.0,13600.687306628377,2159.297200874254,899.9,2.1,3.387459148784444
coarse,s2_base,45,21000000,outputs_camera_ready/s2_base/seed_45/checkpoints/model_21000000.zip,outputs_camera_ready/s2_base/seed_45/checkpoints/vecnormalize_21000000.pkl,10,0.0,13624.338983368874,2065.348118204314,901.7,2.2,3.433321706204674
coarse,s2_base,45,22000000,outputs_camera_ready/s2_base/seed_45/checkpoints/model_22000000.zip,outputs_camera_ready/s2_base/seed_45/checkpoints/vecnormalize_22000000.pkl,10,0.0,13619.028387618066,2477.711369126536,907.5,1.4,2.9121259888234077
coarse,s2_base,45,23000000,outputs_camera_ready/s2_base/seed_45/checkpoints/model_23000000.zip,outputs_camera_ready/s2_base/seed_45/checkpoints/vecnormalize_23000000.pkl,10,0.0,14410.838076496124,1511.1439143962605,963.7,1.4,2.8679759652186734
coarse,s2_base,45,24000000,outputs_camera_ready/s2_base/seed_45/checkpoints/model_24000000.zip,outputs_camera_ready/s2_base/seed_45/checkpoints/vecnormalize_24000000.pkl,10,0.0,14901.374706840516,14.884408486261854,1000.0,1.0,2.6656056971825643
coarse,s2_base,45,25000000,outputs_camera_ready/s2_base/seed_45/checkpoints/model_25000000.zip,outputs_camera_ready/s2_base/seed_45/checkpoints/vecnormalize_25000000.pkl,10,0.0,14907.985626888276,22.691189394595916,1000.0,1.0,2.5062809275475133
coarse,s2_base,45,26000000,outputs_camera_ready/s2_base/seed_45/checkpoints/model_26000000.zip,outputs_camera_ready/s2_base/seed_45/checkpoints/vecnormalize_26000000.pkl,10,0.0,14938.179685592651,18.945064458004445,1000.0,1.0,2.6564433146571806
coarse,s2_base,45,27000000,outputs_camera_ready/s2_base/seed_45/checkpoints/model_27000000.zip,outputs_camera_ready/s2_base/seed_45/checkpoints/vecnormalize_27000000.pkl,10,0.0,14935.675968742371,15.857908319820595,1000.0,1.0,2.53491544272211
coarse,s2_base,45,28000000,outputs_camera_ready/s2_base/seed_45/checkpoints/model_28000000.zip,outputs_camera_ready/s2_base/seed_45/checkpoints/vecnormalize_28000000.pkl,10,0.0,14311.037411659956,1797.8943388407538,958.5,1.1,2.7098186795747274
coarse,s2_base,45,29000000,outputs_camera_ready/s2_base/seed_45/checkpoints/model_29000000.zip,outputs_camera_ready/s2_base/seed_45/checkpoints/vecnormalize_29000000.pkl,10,0.0,14875.668912124635,25.53531928427788,1000.0,1.0,2.6147147183859674
coarse,s2_base,45,30000000,outputs_camera_ready/s2_base/seed_45/checkpoints/model_30000000.zip,outputs_camera_ready/s2_base/seed_45/checkpoints/vecnormalize_30000000.pkl,10,0.0,14933.031244659423,26.505030499012456,1000.0,1.0,2.5802882702149197
refine,s2_base,45,18000000,outputs_camera_ready/s2_base/seed_45/checkpoints/model_18000000.zip,outputs_camera_ready/s2_base/seed_45/checkpoints/vecnormalize_18000000.pkl,20,0.0,14596.406554877758,1035.5533662260927,972.3,1.3,2.7347039068107937
refine,s2_base,45,18250000,outputs_camera_ready/s2_base/seed_45/checkpoints/model_18250000.zip,outputs_camera_ready/s2_base/seed_45/checkpoints/vecnormalize_18250000.pkl,20,0.0,14716.389179745316,989.1449696473445,978.4,1.25,2.8333031748725483
refine,s2_base,45,18500000,outputs_camera_ready/s2_base/seed_45/checkpoints/model_18500000.zip,outputs_camera_ready/s2_base/seed_45/checkpoints/vecnormalize_18500000.pkl,20,0.0,14585.176321423054,1206.8142077037653,968.2,1.35,2.9721950327785107
refine,s2_base,45,18750000,outputs_camera_ready/s2_base/seed_45/checkpoints/model_18750000.zip,outputs_camera_ready/s2_base/seed_45/checkpoints/vecnormalize_18750000.pkl,20,0.0,13711.521070221066,1979.1629734256765,905.5,2.15,3.414183916797157
refine,s2_base,45,19000000,outputs_camera_ready/s2_base/seed_45/checkpoints/model_19000000.zip,outputs_camera_ready/s2_base/seed_45/checkpoints/vecnormalize_19000000.pkl,20,0.0,13039.282602724434,2163.9892461850095,851.85,3.3,4.225406072265359
refine,s2_base,45,19250000,outputs_camera_ready/s2_base/seed_45/checkpoints/model_19250000.zip,outputs_camera_ready/s2_base/seed_45/checkpoints/vecnormalize_19250000.pkl,20,0.0,12775.48050106764,1976.0682909898096,835.15,3.5,4.228574678278202
refine,s2_base,45,19500000,outputs_camera_ready/s2_base/seed_45/checkpoints/model_19500000.zip,outputs_camera_ready/s2_base/seed_45/checkpoints/vecnormalize_19500000.pkl,20,5.0,13825.180964016914,1908.4105241902196,914.25,2.2,3.4258140476157832
refine,s2_base,45,19750000,outputs_camera_ready/s2_base/seed_45/checkpoints/model_19750000.zip,outputs_camera_ready/s2_base/seed_45/checkpoints/vecnormalize_19750000.pkl,20,0.0,13548.490934356163,2263.083308338413,894.5,2.4,3.575234162964274
refine,s2_base,45,20000000,outputs_camera_ready/s2_base/seed_45/checkpoints/model_20000000.zip,outputs_camera_ready/s2_base/seed_45/checkpoints/vecnormalize_20000000.pkl,20,0.0,13640.703882205858,2102.429631245298,902.95,2.0,3.369127999180285
coarse,s2_base,46,1000000,outputs_camera_ready/s2_base/seed_46/checkpoints/model_1000000.zip,outputs_camera_ready/s2_base/seed_46/checkpoints/vecnormalize_1000000.pkl,10,0.0,1089.934232544899,27.42837929073332,75.7,0.0,-0.10979269489191168
coarse,s2_base,46,2000000,outputs_camera_ready/s2_base/seed_46/checkpoints/model_2000000.zip,outputs_camera_ready/s2_base/seed_46/checkpoints/vecnormalize_2000000.pkl,10,0.0,1551.0288005474954,206.66157070357423,107.3,0.0,-0.15054810698170915
coarse,s2_base,46,3000000,outputs_camera_ready/s2_base/seed_46/checkpoints/model_3000000.zip,outputs_camera_ready/s2_base/seed_46/checkpoints/vecnormalize_3000000.pkl,10,0.0,1778.5572868347167,194.19883395876792,114.0,0.0,0.8003473977325127
coarse,s2_base,46,4000000,outputs_camera_ready/s2_base/seed_46/checkpoints/model_4000000.zip,outputs_camera_ready/s2_base/seed_46/checkpoints/vecnormalize_4000000.pkl,10,0.0,1360.8024868369102,566.9201530795576,88.0,0.0,0.5638177842362603
coarse,s2_base,46,5000000,outputs_camera_ready/s2_base/seed_46/checkpoints/model_5000000.zip,outputs_camera_ready/s2_base/seed_46/checkpoints/vecnormalize_5000000.pkl,10,0.0,2006.3670038700104,113.92003199956976,127.0,0.0,1.0984635817521287
coarse,s2_base,46,6000000,outputs_camera_ready/s2_base/seed_46/checkpoints/model_6000000.zip,outputs_camera_ready/s2_base/seed_46/checkpoints/vecnormalize_6000000.pkl,10,0.0,2618.7030078828334,331.87256840217293,164.3,0.1,1.5855940549900485
coarse,s2_base,46,7000000,outputs_camera_ready/s2_base/seed_46/checkpoints/model_7000000.zip,outputs_camera_ready/s2_base/seed_46/checkpoints/vecnormalize_7000000.pkl,10,0.0,3941.1528145551683,808.1203979584875,244.5,1.6,2.6784155765709112
coarse,s2_base,46,8000000,outputs_camera_ready/s2_base/seed_46/checkpoints/model_8000000.zip,outputs_camera_ready/s2_base/seed_46/checkpoints/vecnormalize_8000000.pkl,10,0.0,5591.535750186444,614.9725421454694,352.5,2.1,3.2863894599678973
coarse,s2_base,46,9000000,outputs_camera_ready/s2_base/seed_46/checkpoints/model_9000000.zip,outputs_camera_ready/s2_base/seed_46/checkpoints/vecnormalize_9000000.pkl,10,0.0,7261.473998475075,734.637106919236,465.5,2.5,3.584718884298244
coarse,s2_base,46,10000000,outputs_camera_ready/s2_base/seed_46/checkpoints/model_10000000.zip,outputs_camera_ready/s2_base/seed_46/checkpoints/vecnormalize_10000000.pkl,10,0.0,8237.164154532551,925.7467715880672,546.7,1.2,2.211948815776309
coarse,s2_base,46,11000000,outputs_camera_ready/s2_base/seed_46/checkpoints/model_11000000.zip,outputs_camera_ready/s2_base/seed_46/checkpoints/vecnormalize_11000000.pkl,10,0.0,8564.761067932845,687.7322509713752,557.6,2.2,3.1915804370427514
coarse,s2_base,46,12000000,outputs_camera_ready/s2_base/seed_46/checkpoints/model_12000000.zip,outputs_camera_ready/s2_base/seed_46/checkpoints/vecnormalize_12000000.pkl,10,0.0,8290.822892975808,864.1659449332496,532.5,2.7,3.9063386370903737
coarse,s2_base,46,13000000,outputs_camera_ready/s2_base/seed_46/checkpoints/model_13000000.zip,outputs_camera_ready/s2_base/seed_46/checkpoints/vecnormalize_13000000.pkl,10,0.0,8911.153147760033,1324.906148943383,580.4,2.3,3.1772864178282925
coarse,s2_base,46,14000000,outputs_camera_ready/s2_base/seed_46/checkpoints/model_14000000.zip,outputs_camera_ready/s2_base/seed_46/checkpoints/vecnormalize_14000000.pkl,10,0.0,10358.270157587529,1676.3532230872672,678.2,2.8,3.696585174049246
coarse,s2_base,46,15000000,outputs_camera_ready/s2_base/seed_46/checkpoints/model_15000000.zip,outputs_camera_ready/s2_base/seed_46/checkpoints/vecnormalize_15000000.pkl,10,0.0,10765.028311750666,1590.029715485086,703.6,3.3,4.014552403903645
coarse,s2_base,46,16000000,outputs_camera_ready/s2_base/seed_46/checkpoints/model_16000000.zip,outputs_camera_ready/s2_base/seed_46/checkpoints/vecnormalize_16000000.pkl,10,10.0,12507.204984998703,2225.2670861761044,809.9,5.4,5.6919153094341866
coarse,s2_base,46,17000000,outputs_camera_ready/s2_base/seed_46/checkpoints/model_17000000.zip,outputs_camera_ready/s2_base/seed_46/checkpoints/vecnormalize_17000000.pkl,10,0.0,10934.0055250898,3706.291802890352,719.9,3.2,3.8277081635367827
coarse,s2_base,46,18000000,outputs_camera_ready/s2_base/seed_46/checkpoints/model_18000000.zip,outputs_camera_ready/s2_base/seed_46/checkpoints/vecnormalize_18000000.pkl,10,0.0,11520.378591484576,2810.404779659863,750.2,4.0,4.6764920175084566
coarse,s2_base,46,19000000,outputs_camera_ready/s2_base/seed_46/checkpoints/model_19000000.zip,outputs_camera_ready/s2_base/seed_46/checkpoints/vecnormalize_19000000.pkl,10,0.0,12713.214922457933,2100.322537794173,831.7,4.3,5.022622745386409
coarse,s2_base,46,20000000,outputs_camera_ready/s2_base/seed_46/checkpoints/model_20000000.zip,outputs_camera_ready/s2_base/seed_46/checkpoints/vecnormalize_20000000.pkl,10,0.0,12407.969767796993,2658.128342461174,817.5,4.0,4.424801535160695
coarse,s2_base,46,21000000,outputs_camera_ready/s2_base/seed_46/checkpoints/model_21000000.zip,outputs_camera_ready/s2_base/seed_46/checkpoints/vecnormalize_21000000.pkl,10,0.0,12472.406745542587,2034.1792999938345,823.3,3.4,4.2699122896903505
coarse,s2_base,46,22000000,outputs_camera_ready/s2_base/seed_46/checkpoints/model_22000000.zip,outputs_camera_ready/s2_base/seed_46/checkpoints/vecnormalize_22000000.pkl,10,0.0,13496.170260578394,1539.8513714645537,893.9,3.7,4.443175382883744
coarse,s2_base,46,23000000,outputs_camera_ready/s2_base/seed_46/checkpoints/model_23000000.zip,outputs_camera_ready/s2_base/seed_46/checkpoints/vecnormalize_23000000.pkl,10,0.0,11840.474493029713,2370.132812131857,775.1,3.9,4.459375036492796
coarse,s2_base,46,24000000,outputs_camera_ready/s2_base/seed_46/checkpoints/model_24000000.zip,outputs_camera_ready/s2_base/seed_46/checkpoints/vecnormalize_24000000.pkl,10,0.0,12342.441148784757,4034.249560078595,801.0,4.4,4.835129036725057
coarse,s2_base,46,25000000,outputs_camera_ready/s2_base/seed_46/checkpoints/model_25000000.zip,outputs_camera_ready/s2_base/seed_46/checkpoints/vecnormalize_25000000.pkl,10,0.0,12972.981080386042,2775.5834135342493,846.0,4.4,5.134660255997612
coarse,s2_base,46,26000000,outputs_camera_ready/s2_base/seed_46/checkpoints/model_26000000.zip,outputs_camera_ready/s2_base/seed_46/checkpoints/vecnormalize_26000000.pkl,10,0.0,13693.789142364263,2523.041127020157,896.0,4.1,4.849702440797903
coarse,s2_base,46,27000000,outputs_camera_ready/s2_base/seed_46/checkpoints/model_27000000.zip,outputs_camera_ready/s2_base/seed_46/checkpoints/vecnormalize_27000000.pkl,10,0.0,15128.698143541813,632.1231706882603,986.8,5.4,5.854518430757768
coarse,s2_base,46,28000000,outputs_camera_ready/s2_base/seed_46/checkpoints/model_28000000.zip,outputs_camera_ready/s2_base/seed_46/checkpoints/vecnormalize_28000000.pkl,10,0.0,13968.783112734556,2412.5025361099883,904.8,5.5,5.92676769393825
coarse,s2_base,46,29000000,outputs_camera_ready/s2_base/seed_46/checkpoints/model_29000000.zip,outputs_camera_ready/s2_base/seed_46/checkpoints/vecnormalize_29000000.pkl,10,40.0,15148.131879019737,1494.0115389228577,967.9,7.0,7.395985716969672
coarse,s2_base,46,30000000,outputs_camera_ready/s2_base/seed_46/checkpoints/model_30000000.zip,outputs_camera_ready/s2_base/seed_46/checkpoints/vecnormalize_30000000.pkl,10,0.0,14708.24715319872,2172.9335835113066,953.4,5.5,6.162934775611867
refine,s2_base,46,28000000,outputs_camera_ready/s2_base/seed_46/checkpoints/model_28000000.zip,outputs_camera_ready/s2_base/seed_46/checkpoints/vecnormalize_28000000.pkl,20,0.0,14611.072572222352,1852.5303789371044,946.05,5.75,6.155809863052418
refine,s2_base,46,28250000,outputs_camera_ready/s2_base/seed_46/checkpoints/model_28250000.zip,outputs_camera_ready/s2_base/seed_46/checkpoints/vecnormalize_28250000.pkl,20,10.0,15206.689438295365,1155.2130360968831,982.4,6.45,6.79017846246074
refine,s2_base,46,28500000,outputs_camera_ready/s2_base/seed_46/checkpoints/model_28500000.zip,outputs_camera_ready/s2_base/seed_46/checkpoints/vecnormalize_28500000.pkl,20,0.0,14486.858998455853,2804.491154500734,940.7,5.4,5.9278824484055495
refine,s2_base,46,28750000,outputs_camera_ready/s2_base/seed_46/checkpoints/model_28750000.zip,outputs_camera_ready/s2_base/seed_46/checkpoints/vecnormalize_28750000.pkl,20,10.0,15140.08029820621,1141.9861979781786,975.7,6.65,6.972408711735099
refine,s2_base,46,29000000,outputs_camera_ready/s2_base/seed_46/checkpoints/model_29000000.zip,outputs_camera_ready/s2_base/seed_46/checkpoints/vecnormalize_29000000.pkl,20,30.0,14710.92738057375,1965.5967340107236,940.4,6.85,7.169143447237542
refine,s2_base,46,29250000,outputs_camera_ready/s2_base/seed_46/checkpoints/model_29250000.zip,outputs_camera_ready/s2_base/seed_46/checkpoints/vecnormalize_29250000.pkl,20,25.0,14265.03356878832,3863.455733451091,917.7,6.35,6.6491241870150235
refine,s2_base,46,29500000,outputs_camera_ready/s2_base/seed_46/checkpoints/model_29500000.zip,outputs_camera_ready/s2_base/seed_46/checkpoints/vecnormalize_29500000.pkl,20,5.0,14203.111117061973,3853.06157793677,918.25,5.75,6.03401281200915
refine,s2_base,46,29750000,outputs_camera_ready/s2_base/seed_46/checkpoints/model_29750000.zip,outputs_camera_ready/s2_base/seed_46/checkpoints/vecnormalize_29750000.pkl,20,15.0,14680.557142696529,3215.457032579034,949.5,6.0,6.358119854367056
refine,s2_base,46,30000000,outputs_camera_ready/s2_base/seed_46/checkpoints/model_30000000.zip,outputs_camera_ready/s2_base/seed_46/checkpoints/vecnormalize_30000000.pkl,20,5.0,14972.24418426156,1570.1925522907752,972.95,5.75,6.230844239017044
coarse,s2_world_frame_termination,42,1000000,outputs_camera_ready/s2_world_frame_termination/seed_42/checkpoints/model_1000000.zip,outputs_camera_ready/s2_world_frame_termination/seed_42/checkpoints/vecnormalize_1000000.pkl,10,0.0,1455.9193919651211,359.6916185333216,103.7,0.0,-0.49240184294507294
coarse,s2_world_frame_termination,42,2000000,outputs_camera_ready/s2_world_frame_termination/seed_42/checkpoints/model_2000000.zip,outputs_camera_ready/s2_world_frame_termination/seed_42/checkpoints/vecnormalize_2000000.pkl,10,0.0,1624.8053431928158,258.80952408379846,106.7,0.0,0.46692267686816724
coarse,s2_world_frame_termination,42,3000000,outputs_camera_ready/s2_world_frame_termination/seed_42/checkpoints/model_3000000.zip,outputs_camera_ready/s2_world_frame_termination/seed_42/checkpoints/vecnormalize_3000000.pkl,10,0.0,1576.2702007651328,385.93297164634174,102.2,0.0,0.6012656157065507
coarse,s2_world_frame_termination,42,4000000,outputs_camera_ready/s2_world_frame_termination/seed_42/checkpoints/model_4000000.zip,outputs_camera_ready/s2_world_frame_termination/seed_42/checkpoints/vecnormalize_4000000.pkl,10,0.0,1776.2143094182015,267.3586252989611,111.8,0.0,1.0584255275524515
coarse,s2_world_frame_termination,42,5000000,outputs_camera_ready/s2_world_frame_termination/seed_42/checkpoints/model_5000000.zip,outputs_camera_ready/s2_world_frame_termination/seed_42/checkpoints/vecnormalize_5000000.pkl,10,0.0,2362.0574726372956,219.61693223364546,147.2,0.0,1.5724377843895267
coarse,s2_world_frame_termination,42,6000000,outputs_camera_ready/s2_world_frame_termination/seed_42/checkpoints/model_6000000.zip,outputs_camera_ready/s2_world_frame_termination/seed_42/checkpoints/vecnormalize_6000000.pkl,10,0.0,3887.0022864103316,1016.0513867369984,240.4,1.5,2.7418674211099963
coarse,s2_world_frame_termination,42,7000000,outputs_camera_ready/s2_world_frame_termination/seed_42/checkpoints/model_7000000.zip,outputs_camera_ready/s2_world_frame_termination/seed_42/checkpoints/vecnormalize_7000000.pkl,10,0.0,4590.123751807213,493.40918680342975,282.5,2.3,3.4067765275126787
coarse,s2_world_frame_termination,42,8000000,outputs_camera_ready/s2_world_frame_termination/seed_42/checkpoints/model_8000000.zip,outputs_camera_ready/s2_world_frame_termination/seed_42/checkpoints/vecnormalize_8000000.pkl,10,0.0,5548.438947737217,634.7944742721289,344.1,3.0,3.8562047070241205
coarse,s2_world_frame_termination,42,9000000,outputs_camera_ready/s2_world_frame_termination/seed_42/checkpoints/model_9000000.zip,outputs_camera_ready/s2_world_frame_termination/seed_42/checkpoints/vecnormalize_9000000.pkl,10,0.0,7134.425681853294,631.901481003743,452.2,2.9,3.89269964262083
coarse,s2_world_frame_termination,42,10000000,outputs_camera_ready/s2_world_frame_termination/seed_42/checkpoints/model_10000000.zip,outputs_camera_ready/s2_world_frame_termination/seed_42/checkpoints/vecnormalize_10000000.pkl,10,0.0,7507.936668020487,706.5135992742744,479.2,2.7,3.7662322749276953
coarse,s2_world_frame_termination,42,11000000,outputs_camera_ready/s2_world_frame_termination/seed_42/checkpoints/model_11000000.zip,outputs_camera_ready/s2_world_frame_termination/seed_42/checkpoints/vecnormalize_11000000.pkl,10,0.0,8280.08478576541,1310.7689665192852,525.7,4.0,4.631016543707824
coarse,s2_world_frame_termination,42,12000000,outputs_camera_ready/s2_world_frame_termination/seed_42/checkpoints/model_12000000.zip,outputs_camera_ready/s2_world_frame_termination/seed_42/checkpoints/vecnormalize_12000000.pkl,10,0.0,5413.851956868171,2143.034430206518,335.4,3.1,3.9180519661078357
coarse,s2_world_frame_termination,42,13000000,outputs_camera_ready/s2_world_frame_termination/seed_42/checkpoints/model_13000000.zip,outputs_camera_ready/s2_world_frame_termination/seed_42/checkpoints/vecnormalize_13000000.pkl,10,0.0,8139.050153002143,1231.9819122368035,511.3,4.5,5.0084162860538175
coarse,s2_world_frame_termination,42,14000000,outputs_camera_ready/s2_world_frame_termination/seed_42/checkpoints/model_14000000.zip,outputs_camera_ready/s2_world_frame_termination/seed_42/checkpoints/vecnormalize_14000000.pkl,10,0.0,7442.244350862503,1631.384462225499,460.6,4.6,5.3921197763932875
coarse,s2_world_frame_termination,42,15000000,outputs_camera_ready/s2_world_frame_termination/seed_42/checkpoints/model_15000000.zip,outputs_camera_ready/s2_world_frame_termination/seed_42/checkpoints/vecnormalize_15000000.pkl,10,10.0,9108.95450977087,2111.1079956119493,573.8,4.9,5.578442640398128
coarse,s2_world_frame_termination,42,16000000,outputs_camera_ready/s2_world_frame_termination/seed_42/checkpoints/model_16000000.zip,outputs_camera_ready/s2_world_frame_termination/seed_42/checkpoints/vecnormalize_16000000.pkl,10,0.0,8544.28080148995,2310.6380872010986,543.4,3.8,4.482309306660945
coarse,s2_world_frame_termination,42,17000000,outputs_camera_ready/s2_world_frame_termination/seed_42/checkpoints/model_17000000.zip,outputs_camera_ready/s2_world_frame_termination/seed_42/checkpoints/vecnormalize_17000000.pkl,10,30.0,9376.498715484142,2376.922889250112,583.3,5.7,6.247820412925952
coarse,s2_world_frame_termination,42,18000000,outputs_camera_ready/s2_world_frame_termination/seed_42/checkpoints/model_18000000.zip,outputs_camera_ready/s2_world_frame_termination/seed_42/checkpoints/vecnormalize_18000000.pkl,10,10.0,9991.72508142069,1968.1910670571776,630.4,5.3,5.931340628357432
coarse,s2_world_frame_termination,42,19000000,outputs_camera_ready/s2_world_frame_termination/seed_42/checkpoints/model_19000000.zip,outputs_camera_ready/s2_world_frame_termination/seed_42/checkpoints/vecnormalize_19000000.pkl,10,50.0,10970.540350592137,2440.120827269148,692.8,6.0,6.3672317786370165
coarse,s2_world_frame_termination,42,20000000,outputs_camera_ready/s2_world_frame_termination/seed_42/checkpoints/model_20000000.zip,outputs_camera_ready/s2_world_frame_termination/seed_42/checkpoints/vecnormalize_20000000.pkl,10,30.0,9422.13049865365,2103.033067285237,588.3,6.0,6.313924795494776
coarse,s2_world_frame_termination,42,21000000,outputs_camera_ready/s2_world_frame_termination/seed_42/checkpoints/model_21000000.zip,outputs_camera_ready/s2_world_frame_termination/seed_42/checkpoints/vecnormalize_21000000.pkl,10,40.0,10622.893122098594,2378.1931462146235,668.3,6.6,6.553693379560828
coarse,s2_world_frame_termination,42,22000000,outputs_camera_ready/s2_world_frame_termination/seed_42/checkpoints/model_22000000.zip,outputs_camera_ready/s2_world_frame_termination/seed_42/checkpoints/vecnormalize_22000000.pkl,10,100.0,13832.620790824294,1562.6779231852768,878.6,8.0,7.854097309293843
coarse,s2_world_frame_termination,42,23000000,outputs_camera_ready/s2_world_frame_termination/seed_42/checkpoints/model_23000000.zip,outputs_camera_ready/s2_world_frame_termination/seed_42/checkpoints/vecnormalize_23000000.pkl,10,80.0,11432.44936576262,2721.3005769668657,720.8,7.3,7.2929632511273255
coarse,s2_world_frame_termination,42,24000000,outputs_camera_ready/s2_world_frame_termination/seed_42/checkpoints/model_24000000.zip,outputs_camera_ready/s2_world_frame_termination/seed_42/checkpoints/vecnormalize_24000000.pkl,10,40.0,11539.282841712236,4031.4065277213613,735.9,6.0,6.6309063199366545
coarse,s2_world_frame_termination,42,25000000,outputs_camera_ready/s2_world_frame_termination/seed_42/checkpoints/model_25000000.zip,outputs_camera_ready/s2_world_frame_termination/seed_42/checkpoints/vecnormalize_25000000.pkl,10,60.0,11085.874570520968,3814.930437943028,705.1,6.2,6.45532285633781
coarse,s2_world_frame_termination,42,26000000,outputs_camera_ready/s2_world_frame_termination/seed_42/checkpoints/model_26000000.zip,outputs_camera_ready/s2_world_frame_termination/seed_42/checkpoints/vecnormalize_26000000.pkl,10,50.0,10707.351009853184,3750.2904788268975,680.3,6.2,6.44334529535751
coarse,s2_world_frame_termination,42,27000000,outputs_camera_ready/s2_world_frame_termination/seed_42/checkpoints/model_27000000.zip,outputs_camera_ready/s2_world_frame_termination/seed_42/checkpoints/vecnormalize_27000000.pkl,10,40.0,11456.54962733984,5012.6901487578825,731.8,5.7,5.950843543438433
coarse,s2_world_frame_termination,42,28000000,outputs_camera_ready/s2_world_frame_termination/seed_42/checkpoints/model_28000000.zip,outputs_camera_ready/s2_world_frame_termination/seed_42/checkpoints/vecnormalize_28000000.pkl,10,10.0,14194.802558997273,3751.9038298774403,919.3,5.9,6.122890144905359
coarse,s2_world_frame_termination,42,29000000,outputs_camera_ready/s2_world_frame_termination/seed_42/checkpoints/model_29000000.zip,outputs_camera_ready/s2_world_frame_termination/seed_42/checkpoints/vecnormalize_29000000.pkl,10,20.0,11318.477259135247,4528.066268469092,724.7,5.4,5.72572381954058
coarse,s2_world_frame_termination,42,30000000,outputs_camera_ready/s2_world_frame_termination/seed_42/checkpoints/model_30000000.zip,outputs_camera_ready/s2_world_frame_termination/seed_42/checkpoints/vecnormalize_30000000.pkl,10,40.0,10308.108194106817,4344.40674850768,654.7,5.6,6.057564052027578
refine,s2_world_frame_termination,42,21000000,outputs_camera_ready/s2_world_frame_termination/seed_42/checkpoints/model_21000000.zip,outputs_camera_ready/s2_world_frame_termination/seed_42/checkpoints/vecnormalize_21000000.pkl,20,40.0,10656.850342580303,2597.6629298075354,672.05,6.35,6.516492628473915
refine,s2_world_frame_termination,42,21250000,outputs_camera_ready/s2_world_frame_termination/seed_42/checkpoints/model_21250000.zip,outputs_camera_ready/s2_world_frame_termination/seed_42/checkpoints/vecnormalize_21250000.pkl,20,45.0,11635.141246765852,3170.9788853196774,741.6,6.0,6.163031514252646
refine,s2_world_frame_termination,42,21500000,outputs_camera_ready/s2_world_frame_termination/seed_42/checkpoints/model_21500000.zip,outputs_camera_ready/s2_world_frame_termination/seed_42/checkpoints/vecnormalize_21500000.pkl,20,65.0,12498.182683723793,2712.7410995200685,793.7,7.1,7.154844763754046
refine,s2_world_frame_termination,42,21750000,outputs_camera_ready/s2_world_frame_termination/seed_42/checkpoints/model_21750000.zip,outputs_camera_ready/s2_world_frame_termination/seed_42/checkpoints/vecnormalize_21750000.pkl,20,80.0,13597.992600242422,2212.589377310792,864.15,7.6,7.4933937625892755
refine,s2_world_frame_termination,42,22000000,outputs_camera_ready/s2_world_frame_termination/seed_42/checkpoints/model_22000000.zip,outputs_camera_ready/s2_world_frame_termination/seed_42/checkpoints/vecnormalize_22000000.pkl,20,65.0,13033.722301694379,2552.648176721118,828.65,7.1,7.290358616056501
refine,s2_world_frame_termination,42,22250000,outputs_camera_ready/s2_world_frame_termination/seed_42/checkpoints/model_22250000.zip,outputs_camera_ready/s2_world_frame_termination/seed_42/checkpoints/vecnormalize_22250000.pkl,20,50.0,13331.082258461416,2679.4582918760893,851.4,6.9,6.982640806169465
refine,s2_world_frame_termination,42,22500000,outputs_camera_ready/s2_world_frame_termination/seed_42/checkpoints/model_22500000.zip,outputs_camera_ready/s2_world_frame_termination/seed_42/checkpoints/vecnormalize_22500000.pkl,20,70.0,11941.619750930426,3430.226232211283,756.1,6.85,7.106746519154714
refine,s2_world_frame_termination,42,22750000,outputs_camera_ready/s2_world_frame_termination/seed_42/checkpoints/model_22750000.zip,outputs_camera_ready/s2_world_frame_termination/seed_42/checkpoints/vecnormalize_22750000.pkl,20,75.0,12171.649027721398,3081.962782779589,770.8,7.0,7.219502883695131
refine,s2_world_frame_termination,42,23000000,outputs_camera_ready/s2_world_frame_termination/seed_42/checkpoints/model_23000000.zip,outputs_camera_ready/s2_world_frame_termination/seed_42/checkpoints/vecnormalize_23000000.pkl,20,65.0,11150.45797006227,2746.7291381014516,703.2,6.95,7.023827480701563
coarse,s2_world_frame_termination,43,1000000,outputs_camera_ready/s2_world_frame_termination/seed_43/checkpoints/model_1000000.zip,outputs_camera_ready/s2_world_frame_termination/seed_43/checkpoints/vecnormalize_1000000.pkl,10,0.0,1087.4844837509095,49.657604990746194,72.9,0.0,0.1654580358277756
coarse,s2_world_frame_termination,43,2000000,outputs_camera_ready/s2_world_frame_termination/seed_43/checkpoints/model_2000000.zip,outputs_camera_ready/s2_world_frame_termination/seed_43/checkpoints/vecnormalize_2000000.pkl,10,0.0,1527.0218721181154,403.2854935946271,101.3,0.0,0.338076875683307
coarse,s2_world_frame_termination,43,3000000,outputs_camera_ready/s2_world_frame_termination/seed_43/checkpoints/model_3000000.zip,outputs_camera_ready/s2_world_frame_termination/seed_43/checkpoints/vecnormalize_3000000.pkl,10,0.0,1577.9383057117461,63.50353996705219,98.6,0.0,1.0031658244610748
coarse,s2_world_frame_termination,43,4000000,outputs_camera_ready/s2_world_frame_termination/seed_43/checkpoints/model_4000000.zip,outputs_camera_ready/s2_world_frame_termination/seed_43/checkpoints/vecnormalize_4000000.pkl,10,0.0,2607.8235331058504,165.17280184384725,160.2,0.5,1.9091026194599738
coarse,s2_world_frame_termination,43,5000000,outputs_camera_ready/s2_world_frame_termination/seed_43/checkpoints/model_5000000.zip,outputs_camera_ready/s2_world_frame_termination/seed_43/checkpoints/vecnormalize_5000000.pkl,10,0.0,3792.7264382600783,718.0910392252396,238.1,0.7,2.2448282211809456
coarse,s2_world_frame_termination,43,6000000,outputs_camera_ready/s2_world_frame_termination/seed_43/checkpoints/model_6000000.zip,outputs_camera_ready/s2_world_frame_termination/seed_43/checkpoints/vecnormalize_6000000.pkl,10,0.0,5356.449476861953,682.336754087306,335.8,1.9,3.1873814747324833
coarse,s2_world_frame_termination,43,7000000,outputs_camera_ready/s2_world_frame_termination/seed_43/checkpoints/model_7000000.zip,outputs_camera_ready/s2_world_frame_termination/seed_43/checkpoints/vecnormalize_7000000.pkl,10,0.0,7463.3600825756785,802.7947783961702,480.4,2.2,3.289741939821615
coarse,s2_world_frame_termination,43,8000000,outputs_camera_ready/s2_world_frame_termination/seed_43/checkpoints/model_8000000.zip,outputs_camera_ready/s2_world_frame_termination/seed_43/checkpoints/vecnormalize_8000000.pkl,10,0.0,10873.95244820118,2197.8127207723974,725.6,1.7,2.579486963993094
coarse,s2_world_frame_termination,43,9000000,outputs_camera_ready/s2_world_frame_termination/seed_43/checkpoints/model_9000000.zip,outputs_camera_ready/s2_world_frame_termination/seed_43/checkpoints/vecnormalize_9000000.pkl,10,0.0,12676.525011569262,1594.5248599973602,854.1,1.5,2.4957141621138446
coarse,s2_world_frame_termination,43,10000000,outputs_camera_ready/s2_world_frame_termination/seed_43/checkpoints/model_10000000.zip,outputs_camera_ready/s2_world_frame_termination/seed_43/checkpoints/vecnormalize_10000000.pkl,10,0.0,12616.465332403779,1395.1408317687492,850.9,1.2,2.634852551625156
coarse,s2_world_frame_termination,43,11000000,outputs_camera_ready/s2_world_frame_termination/seed_43/checkpoints/model_11000000.zip,outputs_camera_ready/s2_world_frame_termination/seed_43/checkpoints/vecnormalize_11000000.pkl,10,0.0,10327.405207496882,663.6587344549022,698.6,0.5,1.9523048778337047
coarse,s2_world_frame_termination,43,12000000,outputs_camera_ready/s2_world_frame_termination/seed_43/checkpoints/model_12000000.zip,outputs_camera_ready/s2_world_frame_termination/seed_43/checkpoints/vecnormalize_12000000.pkl,10,0.0,9245.49358265996,739.7209256816705,624.7,0.4,1.8767158979349756
coarse,s2_world_frame_termination,43,13000000,outputs_camera_ready/s2_world_frame_termination/seed_43/checkpoints/model_13000000.zip,outputs_camera_ready/s2_world_frame_termination/seed_43/checkpoints/vecnormalize_13000000.pkl,10,0.0,10085.151282441617,1183.5681514024457,683.5,0.6,1.853233880282741
coarse,s2_world_frame_termination,43,14000000,outputs_camera_ready/s2_world_frame_termination/seed_43/checkpoints/model_14000000.zip,outputs_camera_ready/s2_world_frame_termination/seed_43/checkpoints/vecnormalize_14000000.pkl,10,0.0,11519.224981355666,1680.9861678100049,779.0,0.9,2.25030646412679
coarse,s2_world_frame_termination,43,15000000,outputs_camera_ready/s2_world_frame_termination/seed_43/checkpoints/model_15000000.zip,outputs_camera_ready/s2_world_frame_termination/seed_43/checkpoints/vecnormalize_15000000.pkl,10,0.0,10426.44377014041,895.8021104198309,702.5,1.0,2.3674123863293417
coarse,s2_world_frame_termination,43,16000000,outputs_camera_ready/s2_world_frame_termination/seed_43/checkpoints/model_16000000.zip,outputs_camera_ready/s2_world_frame_termination/seed_43/checkpoints/vecnormalize_16000000.pkl,10,0.0,11736.804941952229,1096.7362517864042,793.9,1.0,2.3106164863920813
coarse,s2_world_frame_termination,43,17000000,outputs_camera_ready/s2_world_frame_termination/seed_43/checkpoints/model_17000000.zip,outputs_camera_ready/s2_world_frame_termination/seed_43/checkpoints/vecnormalize_17000000.pkl,10,0.0,13671.821101379395,683.6520076760531,927.4,1.0,2.3729628368135307
coarse,s2_world_frame_termination,43,18000000,outputs_camera_ready/s2_world_frame_termination/seed_43/checkpoints/model_18000000.zip,outputs_camera_ready/s2_world_frame_termination/seed_43/checkpoints/vecnormalize_18000000.pkl,10,0.0,12599.448368859292,1103.3748996129484,855.2,1.0,2.319509784343894
coarse,s2_world_frame_termination,43,19000000,outputs_camera_ready/s2_world_frame_termination/seed_43/checkpoints/model_19000000.zip,outputs_camera_ready/s2_world_frame_termination/seed_43/checkpoints/vecnormalize_19000000.pkl,10,0.0,13081.54749763012,1105.0916842912077,889.1,1.0,2.3456633825943247
coarse,s2_world_frame_termination,43,20000000,outputs_camera_ready/s2_world_frame_termination/seed_43/checkpoints/model_20000000.zip,outputs_camera_ready/s2_world_frame_termination/seed_43/checkpoints/vecnormalize_20000000.pkl,10,0.0,14580.452128648758,293.86355730627446,989.7,1.0,2.472854351119525
coarse,s2_world_frame_termination,43,21000000,outputs_camera_ready/s2_world_frame_termination/seed_43/checkpoints/model_21000000.zip,outputs_camera_ready/s2_world_frame_termination/seed_43/checkpoints/vecnormalize_21000000.pkl,10,0.0,14779.956743717194,40.40951605644514,1000.0,1.0,2.5140954205901314
coarse,s2_world_frame_termination,43,22000000,outputs_camera_ready/s2_world_frame_termination/seed_43/checkpoints/model_22000000.zip,outputs_camera_ready/s2_world_frame_termination/seed_43/checkpoints/vecnormalize_22000000.pkl,10,0.0,14856.305725288392,20.139784128838937,1000.0,1.0,2.5551698547145434
coarse,s2_world_frame_termination,43,23000000,outputs_camera_ready/s2_world_frame_termination/seed_43/checkpoints/model_23000000.zip,outputs_camera_ready/s2_world_frame_termination/seed_43/checkpoints/vecnormalize_23000000.pkl,10,0.0,14848.515427875518,62.02370923394153,1000.0,1.0,2.5321521785123733
coarse,s2_world_frame_termination,43,24000000,outputs_camera_ready/s2_world_frame_termination/seed_43/checkpoints/model_24000000.zip,outputs_camera_ready/s2_world_frame_termination/seed_43/checkpoints/vecnormalize_24000000.pkl,10,0.0,14849.578349113464,29.766719456344568,1000.0,1.0,2.502435699307439
coarse,s2_world_frame_termination,43,25000000,outputs_camera_ready/s2_world_frame_termination/seed_43/checkpoints/model_25000000.zip,outputs_camera_ready/s2_world_frame_termination/seed_43/checkpoints/vecnormalize_25000000.pkl,10,0.0,14896.306121826172,28.214889385889983,1000.0,1.0,2.5349563706328064
coarse,s2_world_frame_termination,43,26000000,outputs_camera_ready/s2_world_frame_termination/seed_43/checkpoints/model_26000000.zip,outputs_camera_ready/s2_world_frame_termination/seed_43/checkpoints/vecnormalize_26000000.pkl,10,0.0,14874.403561878204,45.71484210110557,1000.0,1.0,2.540269147429914
coarse,s2_world_frame_termination,43,27000000,outputs_camera_ready/s2_world_frame_termination/seed_43/checkpoints/model_27000000.zip,outputs_camera_ready/s2_world_frame_termination/seed_43/checkpoints/vecnormalize_27000000.pkl,10,0.0,14885.220480442047,33.68604425962951,1000.0,1.0,2.5886428982234078
coarse,s2_world_frame_termination,43,28000000,outputs_camera_ready/s2_world_frame_termination/seed_43/checkpoints/model_28000000.zip,outputs_camera_ready/s2_world_frame_termination/seed_43/checkpoints/vecnormalize_28000000.pkl,10,0.0,14924.27760925293,35.95528894545293,1000.0,1.0,2.601446892429684
coarse,s2_world_frame_termination,43,29000000,outputs_camera_ready/s2_world_frame_termination/seed_43/checkpoints/model_29000000.zip,outputs_camera_ready/s2_world_frame_termination/seed_43/checkpoints/vecnormalize_29000000.pkl,10,0.0,14910.886126613617,31.21810701833224,1000.0,1.0,2.618606314238554
coarse,s2_world_frame_termination,43,30000000,outputs_camera_ready/s2_world_frame_termination/seed_43/checkpoints/model_30000000.zip,outputs_camera_ready/s2_world_frame_termination/seed_43/checkpoints/vecnormalize_30000000.pkl,10,0.0,14942.234536647797,28.211065181586534,1000.0,1.0,2.6193139511820926
refine,s2_world_frame_termination,43,6000000,outputs_camera_ready/s2_world_frame_termination/seed_43/checkpoints/model_6000000.zip,outputs_camera_ready/s2_world_frame_termination/seed_43/checkpoints/vecnormalize_6000000.pkl,20,0.0,5117.997190493345,762.1796986072355,320.1,1.85,3.135570041699401
refine,s2_world_frame_termination,43,6250000,outputs_camera_ready/s2_world_frame_termination/seed_43/checkpoints/model_6250000.zip,outputs_camera_ready/s2_world_frame_termination/seed_43/checkpoints/vecnormalize_6250000.pkl,20,0.0,5549.0571741737895,1013.0557356450954,348.85,1.95,3.2095993136091705
refine,s2_world_frame_termination,43,6500000,outputs_camera_ready/s2_world_frame_termination/seed_43/checkpoints/model_6500000.zip,outputs_camera_ready/s2_world_frame_termination/seed_43/checkpoints/vecnormalize_6500000.pkl,20,0.0,6097.7546397820115,790.7342716061972,386.15,2.0,3.26567620655185
refine,s2_world_frame_termination,43,6750000,outputs_camera_ready/s2_world_frame_termination/seed_43/checkpoints/model_6750000.zip,outputs_camera_ready/s2_world_frame_termination/seed_43/checkpoints/vecnormalize_6750000.pkl,20,0.0,6278.82370813489,980.2214652479754,397.45,2.15,3.4050813107041655
refine,s2_world_frame_termination,43,7000000,outputs_camera_ready/s2_world_frame_termination/seed_43/checkpoints/model_7000000.zip,outputs_camera_ready/s2_world_frame_termination/seed_43/checkpoints/vecnormalize_7000000.pkl,20,0.0,7550.7687373742465,1179.2890475178724,487.25,2.15,3.2101266536216366
refine,s2_world_frame_termination,43,7250000,outputs_camera_ready/s2_world_frame_termination/seed_43/checkpoints/model_7250000.zip,outputs_camera_ready/s2_world_frame_termination/seed_43/checkpoints/vecnormalize_7250000.pkl,20,0.0,8460.381587988139,1786.1498387937438,553.1,2.2,3.0572821319664607
refine,s2_world_frame_termination,43,7500000,outputs_camera_ready/s2_world_frame_termination/seed_43/checkpoints/model_7500000.zip,outputs_camera_ready/s2_world_frame_termination/seed_43/checkpoints/vecnormalize_7500000.pkl,20,0.0,9397.367180810495,1991.3377128980749,615.9,2.4,3.2538244448994265
refine,s2_world_frame_termination,43,7750000,outputs_camera_ready/s2_world_frame_termination/seed_43/checkpoints/model_7750000.zip,outputs_camera_ready/s2_world_frame_termination/seed_43/checkpoints/vecnormalize_7750000.pkl,20,0.0,11545.698041938245,1860.5350064093188,771.4,1.8,2.6601502361306357
refine,s2_world_frame_termination,43,8000000,outputs_camera_ready/s2_world_frame_termination/seed_43/checkpoints/model_8000000.zip,outputs_camera_ready/s2_world_frame_termination/seed_43/checkpoints/vecnormalize_8000000.pkl,20,0.0,11249.96302371025,2130.424354327364,748.75,1.95,2.7633154205342945
coarse,s2_world_frame_termination,44,1000000,outputs_camera_ready/s2_world_frame_termination/seed_44/checkpoints/model_1000000.zip,outputs_camera_ready/s2_world_frame_termination/seed_44/checkpoints/vecnormalize_1000000.pkl,10,0.0,1184.2088653445244,212.84006028811334,81.3,0.0,-0.03814271671753216
coarse,s2_world_frame_termination,44,2000000,outputs_camera_ready/s2_world_frame_termination/seed_44/checkpoints/model_2000000.zip,outputs_camera_ready/s2_world_frame_termination/seed_44/checkpoints/vecnormalize_2000000.pkl,10,0.0,1413.4585372775794,285.90134101649403,93.8,0.0,0.31824478354480185
coarse,s2_world_frame_termination,44,3000000,outputs_camera_ready/s2_world_frame_termination/seed_44/checkpoints/model_3000000.zip,outputs_camera_ready/s2_world_frame_termination/seed_44/checkpoints/vecnormalize_3000000.pkl,10,0.0,1987.237197639793,302.66358881797566,133.3,0.0,0.27290319563957544
coarse,s2_world_frame_termination,44,4000000,outputs_camera_ready/s2_world_frame_termination/seed_44/checkpoints/model_4000000.zip,outputs_camera_ready/s2_world_frame_termination/seed_44/checkpoints/vecnormalize_4000000.pkl,10,0.0,2536.2962194919587,662.407617636011,164.8,0.0,0.8980298632081898
coarse,s2_world_frame_termination,44,5000000,outputs_camera_ready/s2_world_frame_termination/seed_44/checkpoints/model_5000000.zip,outputs_camera_ready/s2_world_frame_termination/seed_44/checkpoints/vecnormalize_5000000.pkl,10,0.0,3303.475590121746,484.03341557751315,209.3,0.4,1.7684831829583476
coarse,s2_world_frame_termination,44,6000000,outputs_camera_ready/s2_world_frame_termination/seed_44/checkpoints/model_6000000.zip,outputs_camera_ready/s2_world_frame_termination/seed_44/checkpoints/vecnormalize_6000000.pkl,10,0.0,4273.655757427216,499.8002697505423,264.7,1.6,2.975202424327765
coarse,s2_world_frame_termination,44,7000000,outputs_camera_ready/s2_world_frame_termination/seed_44/checkpoints/model_7000000.zip,outputs_camera_ready/s2_world_frame_termination/seed_44/checkpoints/vecnormalize_7000000.pkl,10,0.0,5693.07987935543,1025.0199860491196,355.4,2.5,3.606610510139936
coarse,s2_world_frame_termination,44,8000000,outputs_camera_ready/s2_world_frame_termination/seed_44/checkpoints/model_8000000.zip,outputs_camera_ready/s2_world_frame_termination/seed_44/checkpoints/vecnormalize_8000000.pkl,10,0.0,7347.191256955266,928.7945226111854,466.6,2.8,3.8303793946937326
coarse,s2_world_frame_termination,44,9000000,outputs_camera_ready/s2_world_frame_termination/seed_44/checkpoints/model_9000000.zip,outputs_camera_ready/s2_world_frame_termination/seed_44/checkpoints/vecnormalize_9000000.pkl,10,0.0,8263.423944938182,929.0607225409228,524.8,3.3,4.214727818228124
coarse,s2_world_frame_termination,44,10000000,outputs_camera_ready/s2_world_frame_termination/seed_44/checkpoints/model_10000000.zip,outputs_camera_ready/s2_world_frame_termination/seed_44/checkpoints/vecnormalize_10000000.pkl,10,0.0,9389.075369822978,1197.1707871589972,599.0,3.4,4.521801272981241
coarse,s2_world_frame_termination,44,11000000,outputs_camera_ready/s2_world_frame_termination/seed_44/checkpoints/model_11000000.zip,outputs_camera_ready/s2_world_frame_termination/seed_44/checkpoints/vecnormalize_11000000.pkl,10,0.0,9021.344872155041,1110.6507765233598,574.6,3.8,4.544716881414885
coarse,s2_world_frame_termination,44,12000000,outputs_camera_ready/s2_world_frame_termination/seed_44/checkpoints/model_12000000.zip,outputs_camera_ready/s2_world_frame_termination/seed_44/checkpoints/vecnormalize_12000000.pkl,10,0.0,10880.401055246592,1886.1679423946812,702.5,3.4,4.429563883041565
coarse,s2_world_frame_termination,44,13000000,outputs_camera_ready/s2_world_frame_termination/seed_44/checkpoints/model_13000000.zip,outputs_camera_ready/s2_world_frame_termination/seed_44/checkpoints/vecnormalize_13000000.pkl,10,0.0,11061.724634486436,2093.3852377286544,710.4,4.2,4.8273015900236675
coarse,s2_world_frame_termination,44,14000000,outputs_camera_ready/s2_world_frame_termination/seed_44/checkpoints/model_14000000.zip,outputs_camera_ready/s2_world_frame_termination/seed_44/checkpoints/vecnormalize_14000000.pkl,10,0.0,13003.952158221602,2515.84208133654,836.4,5.1,5.573913807223405
coarse,s2_world_frame_termination,44,15000000,outputs_camera_ready/s2_world_frame_termination/seed_44/checkpoints/model_15000000.zip,outputs_camera_ready/s2_world_frame_termination/seed_44/checkpoints/vecnormalize_15000000.pkl,10,10.0,12091.220810517669,2605.3251907974272,769.4,5.4,6.021724191832313
coarse,s2_world_frame_termination,44,16000000,outputs_camera_ready/s2_world_frame_termination/seed_44/checkpoints/model_16000000.zip,outputs_camera_ready/s2_world_frame_termination/seed_44/checkpoints/vecnormalize_16000000.pkl,10,10.0,13306.736463573576,2764.523230107575,852.2,5.5,6.020899673674242
coarse,s2_world_frame_termination,44,17000000,outputs_camera_ready/s2_world_frame_termination/seed_44/checkpoints/model_17000000.zip,outputs_camera_ready/s2_world_frame_termination/seed_44/checkpoints/vecnormalize_17000000.pkl,10,10.0,14850.21876206398,1214.1226374074272,955.8,5.9,6.3468061710008765
coarse,s2_world_frame_termination,44,18000000,outputs_camera_ready/s2_world_frame_termination/seed_44/checkpoints/model_18000000.zip,outputs_camera_ready/s2_world_frame_termination/seed_44/checkpoints/vecnormalize_18000000.pkl,10,0.0,13704.422165135295,2136.8830320103316,878.6,5.8,6.199580348970227
coarse,s2_world_frame_termination,44,19000000,outputs_camera_ready/s2_world_frame_termination/seed_44/checkpoints/model_19000000.zip,outputs_camera_ready/s2_world_frame_termination/seed_44/checkpoints/vecnormalize_19000000.pkl,10,30.0,14602.57405627966,1384.1509805621477,932.2,7.1,6.935568375949648
coarse,s2_world_frame_termination,44,20000000,outputs_camera_ready/s2_world_frame_termination/seed_44/checkpoints/model_20000000.zip,outputs_camera_ready/s2_world_frame_termination/seed_44/checkpoints/vecnormalize_20000000.pkl,10,60.0,14017.20740942359,2328.0770715799754,891.7,7.2,7.187187957718642
coarse,s2_world_frame_termination,44,21000000,outputs_camera_ready/s2_world_frame_termination/seed_44/checkpoints/model_21000000.zip,outputs_camera_ready/s2_world_frame_termination/seed_44/checkpoints/vecnormalize_21000000.pkl,10,80.0,14825.170566275343,607.6300027412084,943.3,7.8,7.842166916582104
coarse,s2_world_frame_termination,44,22000000,outputs_camera_ready/s2_world_frame_termination/seed_44/checkpoints/model_22000000.zip,outputs_camera_ready/s2_world_frame_termination/seed_44/checkpoints/vecnormalize_22000000.pkl,10,70.0,13839.980191165954,1971.9274040953358,883.9,7.4,7.346802828266819
coarse,s2_world_frame_termination,44,23000000,outputs_camera_ready/s2_world_frame_termination/seed_44/checkpoints/model_23000000.zip,outputs_camera_ready/s2_world_frame_termination/seed_44/checkpoints/vecnormalize_23000000.pkl,10,60.0,11571.26450007856,4975.147736007854,736.1,6.2,6.209946186805043
coarse,s2_world_frame_termination,44,24000000,outputs_camera_ready/s2_world_frame_termination/seed_44/checkpoints/model_24000000.zip,outputs_camera_ready/s2_world_frame_termination/seed_44/checkpoints/vecnormalize_24000000.pkl,10,80.0,14275.285562037676,1655.71121392894,903.4,7.7,7.907043057976987
coarse,s2_world_frame_termination,44,25000000,outputs_camera_ready/s2_world_frame_termination/seed_44/checkpoints/model_25000000.zip,outputs_camera_ready/s2_world_frame_termination/seed_44/checkpoints/vecnormalize_25000000.pkl,10,80.0,13073.439326275886,2397.395315213534,824.7,7.5,7.5290250405414465
coarse,s2_world_frame_termination,44,26000000,outputs_camera_ready/s2_world_frame_termination/seed_44/checkpoints/model_26000000.zip,outputs_camera_ready/s2_world_frame_termination/seed_44/checkpoints/vecnormalize_26000000.pkl,10,100.0,13121.2836552009,1108.6706539202003,823.7,8.0,7.900823191890268
coarse,s2_world_frame_termination,44,27000000,outputs_camera_ready/s2_world_frame_termination/seed_44/checkpoints/model_27000000.zip,outputs_camera_ready/s2_world_frame_termination/seed_44/checkpoints/vecnormalize_27000000.pkl,10,100.0,13363.185357879847,521.9948982499077,842.7,8.0,7.71116281190732
coarse,s2_world_frame_termination,44,28000000,outputs_camera_ready/s2_world_frame_termination/seed_44/checkpoints/model_28000000.zip,outputs_camera_ready/s2_world_frame_termination/seed_44/checkpoints/vecnormalize_28000000.pkl,10,90.0,12431.332115866244,3315.8059642532517,787.4,7.2,7.008083792826424
coarse,s2_world_frame_termination,44,29000000,outputs_camera_ready/s2_world_frame_termination/seed_44/checkpoints/model_29000000.zip,outputs_camera_ready/s2_world_frame_termination/seed_44/checkpoints/vecnormalize_29000000.pkl,10,100.0,13510.988470883667,1125.8686603790447,853.6,8.0,7.705689667600829
coarse,s2_world_frame_termination,44,30000000,outputs_camera_ready/s2_world_frame_termination/seed_44/checkpoints/model_30000000.zip,outputs_camera_ready/s2_world_frame_termination/seed_44/checkpoints/vecnormalize_30000000.pkl,10,90.0,13836.078213232755,523.2193534867581,877.2,7.8,7.507646116351744
refine,s2_world_frame_termination,44,25000000,outputs_camera_ready/s2_world_frame_termination/seed_44/checkpoints/model_25000000.zip,outputs_camera_ready/s2_world_frame_termination/seed_44/checkpoints/vecnormalize_25000000.pkl,20,75.0,12652.090945033542,2014.4554714446983,797.0,7.45,7.423802162868171
refine,s2_world_frame_termination,44,25250000,outputs_camera_ready/s2_world_frame_termination/seed_44/checkpoints/model_25250000.zip,outputs_camera_ready/s2_world_frame_termination/seed_44/checkpoints/vecnormalize_25250000.pkl,20,90.0,12735.798123089597,2113.6485403101665,801.7,7.65,7.492825777621131
refine,s2_world_frame_termination,44,25500000,outputs_camera_ready/s2_world_frame_termination/seed_44/checkpoints/model_25500000.zip,outputs_camera_ready/s2_world_frame_termination/seed_44/checkpoints/vecnormalize_25500000.pkl,20,80.0,13585.799611569568,1370.5950826322724,860.25,7.7,7.586322000755175
refine,s2_world_frame_termination,44,25750000,outputs_camera_ready/s2_world_frame_termination/seed_44/checkpoints/model_25750000.zip,outputs_camera_ready/s2_world_frame_termination/seed_44/checkpoints/vecnormalize_25750000.pkl,20,90.0,12819.775306849926,2119.9386070866362,808.05,7.7,7.549063596703126
refine,s2_world_frame_termination,44,26000000,outputs_camera_ready/s2_world_frame_termination/seed_44/checkpoints/model_26000000.zip,outputs_camera_ready/s2_world_frame_termination/seed_44/checkpoints/vecnormalize_26000000.pkl,20,95.0,12949.412970568985,1259.8092808084032,813.55,7.9,7.738748132191776
refine,s2_world_frame_termination,44,26250000,outputs_camera_ready/s2_world_frame_termination/seed_44/checkpoints/model_26250000.zip,outputs_camera_ready/s2_world_frame_termination/seed_44/checkpoints/vecnormalize_26250000.pkl,20,95.0,12551.470284116082,2590.2068224111754,790.1,7.6,7.326640225441759
refine,s2_world_frame_termination,44,26500000,outputs_camera_ready/s2_world_frame_termination/seed_44/checkpoints/model_26500000.zip,outputs_camera_ready/s2_world_frame_termination/seed_44/checkpoints/vecnormalize_26500000.pkl,20,90.0,13024.066347266733,1153.1104387955534,821.4,7.75,7.532311519225952
refine,s2_world_frame_termination,44,26750000,outputs_camera_ready/s2_world_frame_termination/seed_44/checkpoints/model_26750000.zip,outputs_camera_ready/s2_world_frame_termination/seed_44/checkpoints/vecnormalize_26750000.pkl,20,90.0,12548.946862364934,3147.8183637332136,792.9,7.35,7.142117405090069
refine,s2_world_frame_termination,44,27000000,outputs_camera_ready/s2_world_frame_termination/seed_44/checkpoints/model_27000000.zip,outputs_camera_ready/s2_world_frame_termination/seed_44/checkpoints/vecnormalize_27000000.pkl,20,100.0,13080.814335633442,635.7413471478585,823.6,8.0,7.709275684177177
coarse,s2_world_frame_termination,45,1000000,outputs_camera_ready/s2_world_frame_termination/seed_45/checkpoints/model_1000000.zip,outputs_camera_ready/s2_world_frame_termination/seed_45/checkpoints/vecnormalize_1000000.pkl,10,0.0,1278.1497371822595,373.4301659962643,84.2,0.0,0.33588544780275237
coarse,s2_world_frame_termination,45,2000000,outputs_camera_ready/s2_world_frame_termination/seed_45/checkpoints/model_2000000.zip,outputs_camera_ready/s2_world_frame_termination/seed_45/checkpoints/vecnormalize_2000000.pkl,10,0.0,1650.9313606396317,483.57884584788064,111.3,0.0,0.14948021000481135
coarse,s2_world_frame_termination,45,3000000,outputs_camera_ready/s2_world_frame_termination/seed_45/checkpoints/model_3000000.zip,outputs_camera_ready/s2_world_frame_termination/seed_45/checkpoints/vecnormalize_3000000.pkl,10,0.0,1702.6158372573555,328.1201148550771,111.5,0.0,0.5160086278333168
coarse,s2_world_frame_termination,45,4000000,outputs_camera_ready/s2_world_frame_termination/seed_45/checkpoints/model_4000000.zip,outputs_camera_ready/s2_world_frame_termination/seed_45/checkpoints/vecnormalize_4000000.pkl,10,0.0,1698.8408106446266,119.06641687463265,107.2,0.0,0.9611873345901166
coarse,s2_world_frame_termination,45,5000000,outputs_camera_ready/s2_world_frame_termination/seed_45/checkpoints/model_5000000.zip,outputs_camera_ready/s2_world_frame_termination/seed_45/checkpoints/vecnormalize_5000000.pkl,10,0.0,2020.5530767202376,84.6160638572972,126.3,0.0,1.284530072543379
coarse,s2_world_frame_termination,45,6000000,outputs_camera_ready/s2_world_frame_termination/seed_45/checkpoints/model_6000000.zip,outputs_camera_ready/s2_world_frame_termination/seed_45/checkpoints/vecnormalize_6000000.pkl,10,0.0,3241.44716796875,278.5871133225969,199.9,0.8,2.308091187619321
coarse,s2_world_frame_termination,45,7000000,outputs_camera_ready/s2_world_frame_termination/seed_45/checkpoints/model_7000000.zip,outputs_camera_ready/s2_world_frame_termination/seed_45/checkpoints/vecnormalize_7000000.pkl,10,0.0,4071.107756948471,508.72593516070947,249.7,1.9,3.0454726272984805
coarse,s2_world_frame_termination,45,8000000,outputs_camera_ready/s2_world_frame_termination/seed_45/checkpoints/model_8000000.zip,outputs_camera_ready/s2_world_frame_termination/seed_45/checkpoints/vecnormalize_8000000.pkl,10,0.0,5717.361860537529,667.1531130695483,351.2,3.2,4.221195106156362
coarse,s2_world_frame_termination,45,9000000,outputs_camera_ready/s2_world_frame_termination/seed_45/checkpoints/model_9000000.zip,outputs_camera_ready/s2_world_frame_termination/seed_45/checkpoints/vecnormalize_9000000.pkl,10,0.0,7324.849658632278,799.222930685707,469.0,2.1,3.3662275421553702
coarse,s2_world_frame_termination,45,10000000,outputs_camera_ready/s2_world_frame_termination/seed_45/checkpoints/model_10000000.zip,outputs_camera_ready/s2_world_frame_termination/seed_45/checkpoints/vecnormalize_10000000.pkl,10,0.0,8404.087380814552,1754.5719348555122,544.3,2.3,3.3024815025431757
coarse,s2_world_frame_termination,45,11000000,outputs_camera_ready/s2_world_frame_termination/seed_45/checkpoints/model_11000000.zip,outputs_camera_ready/s2_world_frame_termination/seed_45/checkpoints/vecnormalize_11000000.pkl,10,0.0,10660.509382492304,1600.080456030485,695.8,2.7,3.4905248539465403
coarse,s2_world_frame_termination,45,12000000,outputs_camera_ready/s2_world_frame_termination/seed_45/checkpoints/model_12000000.zip,outputs_camera_ready/s2_world_frame_termination/seed_45/checkpoints/vecnormalize_12000000.pkl,10,0.0,11547.542500507832,1943.0787374989106,747.6,3.9,4.462715672486724
coarse,s2_world_frame_termination,45,13000000,outputs_camera_ready/s2_world_frame_termination/seed_45/checkpoints/model_13000000.zip,outputs_camera_ready/s2_world_frame_termination/seed_45/checkpoints/vecnormalize_13000000.pkl,10,10.0,12048.200303944945,1642.0026671562746,773.2,4.7,5.334178733155419
coarse,s2_world_frame_termination,45,14000000,outputs_camera_ready/s2_world_frame_termination/seed_45/checkpoints/model_14000000.zip,outputs_camera_ready/s2_world_frame_termination/seed_45/checkpoints/vecnormalize_14000000.pkl,10,10.0,11600.212411570548,1926.2967416882225,746.5,4.0,4.940792292325982
coarse,s2_world_frame_termination,45,15000000,outputs_camera_ready/s2_world_frame_termination/seed_45/checkpoints/model_15000000.zip,outputs_camera_ready/s2_world_frame_termination/seed_45/checkpoints/vecnormalize_15000000.pkl,10,0.0,14335.401036201418,1495.6440148187266,939.4,3.2,4.142017132523856
coarse,s2_world_frame_termination,45,16000000,outputs_camera_ready/s2_world_frame_termination/seed_45/checkpoints/model_16000000.zip,outputs_camera_ready/s2_world_frame_termination/seed_45/checkpoints/vecnormalize_16000000.pkl,10,0.0,14005.425125885009,2204.4257230378557,909.8,4.1,4.881586859546116
coarse,s2_world_frame_termination,45,17000000,outputs_camera_ready/s2_world_frame_termination/seed_45/checkpoints/model_17000000.zip,outputs_camera_ready/s2_world_frame_termination/seed_45/checkpoints/vecnormalize_17000000.pkl,10,0.0,13857.639204961062,1658.0651384439846,909.3,2.9,3.8774852643387527
coarse,s2_world_frame_termination,45,18000000,outputs_camera_ready/s2_world_frame_termination/seed_45/checkpoints/model_18000000.zip,outputs_camera_ready/s2_world_frame_termination/seed_45/checkpoints/vecnormalize_18000000.pkl,10,10.0,14181.775599074364,1917.057626019389,922.9,4.1,4.857578467657807
coarse,s2_world_frame_termination,45,19000000,outputs_camera_ready/s2_world_frame_termination/seed_45/checkpoints/model_19000000.zip,outputs_camera_ready/s2_world_frame_termination/seed_45/checkpoints/vecnormalize_19000000.pkl,10,10.0,13376.575761041046,2313.2028610447383,864.5,4.7,5.304295151625723
coarse,s2_world_frame_termination,45,20000000,outputs_camera_ready/s2_world_frame_termination/seed_45/checkpoints/model_20000000.zip,outputs_camera_ready/s2_world_frame_termination/seed_45/checkpoints/vecnormalize_20000000.pkl,10,0.0,15115.936868572235,586.0443740847553,984.1,5.0,5.463529415593709
coarse,s2_world_frame_termination,45,21000000,outputs_camera_ready/s2_world_frame_termination/seed_45/checkpoints/model_21000000.zip,outputs_camera_ready/s2_world_frame_termination/seed_45/checkpoints/vecnormalize_21000000.pkl,10,0.0,14447.207515859604,2044.961966887567,936.5,5.4,5.604425034988552
coarse,s2_world_frame_termination,45,22000000,outputs_camera_ready/s2_world_frame_termination/seed_45/checkpoints/model_22000000.zip,outputs_camera_ready/s2_world_frame_termination/seed_45/checkpoints/vecnormalize_22000000.pkl,10,10.0,15511.889039242267,180.1920487788713,995.2,6.8,7.057555986615327
coarse,s2_world_frame_termination,45,23000000,outputs_camera_ready/s2_world_frame_termination/seed_45/checkpoints/model_23000000.zip,outputs_camera_ready/s2_world_frame_termination/seed_45/checkpoints/vecnormalize_23000000.pkl,10,70.0,15062.07965412736,810.9286817046049,961.7,7.7,7.566720522963331
coarse,s2_world_frame_termination,45,24000000,outputs_camera_ready/s2_world_frame_termination/seed_45/checkpoints/model_24000000.zip,outputs_camera_ready/s2_world_frame_termination/seed_45/checkpoints/vecnormalize_24000000.pkl,10,20.0,15098.19375886917,1228.3920478626142,968.2,6.8,7.115501655245547
coarse,s2_world_frame_termination,45,25000000,outputs_camera_ready/s2_world_frame_termination/seed_45/checkpoints/model_25000000.zip,outputs_camera_ready/s2_world_frame_termination/seed_45/checkpoints/vecnormalize_25000000.pkl,10,10.0,15201.425040592998,724.7777479255482,975.0,6.8,7.09586992710241
coarse,s2_world_frame_termination,45,26000000,outputs_camera_ready/s2_world_frame_termination/seed_45/checkpoints/model_26000000.zip,outputs_camera_ready/s2_world_frame_termination/seed_45/checkpoints/vecnormalize_26000000.pkl,10,60.0,14149.261269801855,1495.3883591410658,898.0,7.6,7.441393665761007
coarse,s2_world_frame_termination,45,27000000,outputs_camera_ready/s2_world_frame_termination/seed_45/checkpoints/model_27000000.zip,outputs_camera_ready/s2_world_frame_termination/seed_45/checkpoints/vecnormalize_27000000.pkl,10,10.0,13863.484594470263,3319.395823710831,885.7,6.2,6.68616491077911
coarse,s2_world_frame_termination,45,28000000,outputs_camera_ready/s2_world_frame_termination/seed_45/checkpoints/model_28000000.zip,outputs_camera_ready/s2_world_frame_termination/seed_45/checkpoints/vecnormalize_28000000.pkl,10,30.0,14031.94380416274,3345.6351320483095,897.7,6.6,6.798454786190445
coarse,s2_world_frame_termination,45,29000000,outputs_camera_ready/s2_world_frame_termination/seed_45/checkpoints/model_29000000.zip,outputs_camera_ready/s2_world_frame_termination/seed_45/checkpoints/vecnormalize_29000000.pkl,10,40.0,15234.111583203077,682.1573550145038,972.6,7.4,7.416551439845041
coarse,s2_world_frame_termination,45,30000000,outputs_camera_ready/s2_world_frame_termination/seed_45/checkpoints/model_30000000.zip,outputs_camera_ready/s2_world_frame_termination/seed_45/checkpoints/vecnormalize_30000000.pkl,10,40.0,13659.388958483934,2428.0513539293356,865.3,7.2,7.470292010661282
refine,s2_world_frame_termination,45,22000000,outputs_camera_ready/s2_world_frame_termination/seed_45/checkpoints/model_22000000.zip,outputs_camera_ready/s2_world_frame_termination/seed_45/checkpoints/vecnormalize_22000000.pkl,20,25.0,14998.884139841795,1538.275864033331,960.0,6.85,7.094685281308971
refine,s2_world_frame_termination,45,22250000,outputs_camera_ready/s2_world_frame_termination/seed_45/checkpoints/model_22250000.zip,outputs_camera_ready/s2_world_frame_termination/seed_45/checkpoints/vecnormalize_22250000.pkl,20,40.0,14795.52461408712,1774.541781104865,946.15,6.8,7.128673473197184
refine,s2_world_frame_termination,45,22500000,outputs_camera_ready/s2_world_frame_termination/seed_45/checkpoints/model_22500000.zip,outputs_camera_ready/s2_world_frame_termination/seed_45/checkpoints/vecnormalize_22500000.pkl,20,10.0,14106.320489575714,2087.1284834146322,907.85,5.8,6.206503627857076
refine,s2_world_frame_termination,45,22750000,outputs_camera_ready/s2_world_frame_termination/seed_45/checkpoints/model_22750000.zip,outputs_camera_ready/s2_world_frame_termination/seed_45/checkpoints/vecnormalize_22750000.pkl,20,10.0,15025.788018655778,1025.6857034704094,967.55,6.2,6.611581262449131
refine,s2_world_frame_termination,45,23000000,outputs_camera_ready/s2_world_frame_termination/seed_45/checkpoints/model_23000000.zip,outputs_camera_ready/s2_world_frame_termination/seed_45/checkpoints/vecnormalize_23000000.pkl,20,50.0,14486.126724771782,1482.6636637495685,923.45,7.4,7.400216748538135
refine,s2_world_frame_termination,45,23250000,outputs_camera_ready/s2_world_frame_termination/seed_45/checkpoints/model_23250000.zip,outputs_camera_ready/s2_world_frame_termination/seed_45/checkpoints/vecnormalize_23250000.pkl,20,50.0,13828.66396806538,2507.0997179218125,880.75,7.0,7.151586389030338
refine,s2_world_frame_termination,45,23500000,outputs_camera_ready/s2_world_frame_termination/seed_45/checkpoints/model_23500000.zip,outputs_camera_ready/s2_world_frame_termination/seed_45/checkpoints/vecnormalize_23500000.pkl,20,45.0,14696.887521445378,1933.406272898189,938.7,7.15,7.220168156282964
refine,s2_world_frame_termination,45,23750000,outputs_camera_ready/s2_world_frame_termination/seed_45/checkpoints/model_23750000.zip,outputs_camera_ready/s2_world_frame_termination/seed_45/checkpoints/vecnormalize_23750000.pkl,20,35.0,14709.562400698662,2345.00732364755,942.15,6.85,7.116081131207716
refine,s2_world_frame_termination,45,24000000,outputs_camera_ready/s2_world_frame_termination/seed_45/checkpoints/model_24000000.zip,outputs_camera_ready/s2_world_frame_termination/seed_45/checkpoints/vecnormalize_24000000.pkl,20,20.0,15121.747476050257,1313.2316185490151,969.55,6.75,7.02604350131435
coarse,s2_world_frame_termination,46,1000000,outputs_camera_ready/s2_world_frame_termination/seed_46/checkpoints/model_1000000.zip,outputs_camera_ready/s2_world_frame_termination/seed_46/checkpoints/vecnormalize_1000000.pkl,10,0.0,1089.934232544899,27.42837929073332,75.7,0.0,-0.10979269489191168
coarse,s2_world_frame_termination,46,2000000,outputs_camera_ready/s2_world_frame_termination/seed_46/checkpoints/model_2000000.zip,outputs_camera_ready/s2_world_frame_termination/seed_46/checkpoints/vecnormalize_2000000.pkl,10,0.0,1551.0288005474954,206.66157070357423,107.3,0.0,-0.15054810698170915
coarse,s2_world_frame_termination,46,3000000,outputs_camera_ready/s2_world_frame_termination/seed_46/checkpoints/model_3000000.zip,outputs_camera_ready/s2_world_frame_termination/seed_46/checkpoints/vecnormalize_3000000.pkl,10,0.0,1778.5572868347167,194.19883395876792,114.0,0.0,0.8003473977325127
coarse,s2_world_frame_termination,46,4000000,outputs_camera_ready/s2_world_frame_termination/seed_46/checkpoints/model_4000000.zip,outputs_camera_ready/s2_world_frame_termination/seed_46/checkpoints/vecnormalize_4000000.pkl,10,0.0,1360.8024868369102,566.9201530795576,88.0,0.0,0.5638177842362603
coarse,s2_world_frame_termination,46,5000000,outputs_camera_ready/s2_world_frame_termination/seed_46/checkpoints/model_5000000.zip,outputs_camera_ready/s2_world_frame_termination/seed_46/checkpoints/vecnormalize_5000000.pkl,10,0.0,2006.3670038700104,113.92003199956976,127.0,0.0,1.0984635817521287
coarse,s2_world_frame_termination,46,6000000,outputs_camera_ready/s2_world_frame_termination/seed_46/checkpoints/model_6000000.zip,outputs_camera_ready/s2_world_frame_termination/seed_46/checkpoints/vecnormalize_6000000.pkl,10,0.0,2618.7030078828334,331.87256840217293,164.3,0.1,1.5855940549900485
coarse,s2_world_frame_termination,46,7000000,outputs_camera_ready/s2_world_frame_termination/seed_46/checkpoints/model_7000000.zip,outputs_camera_ready/s2_world_frame_termination/seed_46/checkpoints/vecnormalize_7000000.pkl,10,0.0,3698.8732858181,850.8673096394755,226.1,1.6,2.8664381501439418
coarse,s2_world_frame_termination,46,8000000,outputs_camera_ready/s2_world_frame_termination/seed_46/checkpoints/model_8000000.zip,outputs_camera_ready/s2_world_frame_termination/seed_46/checkpoints/vecnormalize_8000000.pkl,10,0.0,5591.748713409901,395.87102162854495,347.3,2.6,3.779027810374415
coarse,s2_world_frame_termination,46,9000000,outputs_camera_ready/s2_world_frame_termination/seed_46/checkpoints/model_9000000.zip,outputs_camera_ready/s2_world_frame_termination/seed_46/checkpoints/vecnormalize_9000000.pkl,10,0.0,7644.9110353708265,989.3727943554619,492.2,2.6,3.4305694207719464
coarse,s2_world_frame_termination,46,10000000,outputs_camera_ready/s2_world_frame_termination/seed_46/checkpoints/model_10000000.zip,outputs_camera_ready/s2_world_frame_termination/seed_46/checkpoints/vecnormalize_10000000.pkl,10,0.0,8220.10842456445,918.3283281907508,534.9,2.0,3.121245831170658
coarse,s2_world_frame_termination,46,11000000,outputs_camera_ready/s2_world_frame_termination/seed_46/checkpoints/model_11000000.zip,outputs_camera_ready/s2_world_frame_termination/seed_46/checkpoints/vecnormalize_11000000.pkl,10,0.0,7608.418883609772,1074.5056012948496,481.3,3.4,4.35235921257488
coarse,s2_world_frame_termination,46,12000000,outputs_camera_ready/s2_world_frame_termination/seed_46/checkpoints/model_12000000.zip,outputs_camera_ready/s2_world_frame_termination/seed_46/checkpoints/vecnormalize_12000000.pkl,10,0.0,8501.552655136586,1064.1627380905159,537.7,3.9,4.716801003072286
coarse,s2_world_frame_termination,46,13000000,outputs_camera_ready/s2_world_frame_termination/seed_46/checkpoints/model_13000000.zip,outputs_camera_ready/s2_world_frame_termination/seed_46/checkpoints/vecnormalize_13000000.pkl,10,0.0,8364.143681013584,1578.2875749779857,530.2,3.6,4.443269606180158
coarse,s2_world_frame_termination,46,14000000,outputs_camera_ready/s2_world_frame_termination/seed_46/checkpoints/model_14000000.zip,outputs_camera_ready/s2_world_frame_termination/seed_46/checkpoints/vecnormalize_14000000.pkl,10,0.0,8409.512780666351,1293.1404567375328,533.1,3.7,4.514215965974235
coarse,s2_world_frame_termination,46,15000000,outputs_camera_ready/s2_world_frame_termination/seed_46/checkpoints/model_15000000.zip,outputs_camera_ready/s2_world_frame_termination/seed_46/checkpoints/vecnormalize_15000000.pkl,10,20.0,10854.179626920075,2110.2155033374947,688.8,5.0,5.702932611991583
coarse,s2_world_frame_termination,46,16000000,outputs_camera_ready/s2_world_frame_termination/seed_46/checkpoints/model_16000000.zip,outputs_camera_ready/s2_world_frame_termination/seed_46/checkpoints/vecnormalize_16000000.pkl,10,0.0,10167.324558323622,1237.5615747725649,651.7,4.0,4.790388409149964
coarse,s2_world_frame_termination,46,17000000,outputs_camera_ready/s2_world_frame_termination/seed_46/checkpoints/model_17000000.zip,outputs_camera_ready/s2_world_frame_termination/seed_46/checkpoints/vecnormalize_17000000.pkl,10,0.0,10930.983754640818,1498.6509696288329,703.6,4.4,4.9601781116838195
coarse,s2_world_frame_termination,46,18000000,outputs_camera_ready/s2_world_frame_termination/seed_46/checkpoints/model_18000000.zip,outputs_camera_ready/s2_world_frame_termination/seed_46/checkpoints/vecnormalize_18000000.pkl,10,10.0,11443.389880895615,1830.5793917486124,735.9,4.8,5.45052440972758
coarse,s2_world_frame_termination,46,19000000,outputs_camera_ready/s2_world_frame_termination/seed_46/checkpoints/model_19000000.zip,outputs_camera_ready/s2_world_frame_termination/seed_46/checkpoints/vecnormalize_19000000.pkl,10,20.0,10253.946152442693,3297.5175147763234,654.2,4.6,5.354082762195637
coarse,s2_world_frame_termination,46,20000000,outputs_camera_ready/s2_world_frame_termination/seed_46/checkpoints/model_20000000.zip,outputs_camera_ready/s2_world_frame_termination/seed_46/checkpoints/vecnormalize_20000000.pkl,10,10.0,12218.341344088316,2149.065371803733,780.4,5.8,6.05870847742366
coarse,s2_world_frame_termination,46,21000000,outputs_camera_ready/s2_world_frame_termination/seed_46/checkpoints/model_21000000.zip,outputs_camera_ready/s2_world_frame_termination/seed_46/checkpoints/vecnormalize_21000000.pkl,10,30.0,11589.012126713991,2617.69427804834,737.1,5.4,6.470300429383814
coarse,s2_world_frame_termination,46,22000000,outputs_camera_ready/s2_world_frame_termination/seed_46/checkpoints/model_22000000.zip,outputs_camera_ready/s2_world_frame_termination/seed_46/checkpoints/vecnormalize_22000000.pkl,10,10.0,13139.870639204979,2723.4701836174327,842.2,6.1,6.288588549057904
coarse,s2_world_frame_termination,46,23000000,outputs_camera_ready/s2_world_frame_termination/seed_46/checkpoints/model_23000000.zip,outputs_camera_ready/s2_world_frame_termination/seed_46/checkpoints/vecnormalize_23000000.pkl,10,20.0,13571.344036806933,2302.4064029447286,874.6,6.3,6.511453506968985
coarse,s2_world_frame_termination,46,24000000,outputs_camera_ready/s2_world_frame_termination/seed_46/checkpoints/model_24000000.zip,outputs_camera_ready/s2_world_frame_termination/seed_46/checkpoints/vecnormalize_24000000.pkl,10,50.0,14038.293838590384,1852.2450909593715,896.2,7.0,7.263289702417238
coarse,s2_world_frame_termination,46,25000000,outputs_camera_ready/s2_world_frame_termination/seed_46/checkpoints/model_25000000.zip,outputs_camera_ready/s2_world_frame_termination/seed_46/checkpoints/vecnormalize_25000000.pkl,10,30.0,11552.241896032541,3871.8053802209615,734.4,6.0,6.551441089548116
coarse,s2_world_frame_termination,46,26000000,outputs_camera_ready/s2_world_frame_termination/seed_46/checkpoints/model_26000000.zip,outputs_camera_ready/s2_world_frame_termination/seed_46/checkpoints/vecnormalize_26000000.pkl,10,60.0,14092.508953070641,1887.1864693266516,899.9,7.2,7.400538802031154
coarse,s2_world_frame_termination,46,27000000,outputs_camera_ready/s2_world_frame_termination/seed_46/checkpoints/model_27000000.zip,outputs_camera_ready/s2_world_frame_termination/seed_46/checkpoints/vecnormalize_27000000.pkl,10,40.0,14121.45245012343,2338.2608047075714,903.1,6.8,6.9913750128692795
coarse,s2_world_frame_termination,46,28000000,outputs_camera_ready/s2_world_frame_termination/seed_46/checkpoints/model_28000000.zip,outputs_camera_ready/s2_world_frame_termination/seed_46/checkpoints/vecnormalize_28000000.pkl,10,60.0,14811.340843069553,1507.010905699756,942.4,7.3,7.637056219240188
coarse,s2_world_frame_termination,46,29000000,outputs_camera_ready/s2_world_frame_termination/seed_46/checkpoints/model_29000000.zip,outputs_camera_ready/s2_world_frame_termination/seed_46/checkpoints/vecnormalize_29000000.pkl,10,60.0,13211.223982673884,4585.629387092675,837.3,6.5,6.970358785263819
coarse,s2_world_frame_termination,46,30000000,outputs_camera_ready/s2_world_frame_termination/seed_46/checkpoints/model_30000000.zip,outputs_camera_ready/s2_world_frame_termination/seed_46/checkpoints/vecnormalize_30000000.pkl,10,60.0,13807.876052331925,2500.539398337594,870.0,7.4,8.194332954172692
refine,s2_world_frame_termination,46,29000000,outputs_camera_ready/s2_world_frame_termination/seed_46/checkpoints/model_29000000.zip,outputs_camera_ready/s2_world_frame_termination/seed_46/checkpoints/vecnormalize_29000000.pkl,20,65.0,14072.7809491314,3391.8094917006724,892.35,7.1,7.443594041061447
refine,s2_world_frame_termination,46,29250000,outputs_camera_ready/s2_world_frame_termination/seed_46/checkpoints/model_29250000.zip,outputs_camera_ready/s2_world_frame_termination/seed_46/checkpoints/vecnormalize_29250000.pkl,20,70.0,14612.11434431374,1846.9658420251938,924.6,7.5,8.199698028701404
refine,s2_world_frame_termination,46,29500000,outputs_camera_ready/s2_world_frame_termination/seed_46/checkpoints/model_29500000.zip,outputs_camera_ready/s2_world_frame_termination/seed_46/checkpoints/vecnormalize_29500000.pkl,20,65.0,13874.523972157762,2721.0409973921974,878.35,7.15,7.618858855346052
refine,s2_world_frame_termination,46,29750000,outputs_camera_ready/s2_world_frame_termination/seed_46/checkpoints/model_29750000.zip,outputs_camera_ready/s2_world_frame_termination/seed_46/checkpoints/vecnormalize_29750000.pkl,20,60.0,12676.134078723193,3615.273834169129,800.2,6.65,7.302006620471528
refine,s2_world_frame_termination,46,30000000,outputs_camera_ready/s2_world_frame_termination/seed_46/checkpoints/model_30000000.zip,outputs_camera_ready/s2_world_frame_termination/seed_46/checkpoints/vecnormalize_30000000.pkl,20,60.0,13968.891606853902,2366.3590101458426,882.1,7.45,8.02521592936336
coarse,s2_no_shaping,42,1000000,outputs_camera_ready/s2_no_shaping/seed_42/checkpoints/model_1000000.zip,outputs_camera_ready/s2_no_shaping/seed_42/checkpoints/vecnormalize_1000000.pkl,10,0.0,1213.1976059631445,150.51995867420266,81.3,0.0,0.17834712313703424
coarse,s2_no_shaping,42,2000000,outputs_camera_ready/s2_no_shaping/seed_42/checkpoints/model_2000000.zip,outputs_camera_ready/s2_no_shaping/seed_42/checkpoints/vecnormalize_2000000.pkl,10,0.0,1480.277409082651,395.45109003741874,99.4,0.0,0.19550746221879708
coarse,s2_no_shaping,42,3000000,outputs_camera_ready/s2_no_shaping/seed_42/checkpoints/model_3000000.zip,outputs_camera_ready/s2_no_shaping/seed_42/checkpoints/vecnormalize_3000000.pkl,10,0.0,1695.2973513234406,331.0085210307109,108.5,0.0,0.8175384936215992
coarse,s2_no_shaping,42,4000000,outputs_camera_ready/s2_no_shaping/seed_42/checkpoints/model_4000000.zip,outputs_camera_ready/s2_no_shaping/seed_42/checkpoints/vecnormalize_4000000.pkl,10,0.0,1760.9610082841477,554.3575342001202,112.1,0.0,0.9322255567208797
coarse,s2_no_shaping,42,5000000,outputs_camera_ready/s2_no_shaping/seed_42/checkpoints/model_5000000.zip,outputs_camera_ready/s2_no_shaping/seed_42/checkpoints/vecnormalize_5000000.pkl,10,0.0,2401.68604272604,897.0479707207979,152.6,0.3,1.3358692092202442
coarse,s2_no_shaping,42,6000000,outputs_camera_ready/s2_no_shaping/seed_42/checkpoints/model_6000000.zip,outputs_camera_ready/s2_no_shaping/seed_42/checkpoints/vecnormalize_6000000.pkl,10,0.0,4322.838075304031,571.8842424569069,269.0,1.8,3.113592348501229
coarse,s2_no_shaping,42,7000000,outputs_camera_ready/s2_no_shaping/seed_42/checkpoints/model_7000000.zip,outputs_camera_ready/s2_no_shaping/seed_42/checkpoints/vecnormalize_7000000.pkl,10,0.0,5165.322333937884,1262.911877916297,326.1,2.0,3.187646666925173
coarse,s2_no_shaping,42,8000000,outputs_camera_ready/s2_no_shaping/seed_42/checkpoints/model_8000000.zip,outputs_camera_ready/s2_no_shaping/seed_42/checkpoints/vecnormalize_8000000.pkl,10,0.0,5398.3842672467235,1846.0410272543695,347.0,1.8,2.7954757416060327
coarse,s2_no_shaping,42,9000000,outputs_camera_ready/s2_no_shaping/seed_42/checkpoints/model_9000000.zip,outputs_camera_ready/s2_no_shaping/seed_42/checkpoints/vecnormalize_9000000.pkl,10,0.0,8507.016662372649,1735.6760076642008,552.6,3.1,3.9426149706364626
coarse,s2_no_shaping,42,10000000,outputs_camera_ready/s2_no_shaping/seed_42/checkpoints/model_10000000.zip,outputs_camera_ready/s2_no_shaping/seed_42/checkpoints/vecnormalize_10000000.pkl,10,0.0,8564.16460507363,1015.5792416996204,562.4,2.1,3.2480106966018836
coarse,s2_no_shaping,42,11000000,outputs_camera_ready/s2_no_shaping/seed_42/checkpoints/model_11000000.zip,outputs_camera_ready/s2_no_shaping/seed_42/checkpoints/vecnormalize_11000000.pkl,10,0.0,10426.808827686309,1632.9387024394816,692.7,2.2,3.2297047038579443
coarse,s2_no_shaping,42,12000000,outputs_camera_ready/s2_no_shaping/seed_42/checkpoints/model_12000000.zip,outputs_camera_ready/s2_no_shaping/seed_42/checkpoints/vecnormalize_12000000.pkl,10,0.0,12397.634346494078,1919.8908318932718,821.2,2.9,3.776472179914509
coarse,s2_no_shaping,42,13000000,outputs_camera_ready/s2_no_shaping/seed_42/checkpoints/model_13000000.zip,outputs_camera_ready/s2_no_shaping/seed_42/checkpoints/vecnormalize_13000000.pkl,10,0.0,13649.231771367788,1756.9389835803045,905.2,3.2,4.213499885973146
coarse,s2_no_shaping,42,14000000,outputs_camera_ready/s2_no_shaping/seed_42/checkpoints/model_14000000.zip,outputs_camera_ready/s2_no_shaping/seed_42/checkpoints/vecnormalize_14000000.pkl,10,0.0,13500.040150679648,2224.8379634937014,890.8,4.1,4.658773585268289
coarse,s2_no_shaping,42,15000000,outputs_camera_ready/s2_no_shaping/seed_42/checkpoints/model_15000000.zip,outputs_camera_ready/s2_no_shaping/seed_42/checkpoints/vecnormalize_15000000.pkl,10,0.0,14048.108109068871,1426.729078030656,927.2,4.3,4.8082451627232405
coarse,s2_no_shaping,42,16000000,outputs_camera_ready/s2_no_shaping/seed_42/checkpoints/model_16000000.zip,outputs_camera_ready/s2_no_shaping/seed_42/checkpoints/vecnormalize_16000000.pkl,10,0.0,14700.399025419354,521.3492813308025,976.6,3.7,4.521273703506778
coarse,s2_no_shaping,42,17000000,outputs_camera_ready/s2_no_shaping/seed_42/checkpoints/model_17000000.zip,outputs_camera_ready/s2_no_shaping/seed_42/checkpoints/vecnormalize_17000000.pkl,10,0.0,13514.066731752082,1327.6417606803548,900.5,3.0,3.884336574929376
coarse,s2_no_shaping,42,18000000,outputs_camera_ready/s2_no_shaping/seed_42/checkpoints/model_18000000.zip,outputs_camera_ready/s2_no_shaping/seed_42/checkpoints/vecnormalize_18000000.pkl,10,0.0,15014.82815644145,335.75665256984547,992.7,4.5,5.085793906374663
coarse,s2_no_shaping,42,19000000,outputs_camera_ready/s2_no_shaping/seed_42/checkpoints/model_19000000.zip,outputs_camera_ready/s2_no_shaping/seed_42/checkpoints/vecnormalize_19000000.pkl,10,0.0,15138.473995876313,77.07190164236361,1000.0,4.2,4.915434335543952
coarse,s2_no_shaping,42,20000000,outputs_camera_ready/s2_no_shaping/seed_42/checkpoints/model_20000000.zip,outputs_camera_ready/s2_no_shaping/seed_42/checkpoints/vecnormalize_20000000.pkl,10,0.0,14655.21154473573,1167.3233517992405,963.6,4.5,5.1300720135196
coarse,s2_no_shaping,42,21000000,outputs_camera_ready/s2_no_shaping/seed_42/checkpoints/model_21000000.zip,outputs_camera_ready/s2_no_shaping/seed_42/checkpoints/vecnormalize_21000000.pkl,10,0.0,14690.359157067538,1397.2310509821748,953.1,5.5,6.056353845410067
coarse,s2_no_shaping,42,22000000,outputs_camera_ready/s2_no_shaping/seed_42/checkpoints/model_22000000.zip,outputs_camera_ready/s2_no_shaping/seed_42/checkpoints/vecnormalize_22000000.pkl,10,0.0,15388.102753067016,78.81269294022985,1000.0,5.8,6.088158505500972
coarse,s2_no_shaping,42,23000000,outputs_camera_ready/s2_no_shaping/seed_42/checkpoints/model_23000000.zip,outputs_camera_ready/s2_no_shaping/seed_42/checkpoints/vecnormalize_23000000.pkl,10,0.0,13857.07028517127,4337.040570298279,901.6,5.5,5.943904592026696
coarse,s2_no_shaping,42,24000000,outputs_camera_ready/s2_no_shaping/seed_42/checkpoints/model_24000000.zip,outputs_camera_ready/s2_no_shaping/seed_42/checkpoints/vecnormalize_24000000.pkl,10,30.0,15505.19698047638,58.047189009420734,1000.0,7.2,7.289287015910977
coarse,s2_no_shaping,42,25000000,outputs_camera_ready/s2_no_shaping/seed_42/checkpoints/model_25000000.zip,outputs_camera_ready/s2_no_shaping/seed_42/checkpoints/vecnormalize_25000000.pkl,10,50.0,15604.89509897232,92.62106510851923,1000.0,7.5,7.684414050086519
coarse,s2_no_shaping,42,26000000,outputs_camera_ready/s2_no_shaping/seed_42/checkpoints/model_26000000.zip,outputs_camera_ready/s2_no_shaping/seed_42/checkpoints/vecnormalize_26000000.pkl,10,90.0,14352.516943484545,4416.3029948340745,907.7,7.2,8.417665637310863
coarse,s2_no_shaping,42,27000000,outputs_camera_ready/s2_no_shaping/seed_42/checkpoints/model_27000000.zip,outputs_camera_ready/s2_no_shaping/seed_42/checkpoints/vecnormalize_27000000.pkl,10,100.0,15680.613538050651,181.8269896370834,995.8,8.0,9.050074053978317
coarse,s2_no_shaping,42,28000000,outputs_camera_ready/s2_no_shaping/seed_42/checkpoints/model_28000000.zip,outputs_camera_ready/s2_no_shaping/seed_42/checkpoints/vecnormalize_28000000.pkl,10,90.0,15461.540828204155,593.2673620455665,988.7,7.9,8.689081040593258
coarse,s2_no_shaping,42,29000000,outputs_camera_ready/s2_no_shaping/seed_42/checkpoints/model_29000000.zip,outputs_camera_ready/s2_no_shaping/seed_42/checkpoints/vecnormalize_29000000.pkl,10,70.0,11429.375046876074,6589.316025835755,728.6,5.6,6.486420330835694
coarse,s2_no_shaping,42,30000000,outputs_camera_ready/s2_no_shaping/seed_42/checkpoints/model_30000000.zip,outputs_camera_ready/s2_no_shaping/seed_42/checkpoints/vecnormalize_30000000.pkl,10,60.0,9893.397067975999,7207.210353126221,629.1,4.8,5.976115821915796
refine,s2_no_shaping,42,26000000,outputs_camera_ready/s2_no_shaping/seed_42/checkpoints/model_26000000.zip,outputs_camera_ready/s2_no_shaping/seed_42/checkpoints/vecnormalize_26000000.pkl,20,90.0,14302.805567237734,4457.731606994876,906.5,7.2,8.191782618193946
refine,s2_no_shaping,42,26250000,outputs_camera_ready/s2_no_shaping/seed_42/checkpoints/model_26250000.zip,outputs_camera_ready/s2_no_shaping/seed_42/checkpoints/vecnormalize_26250000.pkl,20,90.0,14725.410249006749,3402.728452255838,934.75,7.5,8.345237194710219
refine,s2_no_shaping,42,26500000,outputs_camera_ready/s2_no_shaping/seed_42/checkpoints/model_26500000.zip,outputs_camera_ready/s2_no_shaping/seed_42/checkpoints/vecnormalize_26500000.pkl,20,90.0,14597.914503599703,3616.9955684838887,924.7,7.35,8.683826063260335
refine,s2_no_shaping,42,26750000,outputs_camera_ready/s2_no_shaping/seed_42/checkpoints/model_26750000.zip,outputs_camera_ready/s2_no_shaping/seed_42/checkpoints/vecnormalize_26750000.pkl,20,90.0,15726.928800964355,104.98558296903234,1000.0,7.9,8.756814036950294
refine,s2_no_shaping,42,27000000,outputs_camera_ready/s2_no_shaping/seed_42/checkpoints/model_27000000.zip,outputs_camera_ready/s2_no_shaping/seed_42/checkpoints/vecnormalize_27000000.pkl,20,100.0,15691.8503682971,147.40131427705148,997.9,8.0,8.923406383803623
refine,s2_no_shaping,42,27250000,outputs_camera_ready/s2_no_shaping/seed_42/checkpoints/model_27250000.zip,outputs_camera_ready/s2_no_shaping/seed_42/checkpoints/vecnormalize_27250000.pkl,20,95.0,15726.079293823243,106.29515575725921,1000.0,7.95,8.83470327852558
refine,s2_no_shaping,42,27500000,outputs_camera_ready/s2_no_shaping/seed_42/checkpoints/model_27500000.zip,outputs_camera_ready/s2_no_shaping/seed_42/checkpoints/vecnormalize_27500000.pkl,20,85.0,14621.325793492793,3417.0420141403624,933.2,7.4,7.911026159090147
refine,s2_no_shaping,42,27750000,outputs_camera_ready/s2_no_shaping/seed_42/checkpoints/model_27750000.zip,outputs_camera_ready/s2_no_shaping/seed_42/checkpoints/vecnormalize_27750000.pkl,20,100.0,15580.206592699886,402.32383025946285,994.45,8.0,8.669167207107632
refine,s2_no_shaping,42,28000000,outputs_camera_ready/s2_no_shaping/seed_42/checkpoints/model_28000000.zip,outputs_camera_ready/s2_no_shaping/seed_42/checkpoints/vecnormalize_28000000.pkl,20,90.0,15300.14137942791,1179.7989204420032,978.65,7.75,8.481838087702489
coarse,s2_no_shaping,43,1000000,outputs_camera_ready/s2_no_shaping/seed_43/checkpoints/model_1000000.zip,outputs_camera_ready/s2_no_shaping/seed_43/checkpoints/vecnormalize_1000000.pkl,10,0.0,1605.7743601592258,328.8199423382858,107.8,0.0,0.14684003089126862
coarse,s2_no_shaping,43,2000000,outputs_camera_ready/s2_no_shaping/seed_43/checkpoints/model_2000000.zip,outputs_camera_ready/s2_no_shaping/seed_43/checkpoints/vecnormalize_2000000.pkl,10,0.0,1494.3046232506633,146.9124012940137,99.9,0.0,0.24100879417269194
coarse,s2_no_shaping,43,3000000,outputs_camera_ready/s2_no_shaping/seed_43/checkpoints/model_3000000.zip,outputs_camera_ready/s2_no_shaping/seed_43/checkpoints/vecnormalize_3000000.pkl,10,0.0,2277.545190221071,371.5223081999945,153.1,0.0,0.252898252881745
coarse,s2_no_shaping,43,4000000,outputs_camera_ready/s2_no_shaping/seed_43/checkpoints/model_4000000.zip,outputs_camera_ready/s2_no_shaping/seed_43/checkpoints/vecnormalize_4000000.pkl,10,0.0,2570.783281302452,417.11273158834257,166.1,0.0,1.0424802895899319
coarse,s2_no_shaping,43,5000000,outputs_camera_ready/s2_no_shaping/seed_43/checkpoints/model_5000000.zip,outputs_camera_ready/s2_no_shaping/seed_43/checkpoints/vecnormalize_5000000.pkl,10,0.0,3263.000804363191,975.2959054598384,207.6,0.6,1.6852518282455051
coarse,s2_no_shaping,43,6000000,outputs_camera_ready/s2_no_shaping/seed_43/checkpoints/model_6000000.zip,outputs_camera_ready/s2_no_shaping/seed_43/checkpoints/vecnormalize_6000000.pkl,10,0.0,5270.604546284676,1348.588230862757,336.2,1.3,2.611231083919827
coarse,s2_no_shaping,43,7000000,outputs_camera_ready/s2_no_shaping/seed_43/checkpoints/model_7000000.zip,outputs_camera_ready/s2_no_shaping/seed_43/checkpoints/vecnormalize_7000000.pkl,10,0.0,7306.9817811787125,1344.9990157089796,481.1,1.1,2.076394720407928
coarse,s2_no_shaping,43,8000000,outputs_camera_ready/s2_no_shaping/seed_43/checkpoints/model_8000000.zip,outputs_camera_ready/s2_no_shaping/seed_43/checkpoints/vecnormalize_8000000.pkl,10,0.0,9644.934002012014,1235.1915667023377,638.5,1.4,2.3212672212286103
coarse,s2_no_shaping,43,9000000,outputs_camera_ready/s2_no_shaping/seed_43/checkpoints/model_9000000.zip,outputs_camera_ready/s2_no_shaping/seed_43/checkpoints/vecnormalize_9000000.pkl,10,0.0,10291.547317447514,1418.8773755847112,671.4,2.6,3.7211287661691137
coarse,s2_no_shaping,43,10000000,outputs_camera_ready/s2_no_shaping/seed_43/checkpoints/model_10000000.zip,outputs_camera_ready/s2_no_shaping/seed_43/checkpoints/vecnormalize_10000000.pkl,10,0.0,10734.543854516,1724.558308203024,700.5,3.0,3.9112587732422974
coarse,s2_no_shaping,43,11000000,outputs_camera_ready/s2_no_shaping/seed_43/checkpoints/model_11000000.zip,outputs_camera_ready/s2_no_shaping/seed_43/checkpoints/vecnormalize_11000000.pkl,10,0.0,10114.113920217753,3219.1306086268987,657.9,3.6,4.186218912852042
coarse,s2_no_shaping,43,12000000,outputs_camera_ready/s2_no_shaping/seed_43/checkpoints/model_12000000.zip,outputs_camera_ready/s2_no_shaping/seed_43/checkpoints/vecnormalize_12000000.pkl,10,0.0,11958.711695551872,2695.0089580245935,784.8,4.0,4.318320305574509
coarse,s2_no_shaping,43,13000000,outputs_camera_ready/s2_no_shaping/seed_43/checkpoints/model_13000000.zip,outputs_camera_ready/s2_no_shaping/seed_43/checkpoints/vecnormalize_13000000.pkl,10,0.0,13049.832870805263,1887.3121006423314,855.5,4.4,4.988356256058192
coarse,s2_no_shaping,43,14000000,outputs_camera_ready/s2_no_shaping/seed_43/checkpoints/model_14000000.zip,outputs_camera_ready/s2_no_shaping/seed_43/checkpoints/vecnormalize_14000000.pkl,10,0.0,14140.065985792875,2372.140165327623,925.2,4.5,5.0047009210368225
coarse,s2_no_shaping,43,15000000,outputs_camera_ready/s2_no_shaping/seed_43/checkpoints/model_15000000.zip,outputs_camera_ready/s2_no_shaping/seed_43/checkpoints/vecnormalize_15000000.pkl,10,0.0,14650.29202978611,1577.2675501055037,949.9,5.9,6.155573048223403
coarse,s2_no_shaping,43,16000000,outputs_camera_ready/s2_no_shaping/seed_43/checkpoints/model_16000000.zip,outputs_camera_ready/s2_no_shaping/seed_43/checkpoints/vecnormalize_16000000.pkl,10,0.0,15425.873195457458,73.91944354707444,1000.0,6.0,6.316927501614138
coarse,s2_no_shaping,43,17000000,outputs_camera_ready/s2_no_shaping/seed_43/checkpoints/model_17000000.zip,outputs_camera_ready/s2_no_shaping/seed_43/checkpoints/vecnormalize_17000000.pkl,10,0.0,15293.181134033202,449.1651974390192,989.9,6.1,6.447695382862408
coarse,s2_no_shaping,43,18000000,outputs_camera_ready/s2_no_shaping/seed_43/checkpoints/model_18000000.zip,outputs_camera_ready/s2_no_shaping/seed_43/checkpoints/vecnormalize_18000000.pkl,10,10.0,15364.645063067972,278.8407982156365,994.5,6.8,7.053546277330582
coarse,s2_no_shaping,43,19000000,outputs_camera_ready/s2_no_shaping/seed_43/checkpoints/model_19000000.zip,outputs_camera_ready/s2_no_shaping/seed_43/checkpoints/vecnormalize_19000000.pkl,10,10.0,13107.56547729969,2983.5397543893705,845.5,5.8,6.146317478573424
coarse,s2_no_shaping,43,20000000,outputs_camera_ready/s2_no_shaping/seed_43/checkpoints/model_20000000.zip,outputs_camera_ready/s2_no_shaping/seed_43/checkpoints/vecnormalize_20000000.pkl,10,60.0,14725.150573253632,2680.1263420375335,942.2,7.2,7.41506242326695
coarse,s2_no_shaping,43,21000000,outputs_camera_ready/s2_no_shaping/seed_43/checkpoints/model_21000000.zip,outputs_camera_ready/s2_no_shaping/seed_43/checkpoints/vecnormalize_21000000.pkl,10,90.0,15642.463123130798,55.81429692392597,1000.0,7.9,8.081046915079341
coarse,s2_no_shaping,43,22000000,outputs_camera_ready/s2_no_shaping/seed_43/checkpoints/model_22000000.zip,outputs_camera_ready/s2_no_shaping/seed_43/checkpoints/vecnormalize_22000000.pkl,10,90.0,14912.457598412037,2120.151939583949,954.2,7.7,7.757482244443421
coarse,s2_no_shaping,43,23000000,outputs_camera_ready/s2_no_shaping/seed_43/checkpoints/model_23000000.zip,outputs_camera_ready/s2_no_shaping/seed_43/checkpoints/vecnormalize_23000000.pkl,10,100.0,15699.631436347961,28.651562867222108,1000.0,8.0,8.099443361819759
coarse,s2_no_shaping,43,24000000,outputs_camera_ready/s2_no_shaping/seed_43/checkpoints/model_24000000.zip,outputs_camera_ready/s2_no_shaping/seed_43/checkpoints/vecnormalize_24000000.pkl,10,100.0,15859.48357410431,32.97033210660805,1000.0,8.0,9.22209152191856
coarse,s2_no_shaping,43,25000000,outputs_camera_ready/s2_no_shaping/seed_43/checkpoints/model_25000000.zip,outputs_camera_ready/s2_no_shaping/seed_43/checkpoints/vecnormalize_25000000.pkl,10,90.0,14858.310732364655,3254.887806043191,931.6,7.5,9.292286644607751
coarse,s2_no_shaping,43,26000000,outputs_camera_ready/s2_no_shaping/seed_43/checkpoints/model_26000000.zip,outputs_camera_ready/s2_no_shaping/seed_43/checkpoints/vecnormalize_26000000.pkl,10,90.0,15090.381661331654,2534.742442701023,946.7,7.6,9.518033987115322
coarse,s2_no_shaping,43,27000000,outputs_camera_ready/s2_no_shaping/seed_43/checkpoints/model_27000000.zip,outputs_camera_ready/s2_no_shaping/seed_43/checkpoints/vecnormalize_27000000.pkl,10,90.0,14670.365629029275,4060.013038929854,916.0,7.2,9.510052065930486
coarse,s2_no_shaping,43,28000000,outputs_camera_ready/s2_no_shaping/seed_43/checkpoints/model_28000000.zip,outputs_camera_ready/s2_no_shaping/seed_43/checkpoints/vecnormalize_28000000.pkl,10,100.0,16110.25096168518,59.73395664733836,1000.0,8.0,11.138389919956563
coarse,s2_no_shaping,43,29000000,outputs_camera_ready/s2_no_shaping/seed_43/checkpoints/model_29000000.zip,outputs_camera_ready/s2_no_shaping/seed_43/checkpoints/vecnormalize_29000000.pkl,10,100.0,16191.126642990112,75.47038770605766,1000.0,8.0,11.993814039287875
coarse,s2_no_shaping,43,30000000,outputs_camera_ready/s2_no_shaping/seed_43/checkpoints/model_30000000.zip,outputs_camera_ready/s2_no_shaping/seed_43/checkpoints/vecnormalize_30000000.pkl,10,100.0,16278.90077676773,84.8108980130094,1000.0,8.0,12.843388951090779
refine,s2_no_shaping,43,29000000,outputs_camera_ready/s2_no_shaping/seed_43/checkpoints/model_29000000.zip,outputs_camera_ready/s2_no_shaping/seed_43/checkpoints/vecnormalize_29000000.pkl,20,100.0,16200.417134380341,72.74208898025819,1000.0,8.0,11.989748779421975
refine,s2_no_shaping,43,29250000,outputs_camera_ready/s2_no_shaping/seed_43/checkpoints/model_29250000.zip,outputs_camera_ready/s2_no_shaping/seed_43/checkpoints/vecnormalize_29250000.pkl,20,90.0,14974.268181407451,3682.1464348568697,926.0,7.45,11.04941523951688
refine,s2_no_shaping,43,29500000,outputs_camera_ready/s2_no_shaping/seed_43/checkpoints/model_29500000.zip,outputs_camera_ready/s2_no_shaping/seed_43/checkpoints/vecnormalize_29500000.pkl,20,85.0,14075.19252792662,4723.740166734794,866.9,7.05,10.540933584092214
refine,s2_no_shaping,43,29750000,outputs_camera_ready/s2_no_shaping/seed_43/checkpoints/model_29750000.zip,outputs_camera_ready/s2_no_shaping/seed_43/checkpoints/vecnormalize_29750000.pkl,20,90.0,15325.643586140872,2813.184407073017,944.2,7.65,11.648222337931486
refine,s2_no_shaping,43,30000000,outputs_camera_ready/s2_no_shaping/seed_43/checkpoints/model_30000000.zip,outputs_camera_ready/s2_no_shaping/seed_43/checkpoints/vecnormalize_30000000.pkl,20,100.0,16275.151768302918,87.93107096116641,1000.0,8.0,12.82404004821586
coarse,s2_no_shaping,44,1000000,outputs_camera_ready/s2_no_shaping/seed_44/checkpoints/model_1000000.zip,outputs_camera_ready/s2_no_shaping/seed_44/checkpoints/vecnormalize_1000000.pkl,10,0.0,1185.8258266806602,224.31582220318938,83.7,0.0,-0.2898075502215053
coarse,s2_no_shaping,44,2000000,outputs_camera_ready/s2_no_shaping/seed_44/checkpoints/model_2000000.zip,outputs_camera_ready/s2_no_shaping/seed_44/checkpoints/vecnormalize_2000000.pkl,10,0.0,1730.0455008804797,345.3356574030548,119.5,0.0,-0.15030584232707966
coarse,s2_no_shaping,44,3000000,outputs_camera_ready/s2_no_shaping/seed_44/checkpoints/model_3000000.zip,outputs_camera_ready/s2_no_shaping/seed_44/checkpoints/vecnormalize_3000000.pkl,10,0.0,1484.05275952816,97.98854449145206,92.8,0.0,0.9493725820158161
coarse,s2_no_shaping,44,4000000,outputs_camera_ready/s2_no_shaping/seed_44/checkpoints/model_4000000.zip,outputs_camera_ready/s2_no_shaping/seed_44/checkpoints/vecnormalize_4000000.pkl,10,0.0,2152.3430647373198,301.07454147702316,132.2,0.0,1.6297546640648448
coarse,s2_no_shaping,44,5000000,outputs_camera_ready/s2_no_shaping/seed_44/checkpoints/model_5000000.zip,outputs_camera_ready/s2_no_shaping/seed_44/checkpoints/vecnormalize_5000000.pkl,10,0.0,3037.981361028552,661.7481624899156,189.5,0.6,2.0222967427064655
coarse,s2_no_shaping,44,6000000,outputs_camera_ready/s2_no_shaping/seed_44/checkpoints/model_6000000.zip,outputs_camera_ready/s2_no_shaping/seed_44/checkpoints/vecnormalize_6000000.pkl,10,0.0,3936.9808817982675,534.344041703648,241.3,2.0,3.1053301549586587
coarse,s2_no_shaping,44,7000000,outputs_camera_ready/s2_no_shaping/seed_44/checkpoints/model_7000000.zip,outputs_camera_ready/s2_no_shaping/seed_44/checkpoints/vecnormalize_7000000.pkl,10,0.0,4764.732357048988,498.92522483292584,293.6,2.6,3.5965549887220383
coarse,s2_no_shaping,44,8000000,outputs_camera_ready/s2_no_shaping/seed_44/checkpoints/model_8000000.zip,outputs_camera_ready/s2_no_shaping/seed_44/checkpoints/vecnormalize_8000000.pkl,10,0.0,5155.805179095269,422.33637036378667,321.3,2.5,3.5567332084908885
coarse,s2_no_shaping,44,9000000,outputs_camera_ready/s2_no_shaping/seed_44/checkpoints/model_9000000.zip,outputs_camera_ready/s2_no_shaping/seed_44/checkpoints/vecnormalize_9000000.pkl,10,0.0,6139.832058882714,846.2921376158628,383.5,3.3,4.1526131492485945
coarse,s2_no_shaping,44,10000000,outputs_camera_ready/s2_no_shaping/seed_44/checkpoints/model_10000000.zip,outputs_camera_ready/s2_no_shaping/seed_44/checkpoints/vecnormalize_10000000.pkl,10,0.0,8742.51327469945,1386.4878103360177,558.5,4.0,4.858791808649295
coarse,s2_no_shaping,44,11000000,outputs_camera_ready/s2_no_shaping/seed_44/checkpoints/model_11000000.zip,outputs_camera_ready/s2_no_shaping/seed_44/checkpoints/vecnormalize_11000000.pkl,10,0.0,8216.410898204893,1234.150359820931,531.5,2.8,3.6250382359954565
coarse,s2_no_shaping,44,12000000,outputs_camera_ready/s2_no_shaping/seed_44/checkpoints/model_12000000.zip,outputs_camera_ready/s2_no_shaping/seed_44/checkpoints/vecnormalize_12000000.pkl,10,0.0,11024.773963969947,2280.195832820243,716.7,3.9,4.479346018435092
coarse,s2_no_shaping,44,13000000,outputs_camera_ready/s2_no_shaping/seed_44/checkpoints/model_13000000.zip,outputs_camera_ready/s2_no_shaping/seed_44/checkpoints/vecnormalize_13000000.pkl,10,0.0,10206.061698138714,2281.1416222535795,661.0,3.4,4.277645447028692
coarse,s2_no_shaping,44,14000000,outputs_camera_ready/s2_no_shaping/seed_44/checkpoints/model_14000000.zip,outputs_camera_ready/s2_no_shaping/seed_44/checkpoints/vecnormalize_14000000.pkl,10,0.0,9672.452103841304,3689.8686065300085,630.9,3.0,3.642315353494587
coarse,s2_no_shaping,44,15000000,outputs_camera_ready/s2_no_shaping/seed_44/checkpoints/model_15000000.zip,outputs_camera_ready/s2_no_shaping/seed_44/checkpoints/vecnormalize_15000000.pkl,10,0.0,10451.513616208173,2695.308210225731,677.9,3.6,4.45488530804773
coarse,s2_no_shaping,44,16000000,outputs_camera_ready/s2_no_shaping/seed_44/checkpoints/model_16000000.zip,outputs_camera_ready/s2_no_shaping/seed_44/checkpoints/vecnormalize_16000000.pkl,10,0.0,12103.147027122974,2762.3525870533194,787.3,4.4,4.742583721722382
coarse,s2_no_shaping,44,17000000,outputs_camera_ready/s2_no_shaping/seed_44/checkpoints/model_17000000.zip,outputs_camera_ready/s2_no_shaping/seed_44/checkpoints/vecnormalize_17000000.pkl,10,0.0,12236.697094798088,3774.4260175326685,804.0,3.5,3.9594140665769735
coarse,s2_no_shaping,44,18000000,outputs_camera_ready/s2_no_shaping/seed_44/checkpoints/model_18000000.zip,outputs_camera_ready/s2_no_shaping/seed_44/checkpoints/vecnormalize_18000000.pkl,10,0.0,11115.495850981772,3017.465368295893,725.2,3.8,4.390744356305523
coarse,s2_no_shaping,44,19000000,outputs_camera_ready/s2_no_shaping/seed_44/checkpoints/model_19000000.zip,outputs_camera_ready/s2_no_shaping/seed_44/checkpoints/vecnormalize_19000000.pkl,10,10.0,11311.408907164634,3066.1532313653206,731.3,4.5,5.249984912537222
coarse,s2_no_shaping,44,20000000,outputs_camera_ready/s2_no_shaping/seed_44/checkpoints/model_20000000.zip,outputs_camera_ready/s2_no_shaping/seed_44/checkpoints/vecnormalize_20000000.pkl,10,10.0,11004.00138618946,3079.108445400742,704.1,5.0,5.618542967799164
coarse,s2_no_shaping,44,21000000,outputs_camera_ready/s2_no_shaping/seed_44/checkpoints/model_21000000.zip,outputs_camera_ready/s2_no_shaping/seed_44/checkpoints/vecnormalize_21000000.pkl,10,10.0,12437.842809987069,3368.073374396634,803.8,5.3,5.788548220572523
coarse,s2_no_shaping,44,22000000,outputs_camera_ready/s2_no_shaping/seed_44/checkpoints/model_22000000.zip,outputs_camera_ready/s2_no_shaping/seed_44/checkpoints/vecnormalize_22000000.pkl,10,0.0,13176.503914505243,3093.3151689295923,851.9,5.1,5.7359849090754285
coarse,s2_no_shaping,44,23000000,outputs_camera_ready/s2_no_shaping/seed_44/checkpoints/model_23000000.zip,outputs_camera_ready/s2_no_shaping/seed_44/checkpoints/vecnormalize_23000000.pkl,10,0.0,12131.54177543521,2856.6934197690703,786.3,4.9,5.3183074682103255
coarse,s2_no_shaping,44,24000000,outputs_camera_ready/s2_no_shaping/seed_44/checkpoints/model_24000000.zip,outputs_camera_ready/s2_no_shaping/seed_44/checkpoints/vecnormalize_24000000.pkl,10,30.0,12676.288510859013,3843.2847718208773,815.9,5.8,6.029517201258059
coarse,s2_no_shaping,44,25000000,outputs_camera_ready/s2_no_shaping/seed_44/checkpoints/model_25000000.zip,outputs_camera_ready/s2_no_shaping/seed_44/checkpoints/vecnormalize_25000000.pkl,10,40.0,12911.12485961914,2851.7113484373012,830.8,6.4,6.502023190741896
coarse,s2_no_shaping,44,26000000,outputs_camera_ready/s2_no_shaping/seed_44/checkpoints/model_26000000.zip,outputs_camera_ready/s2_no_shaping/seed_44/checkpoints/vecnormalize_26000000.pkl,10,40.0,10813.074234873056,4867.666006664871,688.8,6.0,6.160119549628253
coarse,s2_no_shaping,44,27000000,outputs_camera_ready/s2_no_shaping/seed_44/checkpoints/model_27000000.zip,outputs_camera_ready/s2_no_shaping/seed_44/checkpoints/vecnormalize_27000000.pkl,10,70.0,14337.311337321997,3068.6061897412915,920.5,7.2,7.452787224736518
coarse,s2_no_shaping,44,28000000,outputs_camera_ready/s2_no_shaping/seed_44/checkpoints/model_28000000.zip,outputs_camera_ready/s2_no_shaping/seed_44/checkpoints/vecnormalize_28000000.pkl,10,70.0,13634.312961724401,4218.757993469998,870.3,7.0,7.5284491871461
coarse,s2_no_shaping,44,29000000,outputs_camera_ready/s2_no_shaping/seed_44/checkpoints/model_29000000.zip,outputs_camera_ready/s2_no_shaping/seed_44/checkpoints/vecnormalize_29000000.pkl,10,90.0,15662.447721767425,135.39778997622204,1000.0,7.9,8.642799568649592
coarse,s2_no_shaping,44,30000000,outputs_camera_ready/s2_no_shaping/seed_44/checkpoints/model_30000000.zip,outputs_camera_ready/s2_no_shaping/seed_44/checkpoints/vecnormalize_30000000.pkl,10,80.0,13969.438755574822,3458.666812855694,888.9,7.1,8.123475007018934
refine,s2_no_shaping,44,28000000,outputs_camera_ready/s2_no_shaping/seed_44/checkpoints/model_28000000.zip,outputs_camera_ready/s2_no_shaping/seed_44/checkpoints/vecnormalize_28000000.pkl,20,70.0,13648.61707551647,3625.7128995508497,870.85,7.2,7.71879029242632
refine,s2_no_shaping,44,28250000,outputs_camera_ready/s2_no_shaping/seed_44/checkpoints/model_28250000.zip,outputs_camera_ready/s2_no_shaping/seed_44/checkpoints/vecnormalize_28250000.pkl,20,80.0,14515.456931393594,2632.4488651288584,928.8,7.35,8.022792511102773
refine,s2_no_shaping,44,28500000,outputs_camera_ready/s2_no_shaping/seed_44/checkpoints/model_28500000.zip,outputs_camera_ready/s2_no_shaping/seed_44/checkpoints/vecnormalize_28500000.pkl,20,60.0,13173.843017660827,3367.783745811658,846.7,6.75,7.020973369734726
refine,s2_no_shaping,44,28750000,outputs_camera_ready/s2_no_shaping/seed_44/checkpoints/model_28750000.zip,outputs_camera_ready/s2_no_shaping/seed_44/checkpoints/vecnormalize_28750000.pkl,20,60.0,14325.592283505946,2415.547858625803,915.95,7.15,7.747835184189934
refine,s2_no_shaping,44,29000000,outputs_camera_ready/s2_no_shaping/seed_44/checkpoints/model_29000000.zip,outputs_camera_ready/s2_no_shaping/seed_44/checkpoints/vecnormalize_29000000.pkl,20,70.0,14617.70522223115,2346.4511779989666,936.1,7.3,7.919155848175274
refine,s2_no_shaping,44,29250000,outputs_camera_ready/s2_no_shaping/seed_44/checkpoints/model_29250000.zip,outputs_camera_ready/s2_no_shaping/seed_44/checkpoints/vecnormalize_29250000.pkl,20,50.0,14001.575378775597,2688.5128626801184,898.0,7.05,7.520481032704813
refine,s2_no_shaping,44,29500000,outputs_camera_ready/s2_no_shaping/seed_44/checkpoints/model_29500000.zip,outputs_camera_ready/s2_no_shaping/seed_44/checkpoints/vecnormalize_29500000.pkl,20,70.0,13450.98956412673,3503.377993767545,859.8,6.85,7.51831171533541
refine,s2_no_shaping,44,29750000,outputs_camera_ready/s2_no_shaping/seed_44/checkpoints/model_29750000.zip,outputs_camera_ready/s2_no_shaping/seed_44/checkpoints/vecnormalize_29750000.pkl,20,90.0,14795.450618056953,1967.0071027533027,943.95,7.65,8.43370298586714
refine,s2_no_shaping,44,30000000,outputs_camera_ready/s2_no_shaping/seed_44/checkpoints/model_30000000.zip,outputs_camera_ready/s2_no_shaping/seed_44/checkpoints/vecnormalize_30000000.pkl,20,75.0,13738.390070696176,3452.8340247810543,873.0,7.1,8.108547255293542
coarse,s2_no_shaping,45,1000000,outputs_camera_ready/s2_no_shaping/seed_45/checkpoints/model_1000000.zip,outputs_camera_ready/s2_no_shaping/seed_45/checkpoints/vecnormalize_1000000.pkl,10,0.0,1331.3896287500859,283.18608051627456,93.7,0.0,-0.31941920149936814
coarse,s2_no_shaping,45,2000000,outputs_camera_ready/s2_no_shaping/seed_45/checkpoints/model_2000000.zip,outputs_camera_ready/s2_no_shaping/seed_45/checkpoints/vecnormalize_2000000.pkl,10,0.0,1562.1018013119697,326.2783637721619,102.6,0.0,0.4468280063965113
coarse,s2_no_shaping,45,3000000,outputs_camera_ready/s2_no_shaping/seed_45/checkpoints/model_3000000.zip,outputs_camera_ready/s2_no_shaping/seed_45/checkpoints/vecnormalize_3000000.pkl,10,0.0,1651.112160822749,364.75327463613075,107.6,0.0,0.5849614584150877
coarse,s2_no_shaping,45,4000000,outputs_camera_ready/s2_no_shaping/seed_45/checkpoints/model_4000000.zip,outputs_camera_ready/s2_no_shaping/seed_45/checkpoints/vecnormalize_4000000.pkl,10,0.0,1710.2284880518914,288.93363519987184,108.7,0.0,0.9213929700858404
coarse,s2_no_shaping,45,5000000,outputs_camera_ready/s2_no_shaping/seed_45/checkpoints/model_5000000.zip,outputs_camera_ready/s2_no_shaping/seed_45/checkpoints/vecnormalize_5000000.pkl,10,0.0,2706.51488904953,605.351427324714,167.3,0.6,1.9271697693634262
coarse,s2_no_shaping,45,6000000,outputs_camera_ready/s2_no_shaping/seed_45/checkpoints/model_6000000.zip,outputs_camera_ready/s2_no_shaping/seed_45/checkpoints/vecnormalize_6000000.pkl,10,0.0,4142.123684728145,688.7643125265897,252.6,2.3,3.345193659736938
coarse,s2_no_shaping,45,7000000,outputs_camera_ready/s2_no_shaping/seed_45/checkpoints/model_7000000.zip,outputs_camera_ready/s2_no_shaping/seed_45/checkpoints/vecnormalize_7000000.pkl,10,0.0,5342.399422800541,332.1259273169434,330.6,2.8,3.865948674527959
coarse,s2_no_shaping,45,8000000,outputs_camera_ready/s2_no_shaping/seed_45/checkpoints/model_8000000.zip,outputs_camera_ready/s2_no_shaping/seed_45/checkpoints/vecnormalize_8000000.pkl,10,0.0,6931.136504304409,1072.8710561974929,440.4,2.8,3.80194630380254
coarse,s2_no_shaping,45,9000000,outputs_camera_ready/s2_no_shaping/seed_45/checkpoints/model_9000000.zip,outputs_camera_ready/s2_no_shaping/seed_45/checkpoints/vecnormalize_9000000.pkl,10,0.0,7513.463306304812,549.6457438336491,477.9,3.2,4.126013414005145
coarse,s2_no_shaping,45,10000000,outputs_camera_ready/s2_no_shaping/seed_45/checkpoints/model_10000000.zip,outputs_camera_ready/s2_no_shaping/seed_45/checkpoints/vecnormalize_10000000.pkl,10,0.0,7825.263130371272,615.2341555053127,504.2,2.4,3.6567244381866644
coarse,s2_no_shaping,45,11000000,outputs_camera_ready/s2_no_shaping/seed_45/checkpoints/model_11000000.zip,outputs_camera_ready/s2_no_shaping/seed_45/checkpoints/vecnormalize_11000000.pkl,10,0.0,10580.834279608727,1591.980661913102,686.6,3.7,4.555031917529767
coarse,s2_no_shaping,45,12000000,outputs_camera_ready/s2_no_shaping/seed_45/checkpoints/model_12000000.zip,outputs_camera_ready/s2_no_shaping/seed_45/checkpoints/vecnormalize_12000000.pkl,10,0.0,10519.60616612658,1687.7721901771208,681.6,3.6,4.537850701610664
coarse,s2_no_shaping,45,13000000,outputs_camera_ready/s2_no_shaping/seed_45/checkpoints/model_13000000.zip,outputs_camera_ready/s2_no_shaping/seed_45/checkpoints/vecnormalize_13000000.pkl,10,10.0,13400.64591936171,2062.7254385365122,871.5,4.6,5.177885121292198
coarse,s2_no_shaping,45,14000000,outputs_camera_ready/s2_no_shaping/seed_45/checkpoints/model_14000000.zip,outputs_camera_ready/s2_no_shaping/seed_45/checkpoints/vecnormalize_14000000.pkl,10,0.0,12889.19882338047,2810.3942760209766,834.9,4.7,5.248265601551598
coarse,s2_no_shaping,45,15000000,outputs_camera_ready/s2_no_shaping/seed_45/checkpoints/model_15000000.zip,outputs_camera_ready/s2_no_shaping/seed_45/checkpoints/vecnormalize_15000000.pkl,10,0.0,12572.699931505322,2573.6699683471275,825.1,3.4,4.194027024956732
coarse,s2_no_shaping,45,16000000,outputs_camera_ready/s2_no_shaping/seed_45/checkpoints/model_16000000.zip,outputs_camera_ready/s2_no_shaping/seed_45/checkpoints/vecnormalize_16000000.pkl,10,0.0,12949.608408528566,2126.461131091273,849.8,3.6,4.364347821528445
coarse,s2_no_shaping,45,17000000,outputs_camera_ready/s2_no_shaping/seed_45/checkpoints/model_17000000.zip,outputs_camera_ready/s2_no_shaping/seed_45/checkpoints/vecnormalize_17000000.pkl,10,0.0,12637.354287916422,2760.8018999774895,823.7,4.2,4.880476440118743
coarse,s2_no_shaping,45,18000000,outputs_camera_ready/s2_no_shaping/seed_45/checkpoints/model_18000000.zip,outputs_camera_ready/s2_no_shaping/seed_45/checkpoints/vecnormalize_18000000.pkl,10,0.0,13130.614575077594,2531.035953183345,853.3,4.9,5.460695840565398
coarse,s2_no_shaping,45,19000000,outputs_camera_ready/s2_no_shaping/seed_45/checkpoints/model_19000000.zip,outputs_camera_ready/s2_no_shaping/seed_45/checkpoints/vecnormalize_19000000.pkl,10,0.0,11855.386719816923,3165.6209783585523,772.2,4.1,4.8612704466857215
coarse,s2_no_shaping,45,20000000,outputs_camera_ready/s2_no_shaping/seed_45/checkpoints/model_20000000.zip,outputs_camera_ready/s2_no_shaping/seed_45/checkpoints/vecnormalize_20000000.pkl,10,0.0,14545.838174462318,1409.420591736264,952.0,5.0,5.4973244842632
coarse,s2_no_shaping,45,21000000,outputs_camera_ready/s2_no_shaping/seed_45/checkpoints/model_21000000.zip,outputs_camera_ready/s2_no_shaping/seed_45/checkpoints/vecnormalize_21000000.pkl,10,0.0,13285.874756765366,3250.287557902235,864.5,4.9,5.355979223361652
coarse,s2_no_shaping,45,22000000,outputs_camera_ready/s2_no_shaping/seed_45/checkpoints/model_22000000.zip,outputs_camera_ready/s2_no_shaping/seed_45/checkpoints/vecnormalize_22000000.pkl,10,0.0,14117.941027918458,2256.054995406803,928.8,4.0,4.7323736680651844
coarse,s2_no_shaping,45,23000000,outputs_camera_ready/s2_no_shaping/seed_45/checkpoints/model_23000000.zip,outputs_camera_ready/s2_no_shaping/seed_45/checkpoints/vecnormalize_23000000.pkl,10,0.0,13439.496653921902,2553.308162627712,875.4,4.4,5.059452949422006
coarse,s2_no_shaping,45,24000000,outputs_camera_ready/s2_no_shaping/seed_45/checkpoints/model_24000000.zip,outputs_camera_ready/s2_no_shaping/seed_45/checkpoints/vecnormalize_24000000.pkl,10,0.0,14089.199250197411,2405.38328764418,920.3,4.1,4.917471615103951
coarse,s2_no_shaping,45,25000000,outputs_camera_ready/s2_no_shaping/seed_45/checkpoints/model_25000000.zip,outputs_camera_ready/s2_no_shaping/seed_45/checkpoints/vecnormalize_25000000.pkl,10,0.0,15330.076650810242,49.54535208681764,1000.0,5.3,5.81677701111453
coarse,s2_no_shaping,45,26000000,outputs_camera_ready/s2_no_shaping/seed_45/checkpoints/model_26000000.zip,outputs_camera_ready/s2_no_shaping/seed_45/checkpoints/vecnormalize_26000000.pkl,10,0.0,15166.232248592376,951.0732817207437,979.1,6.2,6.449679506729095
coarse,s2_no_shaping,45,27000000,outputs_camera_ready/s2_no_shaping/seed_45/checkpoints/model_27000000.zip,outputs_camera_ready/s2_no_shaping/seed_45/checkpoints/vecnormalize_27000000.pkl,10,0.0,14945.022568422555,1138.590785578372,967.4,6.3,6.67150339315954
coarse,s2_no_shaping,45,28000000,outputs_camera_ready/s2_no_shaping/seed_45/checkpoints/model_28000000.zip,outputs_camera_ready/s2_no_shaping/seed_45/checkpoints/vecnormalize_28000000.pkl,10,0.0,14944.095911061764,1002.084619769471,968.6,6.3,6.585726823915685
coarse,s2_no_shaping,45,29000000,outputs_camera_ready/s2_no_shaping/seed_45/checkpoints/model_29000000.zip,outputs_camera_ready/s2_no_shaping/seed_45/checkpoints/vecnormalize_29000000.pkl,10,70.0,15602.93898859024,55.601514302598645,1000.0,7.7,7.720526608759488
coarse,s2_no_shaping,45,30000000,outputs_camera_ready/s2_no_shaping/seed_45/checkpoints/model_30000000.zip,outputs_camera_ready/s2_no_shaping/seed_45/checkpoints/vecnormalize_30000000.pkl,10,90.0,15433.11187865734,406.6605512198982,988.9,7.9,8.184028774804592
refine,s2_no_shaping,45,29000000,outputs_camera_ready/s2_no_shaping/seed_45/checkpoints/model_29000000.zip,outputs_camera_ready/s2_no_shaping/seed_45/checkpoints/vecnormalize_29000000.pkl,20,70.0,15509.785734975338,444.56557232852464,993.5,7.7,7.789235463374871
refine,s2_no_shaping,45,29250000,outputs_camera_ready/s2_no_shaping/seed_45/checkpoints/model_29250000.zip,outputs_camera_ready/s2_no_shaping/seed_45/checkpoints/vecnormalize_29250000.pkl,20,80.0,15572.765278577805,57.008008827529856,1000.0,7.8,7.9166870672859035
refine,s2_no_shaping,45,29500000,outputs_camera_ready/s2_no_shaping/seed_45/checkpoints/model_29500000.zip,outputs_camera_ready/s2_no_shaping/seed_45/checkpoints/vecnormalize_29500000.pkl,20,65.0,14853.063767451047,1978.016443927206,956.0,7.35,7.437114362622014
refine,s2_no_shaping,45,29750000,outputs_camera_ready/s2_no_shaping/seed_45/checkpoints/model_29750000.zip,outputs_camera_ready/s2_no_shaping/seed_45/checkpoints/vecnormalize_29750000.pkl,20,85.0,15547.635048413276,181.03406403439104,997.45,7.85,8.002761984870043
refine,s2_no_shaping,45,30000000,outputs_camera_ready/s2_no_shaping/seed_45/checkpoints/model_30000000.zip,outputs_camera_ready/s2_no_shaping/seed_45/checkpoints/vecnormalize_30000000.pkl,20,90.0,15523.24680160284,314.7292629566931,994.45,7.85,8.207089937936223
coarse,s2_no_shaping,46,1000000,outputs_camera_ready/s2_no_shaping/seed_46/checkpoints/model_1000000.zip,outputs_camera_ready/s2_no_shaping/seed_46/checkpoints/vecnormalize_1000000.pkl,10,0.0,1245.0067328352482,56.87720777301708,84.5,0.0,0.07153970086029822
coarse,s2_no_shaping,46,2000000,outputs_camera_ready/s2_no_shaping/seed_46/checkpoints/model_2000000.zip,outputs_camera_ready/s2_no_shaping/seed_46/checkpoints/vecnormalize_2000000.pkl,10,0.0,1635.3738329067826,437.6709267334934,111.5,0.0,0.0016395732333737672
coarse,s2_no_shaping,46,3000000,outputs_camera_ready/s2_no_shaping/seed_46/checkpoints/model_3000000.zip,outputs_camera_ready/s2_no_shaping/seed_46/checkpoints/vecnormalize_3000000.pkl,10,0.0,1509.3098647356032,191.26516410598182,102.0,0.0,0.16876265660989134
coarse,s2_no_shaping,46,4000000,outputs_camera_ready/s2_no_shaping/seed_46/checkpoints/model_4000000.zip,outputs_camera_ready/s2_no_shaping/seed_46/checkpoints/vecnormalize_4000000.pkl,10,0.0,2120.5235244870187,302.44901611210116,136.7,0.0,0.8773245582985639
coarse,s2_no_shaping,46,5000000,outputs_camera_ready/s2_no_shaping/seed_46/checkpoints/model_5000000.zip,outputs_camera_ready/s2_no_shaping/seed_46/checkpoints/vecnormalize_5000000.pkl,10,0.0,2385.6517320752146,332.74339010426473,151.2,0.0,1.2948568260817643
coarse,s2_no_shaping,46,6000000,outputs_camera_ready/s2_no_shaping/seed_46/checkpoints/model_6000000.zip,outputs_camera_ready/s2_no_shaping/seed_46/checkpoints/vecnormalize_6000000.pkl,10,0.0,3338.1875611066816,764.5408915945186,209.2,0.7,2.07001437687258
coarse,s2_no_shaping,46,7000000,outputs_camera_ready/s2_no_shaping/seed_46/checkpoints/model_7000000.zip,outputs_camera_ready/s2_no_shaping/seed_46/checkpoints/vecnormalize_7000000.pkl,10,0.0,4970.642247807979,531.2045235349805,309.5,2.0,3.3085642007349483
coarse,s2_no_shaping,46,8000000,outputs_camera_ready/s2_no_shaping/seed_46/checkpoints/model_8000000.zip,outputs_camera_ready/s2_no_shaping/seed_46/checkpoints/vecnormalize_8000000.pkl,10,0.0,5361.539317739755,2045.5448814390668,344.7,1.6,2.349508997991508
coarse,s2_no_shaping,46,9000000,outputs_camera_ready/s2_no_shaping/seed_46/checkpoints/model_9000000.zip,outputs_camera_ready/s2_no_shaping/seed_46/checkpoints/vecnormalize_9000000.pkl,10,0.0,7286.946730667352,1209.6545007885816,474.7,1.7,2.6297027912597732
coarse,s2_no_shaping,46,10000000,outputs_camera_ready/s2_no_shaping/seed_46/checkpoints/model_10000000.zip,outputs_camera_ready/s2_no_shaping/seed_46/checkpoints/vecnormalize_10000000.pkl,10,0.0,8406.535732147098,2365.000256497534,550.4,2.1,2.8541583369058436
coarse,s2_no_shaping,46,11000000,outputs_camera_ready/s2_no_shaping/seed_46/checkpoints/model_11000000.zip,outputs_camera_ready/s2_no_shaping/seed_46/checkpoints/vecnormalize_11000000.pkl,10,0.0,8608.048080533743,1408.1973107532654,553.0,3.3,4.072526567665572
coarse,s2_no_shaping,46,12000000,outputs_camera_ready/s2_no_shaping/seed_46/checkpoints/model_12000000.zip,outputs_camera_ready/s2_no_shaping/seed_46/checkpoints/vecnormalize_12000000.pkl,10,0.0,6917.266678452492,3386.9778134192434,439.1,3.1,3.817990709483957
coarse,s2_no_shaping,46,13000000,outputs_camera_ready/s2_no_shaping/seed_46/checkpoints/model_13000000.zip,outputs_camera_ready/s2_no_shaping/seed_46/checkpoints/vecnormalize_13000000.pkl,10,0.0,8561.286806524546,3703.0524155654184,552.6,3.3,3.7514781200738563
coarse,s2_no_shaping,46,14000000,outputs_camera_ready/s2_no_shaping/seed_46/checkpoints/model_14000000.zip,outputs_camera_ready/s2_no_shaping/seed_46/checkpoints/vecnormalize_14000000.pkl,10,0.0,6672.763598453998,2670.1122008734433,421.4,3.2,3.889456251337897
coarse,s2_no_shaping,46,15000000,outputs_camera_ready/s2_no_shaping/seed_46/checkpoints/model_15000000.zip,outputs_camera_ready/s2_no_shaping/seed_46/checkpoints/vecnormalize_15000000.pkl,10,0.0,7180.642723476887,3342.2734492902528,456.7,3.0,3.881975140583337
coarse,s2_no_shaping,46,16000000,outputs_camera_ready/s2_no_shaping/seed_46/checkpoints/model_16000000.zip,outputs_camera_ready/s2_no_shaping/seed_46/checkpoints/vecnormalize_16000000.pkl,10,0.0,6612.164548921585,1430.3696156650506,411.6,3.7,4.600362372148171
coarse,s2_no_shaping,46,17000000,outputs_camera_ready/s2_no_shaping/seed_46/checkpoints/model_17000000.zip,outputs_camera_ready/s2_no_shaping/seed_46/checkpoints/vecnormalize_17000000.pkl,10,10.0,8088.903309154511,2446.5501878893,514.2,4.0,4.529408644049747
coarse,s2_no_shaping,46,18000000,outputs_camera_ready/s2_no_shaping/seed_46/checkpoints/model_18000000.zip,outputs_camera_ready/s2_no_shaping/seed_46/checkpoints/vecnormalize_18000000.pkl,10,10.0,11526.468845033645,3474.7634763607634,741.1,5.4,5.812819788808429
coarse,s2_no_shaping,46,19000000,outputs_camera_ready/s2_no_shaping/seed_46/checkpoints/model_19000000.zip,outputs_camera_ready/s2_no_shaping/seed_46/checkpoints/vecnormalize_19000000.pkl,10,0.0,11653.204617895186,3731.919002856378,751.1,4.9,5.527645623867595
coarse,s2_no_shaping,46,20000000,outputs_camera_ready/s2_no_shaping/seed_46/checkpoints/model_20000000.zip,outputs_camera_ready/s2_no_shaping/seed_46/checkpoints/vecnormalize_20000000.pkl,10,10.0,9750.526279845693,2929.729092838376,622.6,4.7,5.18011890708621
coarse,s2_no_shaping,46,21000000,outputs_camera_ready/s2_no_shaping/seed_46/checkpoints/model_21000000.zip,outputs_camera_ready/s2_no_shaping/seed_46/checkpoints/vecnormalize_21000000.pkl,10,30.0,10959.876802802086,4691.852218727397,698.4,5.5,5.974544475867527
coarse,s2_no_shaping,46,22000000,outputs_camera_ready/s2_no_shaping/seed_46/checkpoints/model_22000000.zip,outputs_camera_ready/s2_no_shaping/seed_46/checkpoints/vecnormalize_22000000.pkl,10,20.0,8666.951911473274,2973.983998616812,541.9,5.2,5.7807738224896905
coarse,s2_no_shaping,46,23000000,outputs_camera_ready/s2_no_shaping/seed_46/checkpoints/model_23000000.zip,outputs_camera_ready/s2_no_shaping/seed_46/checkpoints/vecnormalize_23000000.pkl,10,10.0,7545.041201929003,3147.8408656143433,475.1,4.3,4.680313461675215
coarse,s2_no_shaping,46,24000000,outputs_camera_ready/s2_no_shaping/seed_46/checkpoints/model_24000000.zip,outputs_camera_ready/s2_no_shaping/seed_46/checkpoints/vecnormalize_24000000.pkl,10,20.0,10506.32198310867,3508.3607681412964,668.5,5.4,5.773451959111087
coarse,s2_no_shaping,46,25000000,outputs_camera_ready/s2_no_shaping/seed_46/checkpoints/model_25000000.zip,outputs_camera_ready/s2_no_shaping/seed_46/checkpoints/vecnormalize_25000000.pkl,10,50.0,11905.076610517503,3702.084192230245,751.7,6.4,7.004411878033137
coarse,s2_no_shaping,46,26000000,outputs_camera_ready/s2_no_shaping/seed_46/checkpoints/model_26000000.zip,outputs_camera_ready/s2_no_shaping/seed_46/checkpoints/vecnormalize_26000000.pkl,10,70.0,13073.477621150018,3422.648457126785,823.3,7.2,7.960332454887376
coarse,s2_no_shaping,46,27000000,outputs_camera_ready/s2_no_shaping/seed_46/checkpoints/model_27000000.zip,outputs_camera_ready/s2_no_shaping/seed_46/checkpoints/vecnormalize_27000000.pkl,10,50.0,13536.9517706573,2728.5251995190847,856.2,7.2,7.803070198653136
coarse,s2_no_shaping,46,28000000,outputs_camera_ready/s2_no_shaping/seed_46/checkpoints/model_28000000.zip,outputs_camera_ready/s2_no_shaping/seed_46/checkpoints/vecnormalize_28000000.pkl,10,100.0,15654.946444916724,656.3269697662917,982.9,8.0,9.813081531621654
coarse,s2_no_shaping,46,29000000,outputs_camera_ready/s2_no_shaping/seed_46/checkpoints/model_29000000.zip,outputs_camera_ready/s2_no_shaping/seed_46/checkpoints/vecnormalize_29000000.pkl,10,100.0,15376.239421188831,1514.2574480923688,960.7,8.0,10.322729326642287
coarse,s2_no_shaping,46,30000000,outputs_camera_ready/s2_no_shaping/seed_46/checkpoints/model_30000000.zip,outputs_camera_ready/s2_no_shaping/seed_46/checkpoints/vecnormalize_30000000.pkl,10,100.0,15633.205623340607,1120.318929553882,975.4,8.0,10.32589870626845
refine,s2_no_shaping,46,29000000,outputs_camera_ready/s2_no_shaping/seed_46/checkpoints/model_29000000.zip,outputs_camera_ready/s2_no_shaping/seed_46/checkpoints/vecnormalize_29000000.pkl,20,90.0,14873.213220591842,1958.8027947017426,932.05,7.9,9.765353593093755
refine,s2_no_shaping,46,29250000,outputs_camera_ready/s2_no_shaping/seed_46/checkpoints/model_29250000.zip,outputs_camera_ready/s2_no_shaping/seed_46/checkpoints/vecnormalize_29250000.pkl,20,75.0,13001.681868472695,4110.86953936917,809.55,7.0,8.902194131164794
refine,s2_no_shaping,46,29500000,outputs_camera_ready/s2_no_shaping/seed_46/checkpoints/model_29500000.zip,outputs_camera_ready/s2_no_shaping/seed_46/checkpoints/vecnormalize_29500000.pkl,20,65.0,11973.719079083205,3848.0638209861154,746.1,6.75,8.133717184519027
refine,s2_no_shaping,46,29750000,outputs_camera_ready/s2_no_shaping/seed_46/checkpoints/model_29750000.zip,outputs_camera_ready/s2_no_shaping/seed_46/checkpoints/vecnormalize_29750000.pkl,20,85.0,13961.880719351768,3133.4797307351037,874.55,7.45,8.96582402228234
refine,s2_no_shaping,46,30000000,outputs_camera_ready/s2_no_shaping/seed_46/checkpoints/model_30000000.zip,outputs_camera_ready/s2_no_shaping/seed_46/checkpoints/vecnormalize_30000000.pkl,20,90.0,14814.990713644027,2468.5339726893444,920.5,7.85,10.289449257378884
